Protocollo;Gruppo;DataOraIncidente;Localizzazione1;STRADA1;Localizzazione2;STRADA2;Strada02;Chilometrica;DaSpecificare;NaturaIncidente;particolaritastrade;TipoStrada;FondoStradale;Pavimentazione;Segnaletica;CondizioneAtmosferica;Traffico;Visibilita;Illuminazione;NUM_FERITI;NUM_RISERVATA;NUM_MORTI;NUM_ILLESI;Longitude;Latitude;Confermato;Progressivo;TipoVeicolo;StatoVeicolo;TipoPersona;Sesso;Tipolesione;Deceduto;DecedutoDopo;CinturaCascoUtilizzato;Airbag;
6038577;11;05/07/2022 11:50:00;Strada Urbana;VIALE FERDINANDO BALDELLI;all'intersezione semaforizzata con;VIALE DI S. PAOLO;VIALE DI S. PAOLO;;;Scontro frontale/laterale DX fra veicoli in marcia;Intersezione semaforizzata;Due carreggiate;Asciutto;Asfaltata;Verticale ed orizzontale;Sereno;Normale;Buona;;1;0;0;3;12.474;41.8572;-1;1;Autovettura privata;In marcia / fermata / arresto;Passeggero;M;Illeso;0;;;
6038577;11;05/07/2022 11:50:00;Strada Urbana;VIALE FERDINANDO BALDELLI;all'intersezione semaforizzata con;VIALE DI S. PAOLO;VIALE DI S. PAOLO;;;Scontro frontale/laterale DX fra veicoli in marcia;Intersezione semaforizzata;Due carreggiate;Asciutto;Asfaltata;Verticale ed orizzontale;Sereno;Normale;Buona;;1;0;0;3;12.474;41.8572;-1;2;Motociclo a solo;In marcia / fermata / arresto;Conducente;M;Rimandato;0;NON DECEDUTO;;
6038579;8;05/07/2022 08:45:00;Strada Urbana;VIA CASILINA;da specificare;;;;50 m. prima di via P. BELON direzione Roma centro;Scontro laterale fra veicoli in marcia;Rettilineo;Una carreggiata a doppio senso;Asciutto;Asfaltata;Verticale ed orizzontale;Sereno;Normale;Buona;;0;0;0;2;12.6212;41.8626;-1;1;Autovettura privata;In marcia / fermata / arresto;Conducente;F;Illeso;0;;;
6038579;8;05/07/2022 08:45:00;Strada Urbana;VIA CASILINA;da specificare;;;;50 m. prima di via P. BELON direzione Roma centro;Scontro laterale fra veicoli in marcia;Rettilineo;Una carreggiata a doppio senso;Asciutto;Asfaltata;Verticale ed orizzontale;Sereno;Normale;Buona;;0;0;0;2;12.6212;41.8626;-1;2;Autocarro superiore 35 q.;In marcia / fermata / arresto;Conducente;M;Illeso;0;;;
6038581;8;05/07/2022 15:00:00;Strada Urbana;VIA DELL'AQUILA REALE;in prossimit�;;del civico n.;60;;Veicolo in marcia contro ostacolo fisso;Rettilineo;Una carreggiata a doppio senso;Asciutto;Asfaltata;Assente;Sereno;Scarso;Buona;;0;0;0;1;12.5958;41.8637;-1;1;Autocarro inferiore 35 q.;In marcia / fermata / arresto;Conducente;M;Illeso;0;;;
6038586;8;05/07/2022 15:30:00;Strada Urbana;VIALE GUIDO CARLI;da specificare;;;;alt. palo luce 48 Universit� Tor Vergata Q5 circ.3;Veicolo in marcia contro ostacolo accidentale;Rotatoria;Una carreggiata a senso unico di marcia;Viscido da liquidi oleosi;Asfaltata;Orizzontale;Sereno;Scarso;Buona;;1;0;0;0;12.647;41.8432;-1;1;Motociclo a solo;In marcia / fermata / arresto;Conducente;M;Rifiuta cure immediate;0;NON DECEDUTO;Non accertato;
6038590;8;05/07/2022 15:40:00;Strada Urbana;VIALE FRANCESCO CALTAGIRONE;all'intersezione con;PIAZZA LORENZO NOTTOLINI;PIAZZA LORENZO NOTTOLINI;;;Scontro laterale fra veicoli in marcia;Rotatoria;Una carreggiata a senso unico di marcia;Asciutto;Asfaltata;Verticale ed orizzontale;Sereno;Normale;Buona;;0;0;0;3;12.6547;41.9093;-1;1;Autovettura privata;In marcia / fermata / arresto;Conducente;M;Illeso;0;;Non accertato;Inesploso
6038590;8;05/07/2022 15:40:00;Strada Urbana;VIALE FRANCESCO CALTAGIRONE;all'intersezione con;PIAZZA LORENZO NOTTOLINI;PIAZZA LORENZO NOTTOLINI;;;Scontro laterale fra veicoli in marcia;Rotatoria;Una carreggiata a senso unico di marcia;Asciutto;Asfaltata;Verticale ed orizzontale;Sereno;Normale;Buona;;0;0;0;3;12.6547;41.9093;-1;1;Autovettura privata;In marcia / fermata / arresto;Passeggero;F;Illeso;0;;Non accertato;Inesploso
6038590;8;05/07/2022 15:40:00;Strada Urbana;VIALE FRANCESCO CALTAGIRONE;all'intersezione con;PIAZZA LORENZO NOTTOLINI;PIAZZA LORENZO NOTTOLINI;;;Scontro laterale fra veicoli in marcia;Rotatoria;Una carreggiata a senso unico di marcia;Asciutto;Asfaltata;Verticale ed orizzontale;Sereno;Normale;Buona;;0;0;0;3;12.6547;41.9093;-1;2;Autovettura privata;In marcia / fermata / arresto;Conducente;F;Illeso;0;;Non accertato;Inesploso
6038591;8;05/07/2022 18:30:00;Strada Urbana;VIALE DELLA SORBONA;in prossimit�;;del palo luce n.;122;;Veicolo in marcia contro ostacolo fisso;Rettilineo;Due carreggiate;Asciutto;Asfaltata;Orizzontale;Sereno;Normale;Buona;;0;0;0;2;12.612;41.8546;-1;1;Autovettura privata;In marcia / fermata / arresto;Conducente;M;Illeso;0;;Non accertato;Inesploso
6038591;8;05/07/2022 18:30:00;Strada Urbana;VIALE DELLA SORBONA;in prossimit�;;del palo luce n.;122;;Veicolo in marcia contro ostacolo fisso;Rettilineo;Due carreggiate;Asciutto;Asfaltata;Orizzontale;Sereno;Normale;Buona;;0;0;0;2;12.612;41.8546;-1;1;Autovettura privata;In marcia / fermata / arresto;Passeggero;M;Illeso;0;;Non accertato;Inesploso
6038602;12;05/07/2022 16:50:00;Strada Urbana;PIAZZA GUGLIELMO MARCONI;in corrispondenza;;del civico n.;26 ter;;Veicolo in marcia contro veicoli in sosta;Rettilineo;Una carreggiata a doppio senso;Asciutto;Asfaltata;Verticale ed orizzontale;Sereno;Scarso;Buona;;0;0;0;1;12.4701;41.8346;-1;1;Autovettura privata;In marcia / fermata / arresto;Conducente;M;Illeso;0;;Non accertato;Inesploso
6038602;12;05/07/2022 16:50:00;Strada Urbana;PIAZZA GUGLIELMO MARCONI;in corrispondenza;;del civico n.;26 ter;;Veicolo in marcia contro veicoli in sosta;Rettilineo;Una carreggiata a doppio senso;Asciutto;Asfaltata;Verticale ed orizzontale;Sereno;Scarso;Buona;;0;0;0;1;12.4701;41.8346;-1;2;Autovettura privata;Sosta;;;;;;;
6038602;12;05/07/2022 16:50:00;Strada Urbana;PIAZZA GUGLIELMO MARCONI;in corrispondenza;;del civico n.;26 ter;;Veicolo in marcia contro veicoli in sosta;Rettilineo;Una carreggiata a doppio senso;Asciutto;Asfaltata;Verticale ed orizzontale;Sereno;Scarso;Buona;;0;0;0;1;12.4701;41.8346;-1;3;Autovettura privata;Sosta;;;;;;;
6038615;11;05/07/2022 17:55:00;Strada Urbana;VIA CAPITAN BAVASTRO;all'intersezione con;VIA FERNANDO COLOMBO;VIA FERNANDO COLOMBO;;;Tamponamento;Incrocio;Due carreggiate;Asciutto;Asfaltata;Verticale ed orizzontale;Sereno;Normale;Buona;;0;0;0;2;12.496;41.8691;-1;1;Autovettura privata;In marcia / fermata / arresto;Conducente;M;Illeso;0;;;
6038615;11;05/07/2022 17:55:00;Strada Urbana;VIA CAPITAN BAVASTRO;all'intersezione con;VIA FERNANDO COLOMBO;VIA FERNANDO COLOMBO;;;Tamponamento;Incrocio;Due carreggiate;Asciutto;Asfaltata;Verticale ed orizzontale;Sereno;Normale;Buona;;0;0;0;2;12.496;41.8691;-1;2;Autovettura privata;In marcia / fermata / arresto;Conducente;F;Illeso;0;;;
6038625;20;05/07/2022 16:55:00;Strada Urbana;VIALE DI TOR DI QUINTO;in prossimit�;;del civico n.;64;;Tamponamento;Rettilineo;Una carreggiata a doppio senso;Asciutto;Asfaltata;Verticale ed orizzontale;Sereno;Normale;Buona;;0;0;0;2;12.4786;41.9384;-1;1;Autovettura privata;In marcia / fermata / arresto;Conducente;M;Illeso;0;;;
6038625;20;05/07/2022 16:55:00;Strada Urbana;VIALE DI TOR DI QUINTO;in prossimit�;;del civico n.;64;;Tamponamento;Rettilineo;Una carreggiata a doppio senso;Asciutto;Asfaltata;Verticale ed orizzontale;Sereno;Normale;Buona;;0;0;0;2;12.4786;41.9384;-1;2;Autovettura privata;In marcia / fermata / arresto;Conducente;M;Illeso;0;;;
6038631;20;05/07/2022 08:35:00;Strada Urbana;VIA FLAMINIA;in prossimit�;;del civico n.;1179/f;;Scontro frontale/laterale SX fra veicoli in marcia;Rettilineo;Una carreggiata a doppio senso;Asciutto;Asfaltata;Verticale ed orizzontale;Sereno;Normale;Buona;;1;0;0;1;12.4843;41.9537;-1;1;Autocarro inferiore 35 q.;In marcia / fermata / arresto;Conducente;M;Illeso;0;;Non accertato;Inesploso
6038631;20;05/07/2022 08:35:00;Strada Urbana;VIA FLAMINIA;in prossimit�;;del civico n.;1179/f;;Scontro frontale/laterale SX fra veicoli in marcia;Rettilineo;Una carreggiata a doppio senso;Asciutto;Asfaltata;Verticale ed orizzontale;Sereno;Normale;Buona;;1;0;0;1;12.4843;41.9537;-1;2;Monopattino elettrico;In marcia / fermata / arresto;Conducente;M;Rimandato;0;NON DECEDUTO;Non accertato;Inesistente
6038648;5;05/07/2022 07:45:00;Strada Urbana;VIA DI PORTONACCIO;in prossimit�;;del civico n.;156;;Infortunio per sola frenata improvvisa;Rettilineo;Due carreggiate;Asciutto;Asfaltata;Verticale ed orizzontale;Sereno;Intenso;Sufficiente;;1;0;0;1;12.5383;41.8985;-1;1;Motociclo a solo;In marcia / fermata / arresto;Conducente;M;Rimandato;0;NON DECEDUTO;;
6038648;5;05/07/2022 07:45:00;Strada Urbana;VIA DI PORTONACCIO;in prossimit�;;del civico n.;156;;Infortunio per sola frenata improvvisa;Rettilineo;Due carreggiate;Asciutto;Asfaltata;Verticale ed orizzontale;Sereno;Intenso;Sufficiente;;1;0;0;1;12.5383;41.8985;-1;2;Autovettura privata;In marcia / fermata / arresto;Conducente;F;Illeso;0;;;
6038653;6;05/07/2022 23:20:00;Strada Urbana;VIA COLLATINA;all'intersezione con;VIA CHERSO;VIA CHERSO;;;Scontro frontale/laterale DX fra veicoli in marcia;Incrocio;Una carreggiata a doppio senso;Asciutto;Asfaltata;Verticale ed orizzontale;Sereno;Scarso;Buona;;3;0;0;2;12.5589;41.8959;-1;1;Autovettura privata;In marcia / fermata / arresto;Conducente;M;Illeso;0;;Non accertato;Esploso
6038653;6;05/07/2022 23:20:00;Strada Urbana;VIA COLLATINA;all'intersezione con;VIA CHERSO;VIA CHERSO;;;Scontro frontale/laterale DX fra veicoli in marcia;Incrocio;Una carreggiata a doppio senso;Asciutto;Asfaltata;Verticale ed orizzontale;Sereno;Scarso;Buona;;3;0;0;2;12.5589;41.8959;-1;2;Autovettura privata;In marcia / fermata / arresto;Conducente;F;Rifiuta cure immediate;0;NON DECEDUTO;Non accertato;Inesploso
6038653;6;05/07/2022 23:20:00;Strada Urbana;VIA COLLATINA;all'intersezione con;VIA CHERSO;VIA CHERSO;;;Scontro frontale/laterale DX fra veicoli in marcia;Incrocio;Una carreggiata a doppio senso;Asciutto;Asfaltata;Verticale ed orizzontale;Sereno;Scarso;Buona;;3;0;0;2;12.5589;41.8959;-1;2;Autovettura privata;In marcia / fermata / arresto;Passeggero;F;Illeso;0;;Non accertato;Inesploso
6038653;6;05/07/2022 23:20:00;Strada Urbana;VIA COLLATINA;all'intersezione con;VIA CHERSO;VIA CHERSO;;;Scontro frontale/laterale DX fra veicoli in marcia;Incrocio;Una carreggiata a doppio senso;Asciutto;Asfaltata;Verticale ed orizzontale;Sereno;Scarso;Buona;;3;0;0;2;12.5589;41.8959;-1;2;Autovettura privata;In marcia / fermata / arresto;Passeggero;M;Rifiuta cure immediate;0;NON DECEDUTO;Non accertato;Inesploso
6038653;6;05/07/2022 23:20:00;Strada Urbana;VIA COLLATINA;all'intersezione con;VIA CHERSO;VIA CHERSO;;;Scontro frontale/laterale DX fra veicoli in marcia;Incrocio;Una carreggiata a doppio senso;Asciutto;Asfaltata;Verticale ed orizzontale;Sereno;Scarso;Buona;;3;0;0;2;12.5589;41.8959;-1;2;Autovettura privata;In marcia / fermata / arresto;Passeggero;F;Rifiuta cure immediate;0;NON DECEDUTO;Non accertato;Inesploso
6038669;11;06/07/2022 01:10:00;Strada Urbana;VIALE GUGLIELMO MARCONI;da specificare;;;;fr. v. Caduti senza Croce;Investimento di pedone;Rettilineo;Due carreggiate;Asciutto;Asfaltata;Verticale ed orizzontale;Sereno;Scarso;Buona;;1;0;0;3;12.4743;41.8501;-1;;;;Pedone;M;Rimandato;0;NON DECEDUTO;;
6038669;11;06/07/2022 01:10:00;Strada Urbana;VIALE GUGLIELMO MARCONI;da specificare;;;;fr. v. Caduti senza Croce;Investimento di pedone;Rettilineo;Due carreggiate;Asciutto;Asfaltata;Verticale ed orizzontale;Sereno;Scarso;Buona;;1;0;0;3;12.4743;41.8501;-1;1;Autovettura privata;In marcia / fermata / arresto;Conducente;M;Illeso;0;;Non accertato;Inesploso
6038669;11;06/07/2022 01:10:00;Strada Urbana;VIALE GUGLIELMO MARCONI;da specificare;;;;fr. v. Caduti senza Croce;Investimento di pedone;Rettilineo;Due carreggiate;Asciutto;Asfaltata;Verticale ed orizzontale;Sereno;Scarso;Buona;;1;0;0;3;12.4743;41.8501;-1;1;Autovettura privata;In marcia / fermata / arresto;Passeggero;F;Illeso;0;;Non accertato;Inesploso
6038669;11;06/07/2022 01:10:00;Strada Urbana;VIALE GUGLIELMO MARCONI;da specificare;;;;fr. v. Caduti senza Croce;Investimento di pedone;Rettilineo;Due carreggiate;Asciutto;Asfaltata;Verticale ed orizzontale;Sereno;Scarso;Buona;;1;0;0;3;12.4743;41.8501;-1;1;Autovettura privata;In marcia / fermata / arresto;Passeggero;F;Illeso;0;;Non accertato;Inesploso
6038730;19;05/07/2022 08:15:00;Strada Urbana;VIA TRIONFALE;in prossimit�;;del civico n.;10926;;Tamponamento Multiplo;Rettilineo;Una carreggiata a doppio senso;Asciutto;Asfaltata;Orizzontale;Sereno;Normale;Buona;;0;0;0;3;12.4127;41.9574;-1;1;Autocarro inferiore 35 q.;In marcia / fermata / arresto;Conducente;M;Illeso;0;;;
6038730;19;05/07/2022 08:15:00;Strada Urbana;VIA TRIONFALE;in prossimit�;;del civico n.;10926;;Tamponamento Multiplo;Rettilineo;Una carreggiata a doppio senso;Asciutto;Asfaltata;Orizzontale;Sereno;Normale;Buona;;0;0;0;3;12.4127;41.9574;-1;2;Autovettura privata;In marcia / fermata / arresto;Conducente;F;Illeso;0;;;
6038730;19;05/07/2022 08:15:00;Strada Urbana;VIA TRIONFALE;in prossimit�;;del civico n.;10926;;Tamponamento Multiplo;Rettilineo;Una carreggiata a doppio senso;Asciutto;Asfaltata;Orizzontale;Sereno;Normale;Buona;;0;0;0;3;12.4127;41.9574;-1;3;Autovettura privata;In marcia / fermata / arresto;Conducente;M;Illeso;0;;;
6038755;18;05/07/2022 05:50:00;Strada Urbana;PIAZZA PIO XI;in prossimit�;;del civico n.;21;;Scontro laterale fra veicoli in marcia;Rettilineo;Pi� di due carreggiate;Asciutto;Asfaltata;Verticale ed orizzontale;Sereno;Scarso;Buona;;0;0;0;2;12.4384;41.8944;-1;1;Autocarro inferiore 35 q.;In marcia / fermata / arresto;Conducente;M;Illeso;0;;Non accertato;Inesploso
6038755;18;05/07/2022 05:50:00;Strada Urbana;PIAZZA PIO XI;in prossimit�;;del civico n.;21;;Scontro laterale fra veicoli in marcia;Rettilineo;Pi� di due carreggiate;Asciutto;Asfaltata;Verticale ed orizzontale;Sereno;Scarso;Buona;;0;0;0;2;12.4384;41.8944;-1;2;Autovettura privata;In marcia / fermata / arresto;Conducente;M;Illeso;0;;Non accertato;Inesploso
6038768;10;05/07/2022 13:15:00;Strada Urbana;VIA DEL CASALE FERRANTI;da specificare;;;;prossimit� di Circonvallazione Orientale;Scontro frontale/laterale DX fra veicoli in marcia;Rettilineo;Una carreggiata a doppio senso;Asciutto;Asfaltata;Orizzontale;Sereno;Normale;Buona;;0;0;0;2;12.5829;41.8351;-1;1;Autoarticolato;In marcia / fermata / arresto;Conducente;M;Illeso;0;;Non accertato;Inesploso
6038768;10;05/07/2022 13:15:00;Strada Urbana;VIA DEL CASALE FERRANTI;da specificare;;;;prossimit� di Circonvallazione Orientale;Scontro frontale/laterale DX fra veicoli in marcia;Rettilineo;Una carreggiata a doppio senso;Asciutto;Asfaltata;Orizzontale;Sereno;Normale;Buona;;0;0;0;2;12.5829;41.8351;-1;2;Autovettura privata;In marcia / fermata / arresto;Conducente;F;Illeso;0;;Non accertato;Inesploso
6038770;7;05/07/2022 13:00:00;Strada Urbana;VIA DEL CASALE CALETTO;in prossimit�;;del civico n.;11;;Veicolo in marcia contro ostacolo fisso;Rettilineo;Due carreggiate;Asciutto;Asfaltata;Verticale ed orizzontale;Sereno;Normale;Buona;;0;0;0;1;12.605;41.9197;-1;1;Autobus di linea;In marcia / fermata / arresto;Conducente;M;Illeso;0;;;
6038784;17;05/07/2022 13:45:00;Strada Urbana;VIALE DELLO STADIO OLIMPICO;in prossimit�;;del civico n.;16;;Veicolo in marcia contro ostacolo fisso;Curva a visuale libera;Una carreggiata a senso unico di marcia;Asciutto;Asfaltata;Orizzontale;Sereno;Normale;Buona;;2;0;0;0;12.4538;41.9301;-1;1;Autocarro inferiore 35 q.;In marcia / fermata / arresto;Conducente;M;Rimandato;0;NON DECEDUTO;;
6038784;17;05/07/2022 13:45:00;Strada Urbana;VIALE DELLO STADIO OLIMPICO;in prossimit�;;del civico n.;16;;Veicolo in marcia contro ostacolo fisso;Curva a visuale libera;Una carreggiata a senso unico di marcia;Asciutto;Asfaltata;Orizzontale;Sereno;Normale;Buona;;2;0;0;0;12.4538;41.9301;-1;1;Autocarro inferiore 35 q.;In marcia / fermata / arresto;Passeggero;M;Rimandato;0;NON DECEDUTO;;
6038789;7;06/07/2022 01:20:00;Strada Urbana;VIA DI TOR PIGNATTARA;all'intersezione con;VIA BARTOLINO DA NOVARA;VIA BARTOLINO DA NOVARA;;;Scontro laterale fra veicoli in marcia;Incrocio;Una carreggiata a doppio senso;Asciutto;Asfaltata;Verticale ed orizzontale;Sereno;Normale;Buona;;2;0;0;0;12.5417;41.8769;-1;1;Motociclo a solo;In marcia / fermata / arresto;Conducente;M;Rimandato;0;NON DECEDUTO;;
6038789;7;06/07/2022 01:20:00;Strada Urbana;VIA DI TOR PIGNATTARA;all'intersezione con;VIA BARTOLINO DA NOVARA;VIA BARTOLINO DA NOVARA;;;Scontro laterale fra veicoli in marcia;Incrocio;Una carreggiata a doppio senso;Asciutto;Asfaltata;Verticale ed orizzontale;Sereno;Normale;Buona;;2;0;0;0;12.5417;41.8769;-1;2;Motociclo a solo;In marcia / fermata / arresto;Conducente;M;Rimandato;0;NON DECEDUTO;;
6038793;18;05/07/2022 21:00:00;Strada Urbana;VIA DELLA MAGLIANELLA;in corrispondenza;;del civico n.;191;;Veicolo in marcia contro ostacolo fisso;Rettilineo;Una carreggiata a doppio senso;Asciutto;Asfaltata;Verticale ed orizzontale;Sereno;Normale;Buona;;0;0;0;1;12.3807;41.9027;-1;1;Autovettura privata;In marcia / fermata / arresto;Conducente;M;Illeso;0;;;
6038794;5;05/07/2022 09:00:00;Strada Urbana;VIALE ALTIERO SPINELLI;da specificare;;;;altezza ingresso stazione;Scontro frontale fra veicoli in marcia;Rettilineo;Una carreggiata a doppio senso;Asciutto;Asfaltata;Orizzontale;Sereno;Scarso;Buona;;0;0;0;3;12.5316;41.9125;-1;1;Autovettura privata;In marcia / fermata / arresto;Conducente;M;Illeso;0;;Non accertato;Inesploso
6038794;5;05/07/2022 09:00:00;Strada Urbana;VIALE ALTIERO SPINELLI;da specificare;;;;altezza ingresso stazione;Scontro frontale fra veicoli in marcia;Rettilineo;Una carreggiata a doppio senso;Asciutto;Asfaltata;Orizzontale;Sereno;Scarso;Buona;;0;0;0;3;12.5316;41.9125;-1;1;Autovettura privata;In marcia / fermata / arresto;Passeggero;M;Illeso;0;;Non accertato;Inesploso
6038794;5;05/07/2022 09:00:00;Strada Urbana;VIALE ALTIERO SPINELLI;da specificare;;;;altezza ingresso stazione;Scontro frontale fra veicoli in marcia;Rettilineo;Una carreggiata a doppio senso;Asciutto;Asfaltata;Orizzontale;Sereno;Scarso;Buona;;0;0;0;3;12.5316;41.9125;-1;2;Autovettura privata;In marcia / fermata / arresto;Conducente;M;Illeso;0;;Non accertato;Inesploso
6038803;15;05/07/2022 12:15:00;Strada Urbana;VIALE GUGLIELMO MARCONI;in corrispondenza;;del civico n.;252;;Scontro laterale fra veicoli in marcia;Rettilineo;Due carreggiate;Asciutto;Asfaltata;Orizzontale;Sereno;Normale;Buona;;0;0;0;2;12.4692;41.8633;-1;1;Autovettura privata;In marcia / fermata / arresto;Conducente;M;Illeso;0;;Non accertato;Inesploso
6038803;15;05/07/2022 12:15:00;Strada Urbana;VIALE GUGLIELMO MARCONI;in corrispondenza;;del civico n.;252;;Scontro laterale fra veicoli in marcia;Rettilineo;Due carreggiate;Asciutto;Asfaltata;Orizzontale;Sereno;Normale;Buona;;0;0;0;2;12.4692;41.8633;-1;2;Motociclo a solo;In marcia / fermata / arresto;Conducente;M;Illeso;0;;Non accertato;
6038804;5;05/07/2022 13:50:00;Strada Urbana;VIA DEI MONTI TIBURTINI;da specificare;;;;altezza VIA FERONIA;Tamponamento;Rettilineo;Due carreggiate;Asciutto;Asfaltata;Verticale ed orizzontale;Sereno;Normale;Buona;;0;0;0;2;12.5414;41.9176;-1;1;Autovettura privata;In marcia / fermata / arresto;Conducente;F;Illeso;0;;Non accertato;Inesploso
6038804;5;05/07/2022 13:50:00;Strada Urbana;VIA DEI MONTI TIBURTINI;da specificare;;;;altezza VIA FERONIA;Tamponamento;Rettilineo;Due carreggiate;Asciutto;Asfaltata;Verticale ed orizzontale;Sereno;Normale;Buona;;0;0;0;2;12.5414;41.9176;-1;2;Autovettura privata;In marcia / fermata / arresto;Conducente;F;Illeso;0;;Non accertato;Inesploso
6038805;19;05/07/2022 15:20:00;Strada Urbana;GALLERIA GIOVANNI XXIII;in prossimit�;;della chilometrica;2.4;;Tamponamento;Galleria illuminata;Una carreggiata a senso unico di marcia;Asciutto;Asfaltata;Verticale ed orizzontale;Sereno;Normale;Buona;;1;0;0;1;12.4411;41.9404;-1;1;Autovettura privata;In marcia / fermata / arresto;Conducente;F;Rifiuta cure immediate;0;NON DECEDUTO;Non accertato;Esploso
6038805;19;05/07/2022 15:20:00;Strada Urbana;GALLERIA GIOVANNI XXIII;in prossimit�;;della chilometrica;2.4;;Tamponamento;Galleria illuminata;Una carreggiata a senso unico di marcia;Asciutto;Asfaltata;Verticale ed orizzontale;Sereno;Normale;Buona;;1;0;0;1;12.4411;41.9404;-1;2;Autovettura privata;In marcia / fermata / arresto;Conducente;M;Illeso;0;;Non accertato;Inesploso
6038807;5;05/07/2022 14:15:00;Strada Urbana;VIA GIOVANNI ARMENISE;da specificare;;;;300mt dopo rotatoria S. Alessandro direz. via Acut;Scontro frontale/laterale SX fra veicoli in marcia;Curva senza visuale libera;Una carreggiata a doppio senso;Asciutto;Asfaltata;Assente;Sereno;Scarso;Buona;;0;0;0;2;12.5983;41.9374;-1;1;Autovettura privata;In marcia / fermata / arresto;Conducente;M;Illeso;0;;Non accertato;Inesploso
6038807;5;05/07/2022 14:15:00;Strada Urbana;VIA GIOVANNI ARMENISE;da specificare;;;;300mt dopo rotatoria S. Alessandro direz. via Acut;Scontro frontale/laterale SX fra veicoli in marcia;Curva senza visuale libera;Una carreggiata a doppio senso;Asciutto;Asfaltata;Assente;Sereno;Scarso;Buona;;0;0;0;2;12.5983;41.9374;-1;2;Autovettura privata;In marcia / fermata / arresto;Conducente;M;Illeso;0;;Non accertato;Inesploso
6038812;10;05/07/2022 09:00:00;Strada Urbana;VIA APPIA NUOVA;in prossimit�;;del civico n.;1255;;Scontro laterale fra veicoli in marcia;Rettilineo;Due carreggiate;Asciutto;Asfaltata;Verticale ed orizzontale;Sereno;Normale;Buona;;1;0;0;1;12.5699;41.8165;-1;1;Autovettura privata;In marcia / fermata / arresto;Conducente;F;Illeso;0;;Non accertato;Inesploso
6038812;10;05/07/2022 09:00:00;Strada Urbana;VIA APPIA NUOVA;in prossimit�;;del civico n.;1255;;Scontro laterale fra veicoli in marcia;Rettilineo;Due carreggiate;Asciutto;Asfaltata;Verticale ed orizzontale;Sereno;Normale;Buona;;1;0;0;1;12.5699;41.8165;-1;2;Motociclo a solo;In marcia / fermata / arresto;Conducente;M;Rimandato;0;NON DECEDUTO;Utilizzato;
6038813;10;05/07/2022 17:00:00;Strada Urbana;VIA TUSCOLANA;da specificare;;;;in corrispondenza di Via Anile;Tamponamento;Rettilineo;Due carreggiate;Asciutto;Asfaltata;Verticale ed orizzontale;Sereno;Normale;Buona;;0;0;0;2;12.5923;41.8396;-1;1;Autovettura privata;In marcia / fermata / arresto;Conducente;M;Illeso;0;;;
6038813;10;05/07/2022 17:00:00;Strada Urbana;VIA TUSCOLANA;da specificare;;;;in corrispondenza di Via Anile;Tamponamento;Rettilineo;Due carreggiate;Asciutto;Asfaltata;Verticale ed orizzontale;Sereno;Normale;Buona;;0;0;0;2;12.5923;41.8396;-1;2;Autovettura privata;In marcia / fermata / arresto;Conducente;M;Illeso;0;;;
6038823;3;04/07/2022 10:00:00;Strada Urbana;VIALE DELLO SCALO S. LORENZO;in prossimit�;;del civico n.;27;;Scontro laterale fra veicoli in marcia;Rettilineo;Una carreggiata a doppio senso;Asciutto;Asfaltata;Verticale ed orizzontale;Sereno;Normale;Buona;;0;0;0;2;12.5163;41.8938;-1;1;Autovettura pubblica;In marcia / fermata / arresto;Conducente;M;Illeso;0;;;
6038823;3;04/07/2022 10:00:00;Strada Urbana;VIALE DELLO SCALO S. LORENZO;in prossimit�;;del civico n.;27;;Scontro laterale fra veicoli in marcia;Rettilineo;Una carreggiata a doppio senso;Asciutto;Asfaltata;Verticale ed orizzontale;Sereno;Normale;Buona;;0;0;0;2;12.5163;41.8938;-1;2;Autovettura privata;In marcia / fermata / arresto;Conducente;M;Illeso;0;;;
6038825;5;05/07/2022 23:35:00;Strada Urbana;VIA DI CASAL BRUCIATO;all'intersezione con;VIA GIUSEPPE DONATI;VIA GIUSEPPE DONATI;;;Scontro frontale/laterale SX fra veicoli in marcia;Intersezione stradale segnalata;Una carreggiata a senso unico di marcia;Asciutto;Asfaltata;Verticale ed orizzontale;Sereno;Scarso;Buona;;0;0;0;3;12.5468;41.9065;-1;1;Autovettura privata;In marcia / fermata / arresto;Conducente;M;Illeso;0;;Non accertato;Inesploso
6038825;5;05/07/2022 23:35:00;Strada Urbana;VIA DI CASAL BRUCIATO;all'intersezione con;VIA GIUSEPPE DONATI;VIA GIUSEPPE DONATI;;;Scontro frontale/laterale SX fra veicoli in marcia;Intersezione stradale segnalata;Una carreggiata a senso unico di marcia;Asciutto;Asfaltata;Verticale ed orizzontale;Sereno;Scarso;Buona;;0;0;0;3;12.5468;41.9065;-1;2;Autovettura privata;In marcia / fermata / arresto;Conducente;M;Illeso;0;;Non accertato;Inesploso
6038825;5;05/07/2022 23:35:00;Strada Urbana;VIA DI CASAL BRUCIATO;all'intersezione con;VIA GIUSEPPE DONATI;VIA GIUSEPPE DONATI;;;Scontro frontale/laterale SX fra veicoli in marcia;Intersezione stradale segnalata;Una carreggiata a senso unico di marcia;Asciutto;Asfaltata;Verticale ed orizzontale;Sereno;Scarso;Buona;;0;0;0;3;12.5468;41.9065;-1;2;Autovettura privata;In marcia / fermata / arresto;Passeggero;F;Illeso;0;;Non accertato;Inesploso