Protocollo;Gruppo;DataOraIncidente;Localizzazione1;STRADA1;Localizzazione2;STRADA2;Strada02;Chilometrica;DaSpecificare;NaturaIncidente;particolaritastrade;TipoStrada;FondoStradale;Pavimentazione;Segnaletica;CondizioneAtmosferica;Traffico;Visibilita;Illuminazione;NUM_FERITI;NUM_RISERVATA;NUM_MORTI;NUM_ILLESI;Longitude;Latitude;Confermato;Progressivo;TipoVeicolo;StatoVeicolo;TipoPersona;Sesso;Tipolesione;Deceduto;DecedutoDopo;CinturaCascoUtilizzato;Airbag;
6038825;5;05/07/2022 23:35:00;Strada Urbana;VIA DI CASAL BRUCIATO;all'intersezione con;VIA GIUSEPPE DONATI;VIA GIUSEPPE DONATI;;;Scontro frontale/laterale SX fra veicoli in marcia;Intersezione stradale segnalata;Una carreggiata a senso unico di marcia;Asciutto;Asfaltata;Verticale ed orizzontale;Sereno;Scarso;Buona;;0;0;0;3;12.5468;41.9065;-1;3;Autovettura privata;Sosta;;;;;;;
6038834;19;05/07/2022 19:00:00;Strada Urbana;VIA DI CASAL DEL MARMO;in prossimit�;;del civico n.;225;;Scontro frontale/laterale DX fra veicoli in marcia;Rettilineo;Una carreggiata a doppio senso;Asciutto;Asfaltata;Verticale ed orizzontale;Sereno;Normale;Buona;;1;0;0;1;12.4041;41.9567;-1;1;Autovettura privata;In marcia / fermata / arresto;Conducente;M;Illeso;0;;Non accertato;Inesploso
6038834;19;05/07/2022 19:00:00;Strada Urbana;VIA DI CASAL DEL MARMO;in prossimit�;;del civico n.;225;;Scontro frontale/laterale DX fra veicoli in marcia;Rettilineo;Una carreggiata a doppio senso;Asciutto;Asfaltata;Verticale ed orizzontale;Sereno;Normale;Buona;;1;0;0;1;12.4041;41.9567;-1;2;Motociclo a solo;In marcia / fermata / arresto;Conducente;M;Rimandato;0;NON DECEDUTO;Non accertato;
6038839;18;05/07/2022 19:40:00;Strada Urbana;VIA DELLA CELLULOSA;in corrispondenza;;del civico n.;98;;Scontro laterale fra veicoli in marcia;Rettilineo;Una carreggiata a senso unico di marcia;Asciutto;Asfaltata;Verticale ed orizzontale;Sereno;Scarso;Sufficiente;;0;0;0;2;12.3618;41.9191;-1;1;Autovettura privata;In marcia / fermata / arresto;Conducente;M;Illeso;0;;Non accertato;
6038839;18;05/07/2022 19:40:00;Strada Urbana;VIA DELLA CELLULOSA;in corrispondenza;;del civico n.;98;;Scontro laterale fra veicoli in marcia;Rettilineo;Una carreggiata a senso unico di marcia;Asciutto;Asfaltata;Verticale ed orizzontale;Sereno;Scarso;Sufficiente;;0;0;0;2;12.3618;41.9191;-1;2;Autovettura privata;In marcia / fermata / arresto;Conducente;M;Illeso;0;;Non accertato;Esploso
6038841;15;05/07/2022 17:30:00;Strada Urbana;VIA PORTUENSE;in corrispondenza;;del civico n.;761A;;Veicolo in marcia contro ostacolo fisso;Rettilineo;Una carreggiata a doppio senso;Asciutto;Asfaltata;Verticale ed orizzontale;Sereno;Normale;Buona;;1;0;0;4;12.4236;41.8505;-1;1;Autovettura privata;In marcia / fermata / arresto;Conducente;F;Illeso;0;;Non accertato;Inesploso
6038841;15;05/07/2022 17:30:00;Strada Urbana;VIA PORTUENSE;in corrispondenza;;del civico n.;761A;;Veicolo in marcia contro ostacolo fisso;Rettilineo;Una carreggiata a doppio senso;Asciutto;Asfaltata;Verticale ed orizzontale;Sereno;Normale;Buona;;1;0;0;4;12.4236;41.8505;-1;1;Autovettura privata;In marcia / fermata / arresto;Passeggero;M;Illeso;0;;Non accertato;Inesploso
6038841;15;05/07/2022 17:30:00;Strada Urbana;VIA PORTUENSE;in corrispondenza;;del civico n.;761A;;Veicolo in marcia contro ostacolo fisso;Rettilineo;Una carreggiata a doppio senso;Asciutto;Asfaltata;Verticale ed orizzontale;Sereno;Normale;Buona;;1;0;0;4;12.4236;41.8505;-1;1;Autovettura privata;In marcia / fermata / arresto;Passeggero;M;Illeso;0;;Non accertato;Inesploso
6038841;15;05/07/2022 17:30:00;Strada Urbana;VIA PORTUENSE;in corrispondenza;;del civico n.;761A;;Veicolo in marcia contro ostacolo fisso;Rettilineo;Una carreggiata a doppio senso;Asciutto;Asfaltata;Verticale ed orizzontale;Sereno;Normale;Buona;;1;0;0;4;12.4236;41.8505;-1;1;Autovettura privata;In marcia / fermata / arresto;Passeggero;F;Illeso;0;;Non accertato;Inesploso
6038841;15;05/07/2022 17:30:00;Strada Urbana;VIA PORTUENSE;in corrispondenza;;del civico n.;761A;;Veicolo in marcia contro ostacolo fisso;Rettilineo;Una carreggiata a doppio senso;Asciutto;Asfaltata;Verticale ed orizzontale;Sereno;Normale;Buona;;1;0;0;4;12.4236;41.8505;-1;2;Motociclo con passeggero;In marcia / fermata / arresto;Conducente;M;Rifiuta cure immediate;0;NON DECEDUTO;Non accertato;
6038842;3;04/07/2022 11:30:00;Strada Urbana;VIALE DELL'UNIVERSITA';da specificare;;;;prossimit� viale delle scienze;Tamponamento Multiplo;Rettilineo;Una carreggiata a senso unico di marcia;Asciutto;Asfaltata;Verticale ed orizzontale;Sereno;Normale;Buona;;0;0;0;6;12.5118;41.9043;-1;1;Autovettura privata;In marcia / fermata / arresto;Conducente;M;Illeso;0;;;
6038842;3;04/07/2022 11:30:00;Strada Urbana;VIALE DELL'UNIVERSITA';da specificare;;;;prossimit� viale delle scienze;Tamponamento Multiplo;Rettilineo;Una carreggiata a senso unico di marcia;Asciutto;Asfaltata;Verticale ed orizzontale;Sereno;Normale;Buona;;0;0;0;6;12.5118;41.9043;-1;2;Autovettura privata;In marcia / fermata / arresto;Conducente;F;Illeso;0;;;
6038842;3;04/07/2022 11:30:00;Strada Urbana;VIALE DELL'UNIVERSITA';da specificare;;;;prossimit� viale delle scienze;Tamponamento Multiplo;Rettilineo;Una carreggiata a senso unico di marcia;Asciutto;Asfaltata;Verticale ed orizzontale;Sereno;Normale;Buona;;0;0;0;6;12.5118;41.9043;-1;2;Autovettura privata;In marcia / fermata / arresto;Passeggero;F;Illeso;0;;;
6038842;3;04/07/2022 11:30:00;Strada Urbana;VIALE DELL'UNIVERSITA';da specificare;;;;prossimit� viale delle scienze;Tamponamento Multiplo;Rettilineo;Una carreggiata a senso unico di marcia;Asciutto;Asfaltata;Verticale ed orizzontale;Sereno;Normale;Buona;;0;0;0;6;12.5118;41.9043;-1;2;Autovettura privata;In marcia / fermata / arresto;Passeggero;F;Illeso;0;;;
6038842;3;04/07/2022 11:30:00;Strada Urbana;VIALE DELL'UNIVERSITA';da specificare;;;;prossimit� viale delle scienze;Tamponamento Multiplo;Rettilineo;Una carreggiata a senso unico di marcia;Asciutto;Asfaltata;Verticale ed orizzontale;Sereno;Normale;Buona;;0;0;0;6;12.5118;41.9043;-1;3;Autocarro inferiore 35 q.;In marcia / fermata / arresto;Conducente;M;Illeso;0;;;
6038842;3;04/07/2022 11:30:00;Strada Urbana;VIALE DELL'UNIVERSITA';da specificare;;;;prossimit� viale delle scienze;Tamponamento Multiplo;Rettilineo;Una carreggiata a senso unico di marcia;Asciutto;Asfaltata;Verticale ed orizzontale;Sereno;Normale;Buona;;0;0;0;6;12.5118;41.9043;-1;3;Autocarro inferiore 35 q.;In marcia / fermata / arresto;Passeggero;M;Illeso;0;;;
6038852;10;05/07/2022 11:30:00;Strada Urbana;VIA SELINUNTE;in corrispondenza;;del civico n.;4;;Veicolo in marcia contro ostacolo fisso;Rettilineo;Una carreggiata a doppio senso;Asciutto;Asfaltata;Verticale ed orizzontale;Sereno;Normale;Buona;;1;0;0;0;12.5517;41.8557;-1;1;Autovettura privata;In marcia / fermata / arresto;Conducente;M;Ricoverato;0;NON DECEDUTO;Non accertato;Esploso
6038853;5;06/07/2022 02:45:00;Strada Urbana;VIA TIBURTINA;da specificare;;;;pross. svincolo viale P. Togliatti;Tamponamento;Rettilineo;Una carreggiata a senso unico di marcia;Asciutto;Asfaltata;Orizzontale;Sereno;Scarso;Buona;;0;0;0;4;12.566;41.9202;-1;1;Autocarro inferiore 35 q.;In marcia / fermata / arresto;Conducente;M;Illeso;0;;Non accertato;Inesploso
6038853;5;06/07/2022 02:45:00;Strada Urbana;VIA TIBURTINA;da specificare;;;;pross. svincolo viale P. Togliatti;Tamponamento;Rettilineo;Una carreggiata a senso unico di marcia;Asciutto;Asfaltata;Orizzontale;Sereno;Scarso;Buona;;0;0;0;4;12.566;41.9202;-1;1;Autocarro inferiore 35 q.;In marcia / fermata / arresto;Passeggero;M;Illeso;0;;Non accertato;Inesploso
6038853;5;06/07/2022 02:45:00;Strada Urbana;VIA TIBURTINA;da specificare;;;;pross. svincolo viale P. Togliatti;Tamponamento;Rettilineo;Una carreggiata a senso unico di marcia;Asciutto;Asfaltata;Orizzontale;Sereno;Scarso;Buona;;0;0;0;4;12.566;41.9202;-1;2;Autovettura privata;In marcia / fermata / arresto;Conducente;M;Illeso;0;;Non accertato;Inesploso
6038853;5;06/07/2022 02:45:00;Strada Urbana;VIA TIBURTINA;da specificare;;;;pross. svincolo viale P. Togliatti;Tamponamento;Rettilineo;Una carreggiata a senso unico di marcia;Asciutto;Asfaltata;Orizzontale;Sereno;Scarso;Buona;;0;0;0;4;12.566;41.9202;-1;2;Autovettura privata;In marcia / fermata / arresto;Passeggero;M;Illeso;0;;Non accertato;Inesploso
6038858;3;04/07/2022 21:55:00;Strada Urbana;VIA LAZZARO SPALLANZANI;all'intersezione con;VIA SIRACUSA;VIA SIRACUSA;;;Scontro frontale/laterale DX fra veicoli in marcia;Incrocio;Una carreggiata a senso unico di marcia;Asciutto;Asfaltata;Verticale ed orizzontale;Sereno;Scarso;Sufficiente;;1;0;0;2;12.5107;41.9125;0;1;Autovettura privata;In marcia / fermata / arresto;Conducente;M;Illeso;0;;;
6038858;3;04/07/2022 21:55:00;Strada Urbana;VIA LAZZARO SPALLANZANI;all'intersezione con;VIA SIRACUSA;VIA SIRACUSA;;;Scontro frontale/laterale DX fra veicoli in marcia;Incrocio;Una carreggiata a senso unico di marcia;Asciutto;Asfaltata;Verticale ed orizzontale;Sereno;Scarso;Sufficiente;;1;0;0;2;12.5107;41.9125;0;2;Motociclo con passeggero;In marcia / fermata / arresto;Conducente;M;Illeso;0;;;
6038858;3;04/07/2022 21:55:00;Strada Urbana;VIA LAZZARO SPALLANZANI;all'intersezione con;VIA SIRACUSA;VIA SIRACUSA;;;Scontro frontale/laterale DX fra veicoli in marcia;Incrocio;Una carreggiata a senso unico di marcia;Asciutto;Asfaltata;Verticale ed orizzontale;Sereno;Scarso;Sufficiente;;1;0;0;2;12.5107;41.9125;0;2;Motociclo con passeggero;In marcia / fermata / arresto;Passeggero;F;Rifiuta cure immediate;0;NON DECEDUTO;;
6038870;10;05/07/2022 11:00:00;Strada Urbana;VIA TUSCOLANA;all'intersezione con;VIA STATILIO TAURO;VIA STATILIO TAURO;;;Scontro laterale fra veicoli in marcia;Incrocio;Due carreggiate;Asciutto;Asfaltata;Verticale ed orizzontale;Sereno;Intenso;Buona;;1;0;0;2;12.5609;41.8578;-1;1;Autovettura privata;In marcia / fermata / arresto;Conducente;M;Illeso;0;;;
6038870;10;05/07/2022 11:00:00;Strada Urbana;VIA TUSCOLANA;all'intersezione con;VIA STATILIO TAURO;VIA STATILIO TAURO;;;Scontro laterale fra veicoli in marcia;Incrocio;Due carreggiate;Asciutto;Asfaltata;Verticale ed orizzontale;Sereno;Intenso;Buona;;1;0;0;2;12.5609;41.8578;-1;1;Autovettura privata;In marcia / fermata / arresto;Passeggero;F;Illeso;0;;Non accertato;Inesistente
6038870;10;05/07/2022 11:00:00;Strada Urbana;VIA TUSCOLANA;all'intersezione con;VIA STATILIO TAURO;VIA STATILIO TAURO;;;Scontro laterale fra veicoli in marcia;Incrocio;Due carreggiate;Asciutto;Asfaltata;Verticale ed orizzontale;Sereno;Intenso;Buona;;1;0;0;2;12.5609;41.8578;-1;2;Motociclo a solo;In marcia / fermata / arresto;Conducente;M;Rimandato;0;NON DECEDUTO;;
6038878;15;05/07/2022 14:15:00;Strada Urbana;VIA DELLA CASETTA MATTEI;in corrispondenza;;del civico n.;8;;Scontro laterale fra veicoli in marcia;Rettilineo;Una carreggiata a doppio senso;Asciutto;Asfaltata;Verticale ed orizzontale;Sereno;Normale;Buona;;1;0;0;2;12.4235;41.851;-1;1;Motociclo a solo;In marcia / fermata / arresto;Conducente;M;Rimandato;0;NON DECEDUTO;Non accertato;
6038878;15;05/07/2022 14:15:00;Strada Urbana;VIA DELLA CASETTA MATTEI;in corrispondenza;;del civico n.;8;;Scontro laterale fra veicoli in marcia;Rettilineo;Una carreggiata a doppio senso;Asciutto;Asfaltata;Verticale ed orizzontale;Sereno;Normale;Buona;;1;0;0;2;12.4235;41.851;-1;2;Autocarro superiore 35 q.;In marcia / fermata / arresto;Conducente;M;Illeso;0;;Non accertato;Inesploso
6038878;15;05/07/2022 14:15:00;Strada Urbana;VIA DELLA CASETTA MATTEI;in corrispondenza;;del civico n.;8;;Scontro laterale fra veicoli in marcia;Rettilineo;Una carreggiata a doppio senso;Asciutto;Asfaltata;Verticale ed orizzontale;Sereno;Normale;Buona;;1;0;0;2;12.4235;41.851;-1;2;Autocarro superiore 35 q.;In marcia / fermata / arresto;Passeggero;M;Illeso;0;;Non accertato;
6038890;3;05/07/2022 15:00:00;Strada Urbana;VIA NOMENTANA;all'intersezione semaforizzata con;VIALE POLA;VIALE POLA;;;Scontro frontale/laterale DX fra veicoli in marcia;Intersezione semaforizzata;Pi� di due carreggiate;Asciutto;Asfaltata;Verticale ed orizzontale;Sereno;Normale;Buona;;0;0;0;2;12.5119;41.9182;-1;1;Autovettura privata;In marcia / fermata / arresto;Conducente;M;Illeso;0;;;
6038890;3;05/07/2022 15:00:00;Strada Urbana;VIA NOMENTANA;all'intersezione semaforizzata con;VIALE POLA;VIALE POLA;;;Scontro frontale/laterale DX fra veicoli in marcia;Intersezione semaforizzata;Pi� di due carreggiate;Asciutto;Asfaltata;Verticale ed orizzontale;Sereno;Normale;Buona;;0;0;0;2;12.5119;41.9182;-1;2;Autovettura privata;In marcia / fermata / arresto;Conducente;M;Illeso;0;;;
6038985;18;05/07/2022 12:40:00;Strada Urbana;VIA DI BOCCEA;da specificare;;;;fronte civico 434;Veicolo in marcia contro ostacolo fisso;Rettilineo;Due carreggiate;Asciutto;Asfaltata;Verticale ed orizzontale;Sereno;Normale;Buona;;1;0;0;1;12.3847;41.9149;-1;1;Motociclo con passeggero;In marcia / fermata / arresto;Conducente;M;Rimandato;0;NON DECEDUTO;Non accertato;
6038985;18;05/07/2022 12:40:00;Strada Urbana;VIA DI BOCCEA;da specificare;;;;fronte civico 434;Veicolo in marcia contro ostacolo fisso;Rettilineo;Due carreggiate;Asciutto;Asfaltata;Verticale ed orizzontale;Sereno;Normale;Buona;;1;0;0;1;12.3847;41.9149;-1;1;Motociclo con passeggero;In marcia / fermata / arresto;Passeggero;M;Illeso;0;;;
6038989;10;05/07/2022 20:00:00;Strada Urbana;CIRCONVALLAZIONE TUSCOLANA;all'intersezione con;VIA TUSCOLANA;VIA TUSCOLANA;;;Scontro frontale/laterale DX fra veicoli in marcia;Incrocio;Due carreggiate;Asciutto;Asfaltata;Verticale ed orizzontale;Sereno;Normale;Buona;;1;0;0;1;12.5673;41.8503;-1;1;Autovettura privata;In marcia / fermata / arresto;Conducente;F;Illeso;0;;Non accertato;Inesploso
6038989;10;05/07/2022 20:00:00;Strada Urbana;CIRCONVALLAZIONE TUSCOLANA;all'intersezione con;VIA TUSCOLANA;VIA TUSCOLANA;;;Scontro frontale/laterale DX fra veicoli in marcia;Incrocio;Due carreggiate;Asciutto;Asfaltata;Verticale ed orizzontale;Sereno;Normale;Buona;;1;0;0;1;12.5673;41.8503;-1;2;Motociclo a solo;In marcia / fermata / arresto;Conducente;M;Rimandato;0;NON DECEDUTO;Non accertato;
6038998;6;04/07/2022 15:30:00;Strada Urbana;VIALE DELLA SERENISSIMA;all'intersezione semaforizzata con;VIALE DELLA VENEZIA GIULIA;VIALE DELLA VENEZIA GIULIA;;;Scontro frontale/laterale SX fra veicoli in marcia;Intersezione semaforizzata;Due carreggiate;Asciutto;Asfaltata;Verticale ed orizzontale;Sereno;Normale;Buona;;0;0;0;1;12.5587;41.8967;-1;1;Autovettura privata;In marcia / fermata / arresto;Conducente;M;Illeso;0;;;
6038998;6;04/07/2022 15:30:00;Strada Urbana;VIALE DELLA SERENISSIMA;all'intersezione semaforizzata con;VIALE DELLA VENEZIA GIULIA;VIALE DELLA VENEZIA GIULIA;;;Scontro frontale/laterale SX fra veicoli in marcia;Intersezione semaforizzata;Due carreggiate;Asciutto;Asfaltata;Verticale ed orizzontale;Sereno;Normale;Buona;;0;0;0;1;12.5587;41.8967;-1;2;Autovettura privata;Allontanatosi;;;;;;;
6039005;17;04/07/2022 15:32:00;Strada Urbana;VIALE GIUSEPPE MAZZINI;in prossimit�;;del civico n.;63;;Tamponamento;Rettilineo;Due carreggiate;Asciutto;Asfaltata;Verticale ed orizzontale;Sereno;Normale;Buona;;0;0;0;2;12.4629;41.9154;-1;1;Autovettura privata;In marcia / fermata / arresto;Conducente;M;Illeso;0;;;
6039005;17;04/07/2022 15:32:00;Strada Urbana;VIALE GIUSEPPE MAZZINI;in prossimit�;;del civico n.;63;;Tamponamento;Rettilineo;Due carreggiate;Asciutto;Asfaltata;Verticale ed orizzontale;Sereno;Normale;Buona;;0;0;0;2;12.4629;41.9154;-1;2;Autovettura privata;In marcia / fermata / arresto;Conducente;M;Illeso;0;;;
6039073;15;05/07/2022 19:10:00;Strada Urbana;VIA DELLA PISANA;all'intersezione con;VIA GIOVANNI GIUSEPPE GIZZI;VIA GIOVANNI GIUSEPPE GIZZI;;;Scontro laterale fra veicoli in marcia;Incrocio;Una carreggiata a doppio senso;Asciutto;Asfaltata;Orizzontale;Sereno;Normale;Buona;;0;0;0;4;12.389;41.8577;-1;1;Autovettura privata;In marcia / fermata / arresto;Conducente;F;Illeso;0;;Non accertato;Inesploso
6039073;15;05/07/2022 19:10:00;Strada Urbana;VIA DELLA PISANA;all'intersezione con;VIA GIOVANNI GIUSEPPE GIZZI;VIA GIOVANNI GIUSEPPE GIZZI;;;Scontro laterale fra veicoli in marcia;Incrocio;Una carreggiata a doppio senso;Asciutto;Asfaltata;Orizzontale;Sereno;Normale;Buona;;0;0;0;4;12.389;41.8577;-1;1;Autovettura privata;In marcia / fermata / arresto;Passeggero;M;Illeso;0;;Non accertato;Inesploso
6039073;15;05/07/2022 19:10:00;Strada Urbana;VIA DELLA PISANA;all'intersezione con;VIA GIOVANNI GIUSEPPE GIZZI;VIA GIOVANNI GIUSEPPE GIZZI;;;Scontro laterale fra veicoli in marcia;Incrocio;Una carreggiata a doppio senso;Asciutto;Asfaltata;Orizzontale;Sereno;Normale;Buona;;0;0;0;4;12.389;41.8577;-1;2;Motociclo con passeggero;In marcia / fermata / arresto;Conducente;M;Illeso;0;;Non accertato;
6039073;15;05/07/2022 19:10:00;Strada Urbana;VIA DELLA PISANA;all'intersezione con;VIA GIOVANNI GIUSEPPE GIZZI;VIA GIOVANNI GIUSEPPE GIZZI;;;Scontro laterale fra veicoli in marcia;Incrocio;Una carreggiata a doppio senso;Asciutto;Asfaltata;Orizzontale;Sereno;Normale;Buona;;0;0;0;4;12.389;41.8577;-1;2;Motociclo con passeggero;In marcia / fermata / arresto;Passeggero;M;Illeso;0;;Non accertato;
6039096;7;05/07/2022 19:00:00;Strada Urbana;VIA EMILIO LONGONI;in prossimit�;;del palo luce n.;60;;Investimento di pedone;Rettilineo;Due carreggiate;Asciutto;Asfaltata;Verticale ed orizzontale;Sereno;Normale;Buona;;1;0;0;2;12.6034;41.8981;0;;;;Pedone;M;Rimandato;0;NON DECEDUTO;;
6039096;7;05/07/2022 19:00:00;Strada Urbana;VIA EMILIO LONGONI;in prossimit�;;del palo luce n.;60;;Investimento di pedone;Rettilineo;Due carreggiate;Asciutto;Asfaltata;Verticale ed orizzontale;Sereno;Normale;Buona;;1;0;0;2;12.6034;41.8981;0;1;Autovettura privata;In marcia / fermata / arresto;Conducente;M;Illeso;0;;Non accertato;Inesploso
6039096;7;05/07/2022 19:00:00;Strada Urbana;VIA EMILIO LONGONI;in prossimit�;;del palo luce n.;60;;Investimento di pedone;Rettilineo;Due carreggiate;Asciutto;Asfaltata;Verticale ed orizzontale;Sereno;Normale;Buona;;1;0;0;2;12.6034;41.8981;0;1;Autovettura privata;In marcia / fermata / arresto;Passeggero;M;Illeso;0;;Non accertato;Inesploso
6039119;17;04/07/2022 20:15:00;Strada Urbana;LUNGOTEVERE MICHELANGELO;da specificare;;;;altezza PIAZZA DELLA LIBERTA' (rampa sottopasso);Tamponamento;Sottopasso illuminato;Una carreggiata a senso unico di marcia;Asciutto;Asfaltata;Verticale ed orizzontale;Sereno;Normale;Buona;;0;0;0;3;12.4704;41.9121;-1;1;Autovettura privata;In marcia / fermata / arresto;Conducente;F;Illeso;0;;;
6039119;17;04/07/2022 20:15:00;Strada Urbana;LUNGOTEVERE MICHELANGELO;da specificare;;;;altezza PIAZZA DELLA LIBERTA' (rampa sottopasso);Tamponamento;Sottopasso illuminato;Una carreggiata a senso unico di marcia;Asciutto;Asfaltata;Verticale ed orizzontale;Sereno;Normale;Buona;;0;0;0;3;12.4704;41.9121;-1;2;Autovettura privata;In marcia / fermata / arresto;Conducente;M;Illeso;0;;;
6039119;17;04/07/2022 20:15:00;Strada Urbana;LUNGOTEVERE MICHELANGELO;da specificare;;;;altezza PIAZZA DELLA LIBERTA' (rampa sottopasso);Tamponamento;Sottopasso illuminato;Una carreggiata a senso unico di marcia;Asciutto;Asfaltata;Verticale ed orizzontale;Sereno;Normale;Buona;;0;0;0;3;12.4704;41.9121;-1;2;Autovettura privata;In marcia / fermata / arresto;Passeggero;F;Illeso;0;;;
6039127;9;06/07/2022 08:13:00;Strada Urbana;VIA ACAIA;in prossimit�;;del civico n.;52C;;Scontro laterale fra veicoli in marcia;Rettilineo;Una carreggiata a doppio senso;Asciutto;Asfaltata;Verticale ed orizzontale;Sereno;Intenso;Buona;;0;0;0;2;12.5077;41.8762;-1;1;Autocarro inferiore 35 q.;In marcia / fermata / arresto;Conducente;M;Illeso;0;;Non accertato;Inesploso
6039127;9;06/07/2022 08:13:00;Strada Urbana;VIA ACAIA;in prossimit�;;del civico n.;52C;;Scontro laterale fra veicoli in marcia;Rettilineo;Una carreggiata a doppio senso;Asciutto;Asfaltata;Verticale ed orizzontale;Sereno;Intenso;Buona;;0;0;0;2;12.5077;41.8762;-1;2;Autovettura privata;In marcia / fermata / arresto;Conducente;F;Illeso;0;;Non accertato;Inesploso
6039129;9;06/07/2022 08:25:00;Strada Urbana;PIAZZA ASTI;in prossimit�;;del civico n.;10;;Veicolo in marcia contro ostacolo fisso;Rettilineo;Una carreggiata a senso unico di marcia;Asciutto;Asfaltata;Verticale ed orizzontale;Sereno;Scarso;Buona;;0;0;0;1;12.52;41.8813;-1;1;Motociclo a solo;In marcia / fermata / arresto;Conducente;M;Illeso;0;;Non accertato;
6039130;6;05/07/2022 13:40:00;Strada Urbana;VIA PRENESTINA;all'intersezione semaforizzata con;VIA DI PORTONACCIO;VIA DI PORTONACCIO;;;Scontro frontale/laterale DX fra veicoli in marcia;Intersezione semaforizzata;Pi� di due carreggiate;Asciutto;Asfaltata;Verticale ed orizzontale;Sereno;Normale;Buona;;2;0;0;0;12.5427;41.8933;-1;1;Autovettura privata;In marcia / fermata / arresto;Conducente;M;Rimandato;0;NON DECEDUTO;Non accertato;Esploso
6039130;6;05/07/2022 13:40:00;Strada Urbana;VIA PRENESTINA;all'intersezione semaforizzata con;VIA DI PORTONACCIO;VIA DI PORTONACCIO;;;Scontro frontale/laterale DX fra veicoli in marcia;Intersezione semaforizzata;Pi� di due carreggiate;Asciutto;Asfaltata;Verticale ed orizzontale;Sereno;Normale;Buona;;2;0;0;0;12.5427;41.8933;-1;2;Autovettura privata;In marcia / fermata / arresto;Conducente;F;Rimandato;0;NON DECEDUTO;Non accertato;Esploso
6039131;9;06/07/2022 08:50:00;Strada Urbana;PIAZZA DEI RE DI ROMA;in prossimit�;;del civico n.;24;;Investimento di pedone;Rotatoria;Una carreggiata a senso unico di marcia;Asciutto;Asfaltata;Verticale ed orizzontale;Sereno;Normale;Buona;;0;0;0;2;12.5132;41.8815;-1;;;;Pedone;M;Illeso;0;;;
6039131;9;06/07/2022 08:50:00;Strada Urbana;PIAZZA DEI RE DI ROMA;in prossimit�;;del civico n.;24;;Investimento di pedone;Rotatoria;Una carreggiata a senso unico di marcia;Asciutto;Asfaltata;Verticale ed orizzontale;Sereno;Normale;Buona;;0;0;0;2;12.5132;41.8815;-1;1;Motociclo a solo;In marcia / fermata / arresto;Conducente;M;Illeso;0;;Non accertato;
6039173;18;06/07/2022 11:35:00;Strada Urbana;VIA GAETANO MAZZONI;in corrispondenza;;del civico n.;43;;Veicolo in marcia contro veicolo in sosta;Rettilineo;Una carreggiata a senso unico di marcia;Asciutto;Asfaltata;Verticale ed orizzontale;Sereno;Normale;Buona;;0;0;0;1;12.3955;41.9087;-1;1;Autovettura privata;Allontanatosi;Conducente;M;Illeso;0;;;
6039173;18;06/07/2022 11:35:00;Strada Urbana;VIA GAETANO MAZZONI;in corrispondenza;;del civico n.;43;;Veicolo in marcia contro veicolo in sosta;Rettilineo;Una carreggiata a senso unico di marcia;Asciutto;Asfaltata;Verticale ed orizzontale;Sereno;Normale;Buona;;0;0;0;1;12.3955;41.9087;-1;2;Autovettura privata;Sosta;;;;;;;
6039183;23;06/07/2022 00:10:00;Strada Urbana;VIA CARDINAL PACCA;all'intersezione con;VIA DEL CASALE DI S. PIO V;VIA DEL CASALE DI S. PIO V;;;Scontro frontale/laterale DX fra veicoli in marcia;Incrocio;Una carreggiata a senso unico di marcia;Asciutto;Asfaltata;Verticale ed orizzontale;Sereno;Scarso;Sufficiente;;1;0;0;1;12.4308;41.8922;-1;1;Motociclo a solo;In marcia / fermata / arresto;Conducente;M;Rimandato;0;NON DECEDUTO;;
6039183;23;06/07/2022 00:10:00;Strada Urbana;VIA CARDINAL PACCA;all'intersezione con;VIA DEL CASALE DI S. PIO V;VIA DEL CASALE DI S. PIO V;;;Scontro frontale/laterale DX fra veicoli in marcia;Incrocio;Una carreggiata a senso unico di marcia;Asciutto;Asfaltata;Verticale ed orizzontale;Sereno;Scarso;Sufficiente;;1;0;0;1;12.4308;41.8922;-1;2;Autovettura privata;In marcia / fermata / arresto;Conducente;M;Illeso;0;;;
6039243;16;05/07/2022 12:15:00;Strada Urbana;VIA DI MONTE VERDE;in corrispondenza;;del civico n.;124;;Scontro laterale fra veicoli in marcia;Rettilineo;Una carreggiata a senso unico di marcia;Asciutto;Asfaltata;Verticale ed orizzontale;Sereno;Normale;Buona;;0;0;0;3;12.4466;41.8702;-1;1;Autovettura privata;In marcia / fermata / arresto;Conducente;F;Illeso;0;;Non accertato;Inesploso
6039243;16;05/07/2022 12:15:00;Strada Urbana;VIA DI MONTE VERDE;in corrispondenza;;del civico n.;124;;Scontro laterale fra veicoli in marcia;Rettilineo;Una carreggiata a senso unico di marcia;Asciutto;Asfaltata;Verticale ed orizzontale;Sereno;Normale;Buona;;0;0;0;3;12.4466;41.8702;-1;1;Autovettura privata;In marcia / fermata / arresto;Passeggero;F;Illeso;0;;Non accertato;Inesploso
6039243;16;05/07/2022 12:15:00;Strada Urbana;VIA DI MONTE VERDE;in corrispondenza;;del civico n.;124;;Scontro laterale fra veicoli in marcia;Rettilineo;Una carreggiata a senso unico di marcia;Asciutto;Asfaltata;Verticale ed orizzontale;Sereno;Normale;Buona;;0;0;0;3;12.4466;41.8702;-1;2;Motociclo a solo;In marcia / fermata / arresto;Conducente;M;Illeso;0;;Non accertato;