Protocollo;Gruppo;DataOraIncidente;Localizzazione1;STRADA1;Localizzazione2;STRADA2;Strada02;Chilometrica;DaSpecificare;NaturaIncidente;particolaritastrade;TipoStrada;FondoStradale;Pavimentazione;Segnaletica;CondizioneAtmosferica;Traffico;Visibilita;Illuminazione;NUM_FERITI;NUM_RISERVATA;NUM_MORTI;NUM_ILLESI;Longitude;Latitude;Confermato;Progressivo;TipoVeicolo;StatoVeicolo;TipoPersona;Sesso;Tipolesione;Deceduto;DecedutoDopo;CinturaCascoUtilizzato;Airbag;
6042623;3;08/07/2022 03:00:00;Strada Urbana;NUOVA CIRCONVALLAZIONE INTERNA;da specificare;;;;dir. salaria pross. uscita nomentana;Veicolo in marcia contro ostacolo fisso;Rettilineo;Una carreggiata a senso unico di marcia;Asciutto;Asfaltata;Verticale ed orizzontale;Nuvoloso;Scarso;Buona;;1;0;0;0;12.5301;41.9154;0;1;Autovettura privata;In marcia / fermata / arresto;Conducente;F;Rifiuta cure immediate;0;NON DECEDUTO;;
6042638;11;08/07/2022 09:58:00;Strada Urbana;VIA APPIA PIGNATELLI;da specificare;;;;fronte civico 198;Tamponamento;Rettilineo;Una carreggiata a doppio senso;Asciutto;Asfaltata;Verticale ed orizzontale;Sereno;Normale;Buona;;0;0;0;2;12.5357;41.8462;-1;1;Autovettura privata;In marcia / fermata / arresto;Conducente;F;Illeso;0;;Non accertato;
6042638;11;08/07/2022 09:58:00;Strada Urbana;VIA APPIA PIGNATELLI;da specificare;;;;fronte civico 198;Tamponamento;Rettilineo;Una carreggiata a doppio senso;Asciutto;Asfaltata;Verticale ed orizzontale;Sereno;Normale;Buona;;0;0;0;2;12.5357;41.8462;-1;2;Autovettura privata;In marcia / fermata / arresto;Conducente;M;Illeso;0;;Non accertato;
6042646;1;07/07/2022 15:00:00;Strada Urbana;VIA DEL GIANICOLO;in prossimit�;;del civico n.;15;;Veicolo in marcia contro ostacolo accidentale;Curva a visuale libera;Una carreggiata a doppio senso;Viscido da liquidi oleosi;Asfaltata;Verticale ed orizzontale;Sereno;Normale;Buona;;0;0;0;2;12.4599;41.8984;-1;1;Motociclo con passeggero;In marcia / fermata / arresto;Conducente;M;Illeso;0;;Non accertato;
6042646;1;07/07/2022 15:00:00;Strada Urbana;VIA DEL GIANICOLO;in prossimit�;;del civico n.;15;;Veicolo in marcia contro ostacolo accidentale;Curva a visuale libera;Una carreggiata a doppio senso;Viscido da liquidi oleosi;Asfaltata;Verticale ed orizzontale;Sereno;Normale;Buona;;0;0;0;2;12.4599;41.8984;-1;1;Motociclo con passeggero;In marcia / fermata / arresto;Passeggero;F;Illeso;0;;;
6042655;3;07/07/2022 17:08:00;Strada Urbana;VIA NOMENTANA;all'intersezione semaforizzata con;LARGO VENTUNO APRILE;LARGO VENTUNO APRILE;;;Scontro laterale fra veicoli in marcia;Intersezione semaforizzata;Una carreggiata a doppio senso;Asciutto;Asfaltata;Verticale ed orizzontale;Nuvoloso;Normale;Buona;;0;0;0;3;12.52;41.9177;-1;1;Autovettura privata;In marcia / fermata / arresto;Conducente;F;Illeso;0;;;
6042655;3;07/07/2022 17:08:00;Strada Urbana;VIA NOMENTANA;all'intersezione semaforizzata con;LARGO VENTUNO APRILE;LARGO VENTUNO APRILE;;;Scontro laterale fra veicoli in marcia;Intersezione semaforizzata;Una carreggiata a doppio senso;Asciutto;Asfaltata;Verticale ed orizzontale;Nuvoloso;Normale;Buona;;0;0;0;3;12.52;41.9177;-1;2;Autovettura privata;In marcia / fermata / arresto;Conducente;F;Illeso;0;;;
6042655;3;07/07/2022 17:08:00;Strada Urbana;VIA NOMENTANA;all'intersezione semaforizzata con;LARGO VENTUNO APRILE;LARGO VENTUNO APRILE;;;Scontro laterale fra veicoli in marcia;Intersezione semaforizzata;Una carreggiata a doppio senso;Asciutto;Asfaltata;Verticale ed orizzontale;Nuvoloso;Normale;Buona;;0;0;0;3;12.52;41.9177;-1;2;Autovettura privata;In marcia / fermata / arresto;Passeggero;F;Illeso;0;;;
6042675;1;07/07/2022 23:08:00;Strada Urbana;VIA DI S. GIOVANNI IN LATERANO;in corrispondenza;;del civico n.;155;;Tamponamento;Rettilineo;Una carreggiata a doppio senso;Bagnato (pioggia);In cubetti di porfido;Verticale;Pioggia in atto;Scarso;Sufficiente;;1;0;0;4;12.5036;41.8872;-1;1;Autovettura privata;In marcia / fermata / arresto;Conducente;M;Illeso;0;;Non accertato;Inesploso
6042675;1;07/07/2022 23:08:00;Strada Urbana;VIA DI S. GIOVANNI IN LATERANO;in corrispondenza;;del civico n.;155;;Tamponamento;Rettilineo;Una carreggiata a doppio senso;Bagnato (pioggia);In cubetti di porfido;Verticale;Pioggia in atto;Scarso;Sufficiente;;1;0;0;4;12.5036;41.8872;-1;1;Autovettura privata;In marcia / fermata / arresto;Passeggero;M;Illeso;0;;;
6042675;1;07/07/2022 23:08:00;Strada Urbana;VIA DI S. GIOVANNI IN LATERANO;in corrispondenza;;del civico n.;155;;Tamponamento;Rettilineo;Una carreggiata a doppio senso;Bagnato (pioggia);In cubetti di porfido;Verticale;Pioggia in atto;Scarso;Sufficiente;;1;0;0;4;12.5036;41.8872;-1;1;Autovettura privata;In marcia / fermata / arresto;Passeggero;F;Rimandato;0;NON DECEDUTO;;
6042675;1;07/07/2022 23:08:00;Strada Urbana;VIA DI S. GIOVANNI IN LATERANO;in corrispondenza;;del civico n.;155;;Tamponamento;Rettilineo;Una carreggiata a doppio senso;Bagnato (pioggia);In cubetti di porfido;Verticale;Pioggia in atto;Scarso;Sufficiente;;1;0;0;4;12.5036;41.8872;-1;2;Autovettura privata;In marcia / fermata / arresto;Conducente;M;Illeso;0;;;
6042675;1;07/07/2022 23:08:00;Strada Urbana;VIA DI S. GIOVANNI IN LATERANO;in corrispondenza;;del civico n.;155;;Tamponamento;Rettilineo;Una carreggiata a doppio senso;Bagnato (pioggia);In cubetti di porfido;Verticale;Pioggia in atto;Scarso;Sufficiente;;1;0;0;4;12.5036;41.8872;-1;2;Autovettura privata;In marcia / fermata / arresto;Passeggero;F;Illeso;0;;;
6042680;1;07/07/2022 23:40:00;;VIA DI SAN GREGORIO;in prossimit�;;del palo luce n.;18;;Veicolo in marcia contro ostacolo accidentale;;;;;;;;;;1;0;0;0;12.4899;41.8866;0;1;Motociclo a solo;In marcia / fermata / arresto;Conducente;M;Rifiuta cure immediate;0;NON DECEDUTO;Non accertato;
6042694;1;08/07/2022 11:15:00;Strada Urbana;VIA DEL TEATRO DI MARCELLO;da specificare;;;;in prossimit� DI VIA MONTANARA;Tamponamento;Rettilineo;Una carreggiata a doppio senso;Asciutto;In cubetti di porfido;Verticale ed orizzontale;Sereno;Normale;Buona;;0;0;0;2;12.4807;41.8926;0;1;Ciclomotore;In marcia / fermata / arresto;Conducente;M;Illeso;0;;Non accertato;
6042694;1;08/07/2022 11:15:00;Strada Urbana;VIA DEL TEATRO DI MARCELLO;da specificare;;;;in prossimit� DI VIA MONTANARA;Tamponamento;Rettilineo;Una carreggiata a doppio senso;Asciutto;In cubetti di porfido;Verticale ed orizzontale;Sereno;Normale;Buona;;0;0;0;2;12.4807;41.8926;0;2;Autovettura privata;In marcia / fermata / arresto;Conducente;M;Illeso;0;;;
6042697;1;08/07/2022 09:00:00;Strada Urbana;LUNGOTEVERE DE' CENCI;in prossimit�;;del civico n.;11;;Scontro frontale/laterale DX fra veicoli in marcia;Rettilineo;Una carreggiata a senso unico di marcia;Asciutto;Asfaltata;Assente;Sereno;Intenso;Buona;;1;0;0;1;12.4771;41.8919;-1;1;Motociclo a solo;In marcia / fermata / arresto;Conducente;M;Rimandato;0;NON DECEDUTO;Non accertato;
6042697;1;08/07/2022 09:00:00;Strada Urbana;LUNGOTEVERE DE' CENCI;in prossimit�;;del civico n.;11;;Scontro frontale/laterale DX fra veicoli in marcia;Rettilineo;Una carreggiata a senso unico di marcia;Asciutto;Asfaltata;Assente;Sereno;Intenso;Buona;;1;0;0;1;12.4771;41.8919;-1;2;Autovettura privata;In marcia / fermata / arresto;Conducente;M;Illeso;0;;Non accertato;Inesploso
6042700;1;08/07/2022 11:00:00;Strada Urbana;VIA DEL TRAFORO;all'intersezione con;VIA RASELLA;VIA RASELLA;;;Scontro laterale fra veicoli in marcia;Intersezione stradale segnalata;Una carreggiata a doppio senso;Asciutto;Asfaltata;Verticale ed orizzontale;Sereno;Intenso;Buona;;0;0;0;2;12.4861;41.9024;-1;1;Motociclo a solo;In marcia / fermata / arresto;Conducente;M;Illeso;0;;Non accertato;
6042700;1;08/07/2022 11:00:00;Strada Urbana;VIA DEL TRAFORO;all'intersezione con;VIA RASELLA;VIA RASELLA;;;Scontro laterale fra veicoli in marcia;Intersezione stradale segnalata;Una carreggiata a doppio senso;Asciutto;Asfaltata;Verticale ed orizzontale;Sereno;Intenso;Buona;;0;0;0;2;12.4861;41.9024;-1;2;Autovettura pubblica;In marcia / fermata / arresto;Conducente;M;Illeso;0;;Non accertato;Esploso
6042720;1;08/07/2022 10:25:00;Strada Urbana;CORSO VITTORIO EMANUELE II;all'intersezione con;VIA DEI LEUTARI;VIA DEI LEUTARI;;;Scontro frontale/laterale DX fra veicoli in marcia;Incrocio;Una carreggiata a doppio senso;Asciutto;Asfaltata;Verticale ed orizzontale;Sereno;Normale;Buona;;1;0;0;1;12.4717;41.8971;-1;1;Autovettura pubblica;In marcia / fermata / arresto;Conducente;M;Illeso;0;;Non accertato;Inesploso
6042720;1;08/07/2022 10:25:00;Strada Urbana;CORSO VITTORIO EMANUELE II;all'intersezione con;VIA DEI LEUTARI;VIA DEI LEUTARI;;;Scontro frontale/laterale DX fra veicoli in marcia;Incrocio;Una carreggiata a doppio senso;Asciutto;Asfaltata;Verticale ed orizzontale;Sereno;Normale;Buona;;1;0;0;1;12.4717;41.8971;-1;2;Motociclo a solo;In marcia / fermata / arresto;Conducente;M;Rimandato;0;NON DECEDUTO;;
6042954;6;08/07/2022 18:10:00;Strada Urbana;VIA DEI GORDIANI;all'intersezione con;VIA CHECCO DURANTE;VIA CHECCO DURANTE;;;Scontro laterale fra veicoli in marcia;Incrocio;Una carreggiata a doppio senso;Asciutto;Asfaltata;Verticale ed orizzontale;Sereno;Scarso;Buona;;0;0;0;3;12.5532;41.8814;-1;1;Autovettura privata;In marcia / fermata / arresto;Conducente;F;Illeso;0;;Non accertato;Inesploso
6042954;6;08/07/2022 18:10:00;Strada Urbana;VIA DEI GORDIANI;all'intersezione con;VIA CHECCO DURANTE;VIA CHECCO DURANTE;;;Scontro laterale fra veicoli in marcia;Incrocio;Una carreggiata a doppio senso;Asciutto;Asfaltata;Verticale ed orizzontale;Sereno;Scarso;Buona;;0;0;0;3;12.5532;41.8814;-1;1;Autovettura privata;In marcia / fermata / arresto;Passeggero;M;Illeso;0;;Non accertato;Inesploso
6042954;6;08/07/2022 18:10:00;Strada Urbana;VIA DEI GORDIANI;all'intersezione con;VIA CHECCO DURANTE;VIA CHECCO DURANTE;;;Scontro laterale fra veicoli in marcia;Incrocio;Una carreggiata a doppio senso;Asciutto;Asfaltata;Verticale ed orizzontale;Sereno;Scarso;Buona;;0;0;0;3;12.5532;41.8814;-1;2;Autovettura privata;In marcia / fermata / arresto;Conducente;M;Illeso;0;;Non accertato;Inesploso
6042977;1;08/07/2022 15:00:00;Strada Urbana;VIA RAIMONDO DA CAPUA;in prossimit�;;del civico n.;7;;Veicolo in marcia contro ostacolo accidentale;Rettilineo;Una carreggiata a senso unico di marcia;Asciutto;Asfaltata;Verticale;Sereno;Scarso;Buona;;0;0;0;1;12.4799;41.884;-1;1;Autovettura pubblica;In marcia / fermata / arresto;Conducente;M;Illeso;0;;Non accertato;Inesploso
6043447;11;07/07/2022 09:00:00;Strada Urbana;VIA CRISTOFORO COLOMBO;da specificare;;;;ALTEZZA PALO ACEA 194 PISTA CICLABILE;Infortunio per sola frenata improvvisa;Rettilineo;Una carreggiata a doppio senso;Asciutto;Asfaltata;Verticale ed orizzontale;Sereno;Scarso;Buona;;1;0;0;0;12.4115;41.7858;-1;1;Velocipede;In marcia / fermata / arresto;Conducente;F;Rimandato;0;NON DECEDUTO;Esente;
6043460;11;08/07/2022 14:15:00;Strada Urbana;VIA OSTIENSE;in corrispondenza;;del civico n.;491;;Tamponamento Multiplo;Rettilineo;Una carreggiata a senso unico di marcia;Asciutto;Asfaltata;Verticale ed orizzontale;Sereno;Scarso;Buona;;0;0;0;3;12.4737;41.8471;-1;1;Autovettura privata;In marcia / fermata / arresto;Conducente;M;Illeso;0;;Non accertato;Inesploso
6043460;11;08/07/2022 14:15:00;Strada Urbana;VIA OSTIENSE;in corrispondenza;;del civico n.;491;;Tamponamento Multiplo;Rettilineo;Una carreggiata a senso unico di marcia;Asciutto;Asfaltata;Verticale ed orizzontale;Sereno;Scarso;Buona;;0;0;0;3;12.4737;41.8471;-1;2;Autocarro inferiore 35 q.;In marcia / fermata / arresto;Conducente;M;Illeso;0;;Non accertato;Inesploso
6043460;11;08/07/2022 14:15:00;Strada Urbana;VIA OSTIENSE;in corrispondenza;;del civico n.;491;;Tamponamento Multiplo;Rettilineo;Una carreggiata a senso unico di marcia;Asciutto;Asfaltata;Verticale ed orizzontale;Sereno;Scarso;Buona;;0;0;0;3;12.4737;41.8471;-1;3;Autovettura privata;In marcia / fermata / arresto;Conducente;F;Illeso;0;;Non accertato;Inesploso
6043469;8;08/07/2022 14:00:00;Strada Urbana;VIA ACHEMENIDE;in corrispondenza;;del civico n.;64;;Scontro laterale fra veicoli in marcia;Rettilineo;Una carreggiata a doppio senso;Asciutto;Asfaltata;Assente;Sereno;Scarso;Buona;;0;0;0;1;12.615;41.8815;-1;1;Autovettura privata;In marcia / fermata / arresto;Conducente;M;Illeso;0;;Non accertato;Inesploso
6043469;8;08/07/2022 14:00:00;Strada Urbana;VIA ACHEMENIDE;in corrispondenza;;del civico n.;64;;Scontro laterale fra veicoli in marcia;Rettilineo;Una carreggiata a doppio senso;Asciutto;Asfaltata;Assente;Sereno;Scarso;Buona;;0;0;0;1;12.615;41.8815;-1;2;Autovettura privata;In marcia / fermata / arresto;;;;;;;
6043471;8;08/07/2022 15:45:00;Strada Urbana;VIA DEL FOSSO DELL'OSA;all'intersezione con;VIA DI LUNGHEZZA;VIA DI LUNGHEZZA;;;Scontro frontale fra veicoli in marcia;Intersezione stradale segnalata;Una carreggiata a doppio senso;Asciutto;Asfaltata;Verticale ed orizzontale;Sereno;Normale;Buona;;1;0;0;1;12.675;41.9217;-1;1;Autovettura privata;In marcia / fermata / arresto;Conducente;M;Illeso;0;;Non accertato;Inesploso
6043471;8;08/07/2022 15:45:00;Strada Urbana;VIA DEL FOSSO DELL'OSA;all'intersezione con;VIA DI LUNGHEZZA;VIA DI LUNGHEZZA;;;Scontro frontale fra veicoli in marcia;Intersezione stradale segnalata;Una carreggiata a doppio senso;Asciutto;Asfaltata;Verticale ed orizzontale;Sereno;Normale;Buona;;1;0;0;1;12.675;41.9217;-1;2;Motociclo a solo;In marcia / fermata / arresto;Conducente;M;Rimandato;0;NON DECEDUTO;Non accertato;
6043475;8;08/07/2022 16:00:00;Strada Urbana;VIA DEL PETTIROSSO;da specificare;;;;fronte civico 35;Scontro laterale fra veicoli in marcia;Rettilineo;Una carreggiata a senso unico di marcia;Asciutto;Asfaltata;Assente;Sereno;Normale;Buona;;1;0;0;2;12.5954;41.8678;-1;1;Motociclo a solo;In marcia / fermata / arresto;Conducente;M;Rimandato;0;NON DECEDUTO;Non accertato;
6043475;8;08/07/2022 16:00:00;Strada Urbana;VIA DEL PETTIROSSO;da specificare;;;;fronte civico 35;Scontro laterale fra veicoli in marcia;Rettilineo;Una carreggiata a senso unico di marcia;Asciutto;Asfaltata;Assente;Sereno;Normale;Buona;;1;0;0;2;12.5954;41.8678;-1;2;Autocarro inferiore 35 q.;In marcia / fermata / arresto;Conducente;M;Illeso;0;;Non accertato;Inesploso
6043475;8;08/07/2022 16:00:00;Strada Urbana;VIA DEL PETTIROSSO;da specificare;;;;fronte civico 35;Scontro laterale fra veicoli in marcia;Rettilineo;Una carreggiata a senso unico di marcia;Asciutto;Asfaltata;Assente;Sereno;Normale;Buona;;1;0;0;2;12.5954;41.8678;-1;2;Autocarro inferiore 35 q.;In marcia / fermata / arresto;Passeggero;M;Illeso;0;;Non accertato;Inesploso
6043476;8;08/07/2022 08:55:00;Strada Urbana;VIA DI LUNGHEZZINA;da specificare;;;;550 mt prima Eurospin direzione via Fosso Dell'Osa;Tamponamento Multiplo;Curva senza visuale libera;Una carreggiata a doppio senso;Asciutto;Asfaltata;Orizzontale;Sereno;Normale;Buona;;2;0;0;1;12.708;41.9293;-1;1;Autovettura privata;In marcia / fermata / arresto;Conducente;M;Illeso;0;;;
6043476;8;08/07/2022 08:55:00;Strada Urbana;VIA DI LUNGHEZZINA;da specificare;;;;550 mt prima Eurospin direzione via Fosso Dell'Osa;Tamponamento Multiplo;Curva senza visuale libera;Una carreggiata a doppio senso;Asciutto;Asfaltata;Orizzontale;Sereno;Normale;Buona;;2;0;0;1;12.708;41.9293;-1;2;Autovettura privata;In marcia / fermata / arresto;Conducente;M;Rifiuta cure immediate;0;NON DECEDUTO;Non accertato;Inesploso
6043476;8;08/07/2022 08:55:00;Strada Urbana;VIA DI LUNGHEZZINA;da specificare;;;;550 mt prima Eurospin direzione via Fosso Dell'Osa;Tamponamento Multiplo;Curva senza visuale libera;Una carreggiata a doppio senso;Asciutto;Asfaltata;Orizzontale;Sereno;Normale;Buona;;2;0;0;1;12.708;41.9293;-1;3;Autovettura privata;In marcia / fermata / arresto;Conducente;M;Rifiuta cure immediate;0;NON DECEDUTO;Non accertato;Esploso
6043477;8;08/07/2022 19:00:00;Strada Urbana;VIA DI TORRENOVA;all'intersezione con;VIA DELLE NAIADI;VIA DELLE NAIADI;;;Tamponamento;Incrocio;Una carreggiata a doppio senso;Asciutto;Asfaltata;Verticale ed orizzontale;Sereno;Scarso;Buona;;1;0;0;1;12.6183;41.8782;-1;1;Autovettura privata;In marcia / fermata / arresto;Conducente;F;Illeso;0;;Non accertato;Inesploso
6043477;8;08/07/2022 19:00:00;Strada Urbana;VIA DI TORRENOVA;all'intersezione con;VIA DELLE NAIADI;VIA DELLE NAIADI;;;Tamponamento;Incrocio;Una carreggiata a doppio senso;Asciutto;Asfaltata;Verticale ed orizzontale;Sereno;Scarso;Buona;;1;0;0;1;12.6183;41.8782;-1;2;Motociclo a solo;In marcia / fermata / arresto;Conducente;M;Rimandato;0;NON DECEDUTO;Non accertato;
6043480;8;08/07/2022 10:20:00;Strada Urbana;VIA DEL TORRACCIO DI TORRENOVA;in corrispondenza;;del civico n.;209;;Investimento di pedone;Rettilineo;Una carreggiata a doppio senso;Asciutto;Asfaltata;Orizzontale;Sereno;Normale;Buona;;1;0;0;2;12.6197;41.873;-1;;;;Pedone;F;Rimandato;0;NON DECEDUTO;;
6043480;8;08/07/2022 10:20:00;Strada Urbana;VIA DEL TORRACCIO DI TORRENOVA;in corrispondenza;;del civico n.;209;;Investimento di pedone;Rettilineo;Una carreggiata a doppio senso;Asciutto;Asfaltata;Orizzontale;Sereno;Normale;Buona;;1;0;0;2;12.6197;41.873;-1;1;Autovettura privata;In marcia / fermata / arresto;Conducente;F;Illeso;0;;Non accertato;Inesploso
6043480;8;08/07/2022 10:20:00;Strada Urbana;VIA DEL TORRACCIO DI TORRENOVA;in corrispondenza;;del civico n.;209;;Investimento di pedone;Rettilineo;Una carreggiata a doppio senso;Asciutto;Asfaltata;Orizzontale;Sereno;Normale;Buona;;1;0;0;2;12.6197;41.873;-1;1;Autovettura privata;In marcia / fermata / arresto;Passeggero;M;Illeso;0;;Non accertato;Inesploso
6043481;8;08/07/2022 10:45:00;Strada Urbana;VIA DI TOR BELLA MONACA;in prossimit�;;del civico n.;353;;Tamponamento;Rettilineo;Due carreggiate;Asciutto;Asfaltata;Verticale ed orizzontale;Sereno;Normale;Buona;;0;0;0;3;12.6268;41.8776;-1;1;Autovettura privata;In marcia / fermata / arresto;Conducente;M;Illeso;0;;Non accertato;Inesploso
6043481;8;08/07/2022 10:45:00;Strada Urbana;VIA DI TOR BELLA MONACA;in prossimit�;;del civico n.;353;;Tamponamento;Rettilineo;Due carreggiate;Asciutto;Asfaltata;Verticale ed orizzontale;Sereno;Normale;Buona;;0;0;0;3;12.6268;41.8776;-1;2;Autovettura privata;In marcia / fermata / arresto;Conducente;M;Illeso;0;;Non accertato;Inesploso
6043481;8;08/07/2022 10:45:00;Strada Urbana;VIA DI TOR BELLA MONACA;in prossimit�;;del civico n.;353;;Tamponamento;Rettilineo;Due carreggiate;Asciutto;Asfaltata;Verticale ed orizzontale;Sereno;Normale;Buona;;0;0;0;3;12.6268;41.8776;-1;2;Autovettura privata;In marcia / fermata / arresto;Passeggero;F;Illeso;0;;Non accertato;Inesploso
6043503;11;08/07/2022 17:20:00;Strada Urbana;VIA ANTONINO PIO;in prossimit�;;del civico n.;40;;Veicolo in marcia contro veicolo in sosta;Rettilineo;Una carreggiata a senso unico di marcia;Asciutto;Asfaltata;Verticale ed orizzontale;Sereno;Scarso;Buona;;0;0;0;1;12.4808;41.8526;-1;1;Autovettura privata;In marcia / fermata / arresto;Conducente;F;Illeso;0;;Non accertato;
6043503;11;08/07/2022 17:20:00;Strada Urbana;VIA ANTONINO PIO;in prossimit�;;del civico n.;40;;Veicolo in marcia contro veicolo in sosta;Rettilineo;Una carreggiata a senso unico di marcia;Asciutto;Asfaltata;Verticale ed orizzontale;Sereno;Scarso;Buona;;0;0;0;1;12.4808;41.8526;-1;2;Autovettura privata;Sosta;;;;;;;
6043527;11;09/07/2022 00:40:00;Strada Urbana;CIRCONVALLAZIONE OSTIENSE;all'intersezione semaforizzata con;VIA PADRE REGINALDO GIULIANI;VIA PADRE REGINALDO GIULIANI;;;Scontro frontale/laterale DX fra veicoli in marcia;Intersezione semaforizzata;Una carreggiata a senso unico di marcia;Asciutto;Asfaltata;Verticale ed orizzontale;Sereno;Scarso;Buona;;1;0;0;1;12.4931;41.8669;-1;1;Autovettura privata;In marcia / fermata / arresto;Conducente;M;Illeso;0;;Non accertato;Inesploso
6043527;11;09/07/2022 00:40:00;Strada Urbana;CIRCONVALLAZIONE OSTIENSE;all'intersezione semaforizzata con;VIA PADRE REGINALDO GIULIANI;VIA PADRE REGINALDO GIULIANI;;;Scontro frontale/laterale DX fra veicoli in marcia;Intersezione semaforizzata;Una carreggiata a senso unico di marcia;Asciutto;Asfaltata;Verticale ed orizzontale;Sereno;Scarso;Buona;;1;0;0;1;12.4931;41.8669;-1;2;Motociclo a solo;In marcia / fermata / arresto;Conducente;M;Rimandato;0;NON DECEDUTO;Non accertato;
6043553;20;08/07/2022 03:00:00;Statale entro l'abitato;VIA CASSIA;all'intersezione con;VIA FRANCESCO COLETTI;VIA FRANCESCO COLETTI;;;Scontro frontale fra veicoli in marcia;Incrocio;Una carreggiata a senso unico di marcia;Bagnato (pioggia);Asfaltata;Verticale ed orizzontale;Sereno;Scarso;Buona;;0;0;0;3;12.4137;41.9828;-1;1;Autovettura privata;In marcia / fermata / arresto;Conducente;F;Illeso;0;;;
6043553;20;08/07/2022 03:00:00;Statale entro l'abitato;VIA CASSIA;all'intersezione con;VIA FRANCESCO COLETTI;VIA FRANCESCO COLETTI;;;Scontro frontale fra veicoli in marcia;Incrocio;Una carreggiata a senso unico di marcia;Bagnato (pioggia);Asfaltata;Verticale ed orizzontale;Sereno;Scarso;Buona;;0;0;0;3;12.4137;41.9828;-1;2;Autovettura privata;In marcia / fermata / arresto;Conducente;M;Illeso;0;;;
6043553;20;08/07/2022 03:00:00;Statale entro l'abitato;VIA CASSIA;all'intersezione con;VIA FRANCESCO COLETTI;VIA FRANCESCO COLETTI;;;Scontro frontale fra veicoli in marcia;Incrocio;Una carreggiata a senso unico di marcia;Bagnato (pioggia);Asfaltata;Verticale ed orizzontale;Sereno;Scarso;Buona;;0;0;0;3;12.4137;41.9828;-1;2;Autovettura privata;In marcia / fermata / arresto;Passeggero;M;Illeso;0;;;
6043554;20;08/07/2022 19:30:00;Regionale;VIA CASSIA;in prossimit�;;del civico n.;2000;;Scontro laterale fra veicoli in marcia;Rettilineo;Una carreggiata a doppio senso;Asciutto;Asfaltata;Orizzontale;Sereno;Scarso;Sufficiente;;0;0;0;5;12.3756;42.0307;-1;1;Autovettura privata;In marcia / fermata / arresto;Conducente;M;Illeso;0;;;
6043554;20;08/07/2022 19:30:00;Regionale;VIA CASSIA;in prossimit�;;del civico n.;2000;;Scontro laterale fra veicoli in marcia;Rettilineo;Una carreggiata a doppio senso;Asciutto;Asfaltata;Orizzontale;Sereno;Scarso;Sufficiente;;0;0;0;5;12.3756;42.0307;-1;1;Autovettura privata;In marcia / fermata / arresto;Passeggero;M;Illeso;0;;;
6043554;20;08/07/2022 19:30:00;Regionale;VIA CASSIA;in prossimit�;;del civico n.;2000;;Scontro laterale fra veicoli in marcia;Rettilineo;Una carreggiata a doppio senso;Asciutto;Asfaltata;Orizzontale;Sereno;Scarso;Sufficiente;;0;0;0;5;12.3756;42.0307;-1;1;Autovettura privata;In marcia / fermata / arresto;Passeggero;M;Illeso;0;;;
6043554;20;08/07/2022 19:30:00;Regionale;VIA CASSIA;in prossimit�;;del civico n.;2000;;Scontro laterale fra veicoli in marcia;Rettilineo;Una carreggiata a doppio senso;Asciutto;Asfaltata;Orizzontale;Sereno;Scarso;Sufficiente;;0;0;0;5;12.3756;42.0307;-1;1;Autovettura privata;In marcia / fermata / arresto;Passeggero;M;Illeso;0;;;
6043554;20;08/07/2022 19:30:00;Regionale;VIA CASSIA;in prossimit�;;del civico n.;2000;;Scontro laterale fra veicoli in marcia;Rettilineo;Una carreggiata a doppio senso;Asciutto;Asfaltata;Orizzontale;Sereno;Scarso;Sufficiente;;0;0;0;5;12.3756;42.0307;-1;2;Autovettura privata;In marcia / fermata / arresto;Conducente;M;Illeso;0;;;
6043560;11;09/07/2022 02:00:00;Strada Urbana;VIALE CARLO TOMMASO ODESCALCHI;all'intersezione con;VIA LIVIO AGRESTI;VIA LIVIO AGRESTI;;;Scontro frontale/laterale SX fra veicoli in marcia;Intersezione stradale segnalata;Due carreggiate;Asciutto;Asfaltata;Verticale ed orizzontale;Sereno;Scarso;Sufficiente;;1;0;0;3;12.4986;41.8536;-1;1;Autovettura privata;In marcia / fermata / arresto;Conducente;M;Illeso;0;;Non accertato;Inesploso
6043560;11;09/07/2022 02:00:00;Strada Urbana;VIALE CARLO TOMMASO ODESCALCHI;all'intersezione con;VIA LIVIO AGRESTI;VIA LIVIO AGRESTI;;;Scontro frontale/laterale SX fra veicoli in marcia;Intersezione stradale segnalata;Due carreggiate;Asciutto;Asfaltata;Verticale ed orizzontale;Sereno;Scarso;Sufficiente;;1;0;0;3;12.4986;41.8536;-1;1;Autovettura privata;In marcia / fermata / arresto;Passeggero;F;Illeso;0;;Non accertato;Inesploso
6043560;11;09/07/2022 02:00:00;Strada Urbana;VIALE CARLO TOMMASO ODESCALCHI;all'intersezione con;VIA LIVIO AGRESTI;VIA LIVIO AGRESTI;;;Scontro frontale/laterale SX fra veicoli in marcia;Intersezione stradale segnalata;Due carreggiate;Asciutto;Asfaltata;Verticale ed orizzontale;Sereno;Scarso;Sufficiente;;1;0;0;3;12.4986;41.8536;-1;1;Autovettura privata;In marcia / fermata / arresto;Passeggero;M;Illeso;0;;Non accertato;Inesploso
6043560;11;09/07/2022 02:00:00;Strada Urbana;VIALE CARLO TOMMASO ODESCALCHI;all'intersezione con;VIA LIVIO AGRESTI;VIA LIVIO AGRESTI;;;Scontro frontale/laterale SX fra veicoli in marcia;Intersezione stradale segnalata;Due carreggiate;Asciutto;Asfaltata;Verticale ed orizzontale;Sereno;Scarso;Sufficiente;;1;0;0;3;12.4986;41.8536;-1;2;Autovettura privata;In marcia / fermata / arresto;Conducente;F;Rifiuta cure immediate;0;NON DECEDUTO;Non accertato;Inesploso