Protocollo;Gruppo;DataOraIncidente;Localizzazione1;STRADA1;Localizzazione2;STRADA2;Strada02;Chilometrica;DaSpecificare;NaturaIncidente;particolaritastrade;TipoStrada;FondoStradale;Pavimentazione;Segnaletica;CondizioneAtmosferica;Traffico;Visibilita;Illuminazione;NUM_FERITI;NUM_RISERVATA;NUM_MORTI;NUM_ILLESI;Longitude;Latitude;Confermato;Progressivo;TipoVeicolo;StatoVeicolo;TipoPersona;Sesso;Tipolesione;Deceduto;DecedutoDopo;CinturaCascoUtilizzato;Airbag;
6045420;8;09/07/2022 19:07:00;Strada Urbana;VIA MONSIGNOR PIETRO ORSI;da specificare;;;;altezza VIA PIERO CORTI ;Veicolo in marcia che urta buche nella carreggiata;Curva a visuale libera;Una carreggiata a doppio senso;Asciutto;Strada pavimentata dissestata;Verticale ed orizzontale;Sereno;Scarso;Buona;;2;0;0;0;12.6708;41.9052;-1;1;Motociclo con passeggero;In marcia / fermata / arresto;Passeggero;M;Rifiuta cure immediate;0;NON DECEDUTO;Non accertato;
6045424;10;10/07/2022 10:40:00;Strada Urbana;VIA FRANCESCO GENTILE;in corrispondenza;;del civico n.;87;;Veicolo in marcia contro veicolo in sosta;Rettilineo;Una carreggiata a doppio senso;Asciutto;Asfaltata;Assente;Sereno;Scarso;Buona;;0;0;0;2;12.5874;41.8549;-1;1;Autovettura privata;In marcia / fermata / arresto;Conducente;F;Illeso;0;;Non accertato;Inesploso
6045424;10;10/07/2022 10:40:00;Strada Urbana;VIA FRANCESCO GENTILE;in corrispondenza;;del civico n.;87;;Veicolo in marcia contro veicolo in sosta;Rettilineo;Una carreggiata a doppio senso;Asciutto;Asfaltata;Assente;Sereno;Scarso;Buona;;0;0;0;2;12.5874;41.8549;-1;1;Autovettura privata;In marcia / fermata / arresto;Passeggero;F;Illeso;0;;Non accertato;Inesploso
6045424;10;10/07/2022 10:40:00;Strada Urbana;VIA FRANCESCO GENTILE;in corrispondenza;;del civico n.;87;;Veicolo in marcia contro veicolo in sosta;Rettilineo;Una carreggiata a doppio senso;Asciutto;Asfaltata;Assente;Sereno;Scarso;Buona;;0;0;0;2;12.5874;41.8549;-1;2;Motociclo con passeggero;Sosta;;;;;;;
6045425;8;10/07/2022 01:15:00;Strada Urbana;VIA DI TOR BELLA MONACA;in prossimit�;;del civico n.;353;;Scontro laterale fra veicoli in marcia;Rettilineo;Due carreggiate;Asciutto;Asfaltata;Orizzontale;Sereno;Normale;Sufficiente;;0;0;0;5;12.6266;41.8773;-1;1;Autovettura privata;In marcia / fermata / arresto;Conducente;M;Illeso;0;;;
6045425;8;10/07/2022 01:15:00;Strada Urbana;VIA DI TOR BELLA MONACA;in prossimit�;;del civico n.;353;;Scontro laterale fra veicoli in marcia;Rettilineo;Due carreggiate;Asciutto;Asfaltata;Orizzontale;Sereno;Normale;Sufficiente;;0;0;0;5;12.6266;41.8773;-1;1;Autovettura privata;In marcia / fermata / arresto;Passeggero;M;Illeso;0;;;
6045425;8;10/07/2022 01:15:00;Strada Urbana;VIA DI TOR BELLA MONACA;in prossimit�;;del civico n.;353;;Scontro laterale fra veicoli in marcia;Rettilineo;Due carreggiate;Asciutto;Asfaltata;Orizzontale;Sereno;Normale;Sufficiente;;0;0;0;5;12.6266;41.8773;-1;2;Autovettura privata;In marcia / fermata / arresto;Conducente;M;Illeso;0;;;
6045425;8;10/07/2022 01:15:00;Strada Urbana;VIA DI TOR BELLA MONACA;in prossimit�;;del civico n.;353;;Scontro laterale fra veicoli in marcia;Rettilineo;Due carreggiate;Asciutto;Asfaltata;Orizzontale;Sereno;Normale;Sufficiente;;0;0;0;5;12.6266;41.8773;-1;2;Autovettura privata;In marcia / fermata / arresto;Passeggero;M;Illeso;0;;;
6045425;8;10/07/2022 01:15:00;Strada Urbana;VIA DI TOR BELLA MONACA;in prossimit�;;del civico n.;353;;Scontro laterale fra veicoli in marcia;Rettilineo;Due carreggiate;Asciutto;Asfaltata;Orizzontale;Sereno;Normale;Sufficiente;;0;0;0;5;12.6266;41.8773;-1;2;Autovettura privata;In marcia / fermata / arresto;Passeggero;F;Illeso;0;;;
6045428;8;10/07/2022 11:15:00;Strada Urbana;VIA DEL FUOCO SACRO;in corrispondenza;;del civico n.;75;;Investimento di pedone;Rettilineo;Una carreggiata a doppio senso;Asciutto;Asfaltata;Verticale ed orizzontale;Sereno;Normale;Buona;;1;0;0;1;12.6422;41.8652;-1;;;;Pedone;F;Rimandato;0;NON DECEDUTO;;
6045428;8;10/07/2022 11:15:00;Strada Urbana;VIA DEL FUOCO SACRO;in corrispondenza;;del civico n.;75;;Investimento di pedone;Rettilineo;Una carreggiata a doppio senso;Asciutto;Asfaltata;Verticale ed orizzontale;Sereno;Normale;Buona;;1;0;0;1;12.6422;41.8652;-1;1;Autovettura privata;In marcia / fermata / arresto;Conducente;F;Illeso;0;;Non accertato;Inesploso
6045428;8;10/07/2022 11:15:00;Strada Urbana;VIA DEL FUOCO SACRO;in corrispondenza;;del civico n.;75;;Investimento di pedone;Rettilineo;Una carreggiata a doppio senso;Asciutto;Asfaltata;Verticale ed orizzontale;Sereno;Normale;Buona;;1;0;0;1;12.6422;41.8652;-1;2;Autovettura privata;Sosta;;;;;;;
6045441;11;10/07/2022 10:15:00;Strada Urbana;VICOLO DELL'ANNUNZIATELLA;all'intersezione con;VIA ARDEATINA;VIA ARDEATINA;;;Scontro frontale/laterale SX fra veicoli in marcia;Intersezione stradale segnalata;Una carreggiata a doppio senso;Asciutto;Asfaltata;Verticale ed orizzontale;Sereno;Scarso;Buona;;0;0;0;2;12.5156;41.8441;-1;1;Autocarro inferiore 35 q.;In marcia / fermata / arresto;Conducente;M;Illeso;0;;Non accertato;
6045441;11;10/07/2022 10:15:00;Strada Urbana;VICOLO DELL'ANNUNZIATELLA;all'intersezione con;VIA ARDEATINA;VIA ARDEATINA;;;Scontro frontale/laterale SX fra veicoli in marcia;Intersezione stradale segnalata;Una carreggiata a doppio senso;Asciutto;Asfaltata;Verticale ed orizzontale;Sereno;Scarso;Buona;;0;0;0;2;12.5156;41.8441;-1;2;Autovettura privata;In marcia / fermata / arresto;Conducente;M;Illeso;0;;Non accertato;
6045442;18;10/07/2022 12:30:00;Strada Urbana;VIA MONCHIERO;da specificare;;;;in prossimit� di Via Gamalero;Tamponamento;Rettilineo;Una carreggiata a senso unico di marcia;Asciutto;Asfaltata;Verticale ed orizzontale;Sereno;Scarso;Buona;;0;0;0;2;12.3743;41.9175;-1;1;Autovettura privata;In marcia / fermata / arresto;Conducente;M;Illeso;0;;Non accertato;Inesploso
6045442;18;10/07/2022 12:30:00;Strada Urbana;VIA MONCHIERO;da specificare;;;;in prossimit� di Via Gamalero;Tamponamento;Rettilineo;Una carreggiata a senso unico di marcia;Asciutto;Asfaltata;Verticale ed orizzontale;Sereno;Scarso;Buona;;0;0;0;2;12.3743;41.9175;-1;2;Autovettura privata;In marcia / fermata / arresto;Conducente;M;Illeso;0;;Non accertato;Inesploso
6045443;1;09/07/2022 08:40:00;Strada Urbana;LARGO GIOVANNI BATTISTA MARZI;all'intersezione con;VIA ALDO MANUZIO;VIA ALDO MANUZIO;;;Scontro frontale/laterale DX fra veicoli in marcia;Intersezione stradale segnalata;Una carreggiata a doppio senso;Asciutto;Asfaltata;Verticale ed orizzontale;Sereno;Normale;Buona;;1;0;0;2;12.4709;41.8768;-1;1;Autobus urbano;In marcia / fermata / arresto;Conducente;M;Illeso;0;;;
6045443;1;09/07/2022 08:40:00;Strada Urbana;LARGO GIOVANNI BATTISTA MARZI;all'intersezione con;VIA ALDO MANUZIO;VIA ALDO MANUZIO;;;Scontro frontale/laterale DX fra veicoli in marcia;Intersezione stradale segnalata;Una carreggiata a doppio senso;Asciutto;Asfaltata;Verticale ed orizzontale;Sereno;Normale;Buona;;1;0;0;2;12.4709;41.8768;-1;2;Motociclo a solo;In marcia / fermata / arresto;Conducente;M;Rimandato;0;NON DECEDUTO;;
6045443;1;09/07/2022 08:40:00;Strada Urbana;LARGO GIOVANNI BATTISTA MARZI;all'intersezione con;VIA ALDO MANUZIO;VIA ALDO MANUZIO;;;Scontro frontale/laterale DX fra veicoli in marcia;Intersezione stradale segnalata;Una carreggiata a doppio senso;Asciutto;Asfaltata;Verticale ed orizzontale;Sereno;Normale;Buona;;1;0;0;2;12.4709;41.8768;-1;3;Autovettura privata;In marcia / fermata / arresto;Conducente;M;Illeso;0;;;
6045455;11;09/07/2022 12:00:00;Strada Urbana;VIA COSTANTINO;in corrispondenza;;del civico n.;30;;Investimento di pedone;Rettilineo;Una carreggiata a senso unico di marcia;Asciutto;Asfaltata;Verticale ed orizzontale;Sereno;Normale;Buona;;0;0;0;2;12.4889;41.8558;-1;;;;Pedone;F;Illeso;0;;;
6045455;11;09/07/2022 12:00:00;Strada Urbana;VIA COSTANTINO;in corrispondenza;;del civico n.;30;;Investimento di pedone;Rettilineo;Una carreggiata a senso unico di marcia;Asciutto;Asfaltata;Verticale ed orizzontale;Sereno;Normale;Buona;;0;0;0;2;12.4889;41.8558;-1;1;Motociclo a solo;In marcia / fermata / arresto;Conducente;M;Illeso;0;;Non utilizzato;
6045458;18;10/07/2022 18:20:00;Strada Urbana;VIA MATTIA BATTISTINI;in corrispondenza;;del civico n.;59;;Investimento di pedone;Rettilineo;Una carreggiata a doppio senso;Asciutto;Asfaltata;Verticale ed orizzontale;Sereno;Scarso;Buona;;1;0;0;4;12.4126;41.9065;-1;;;;Pedone;F;Ricoverato;0;NON DECEDUTO;;
6045458;18;10/07/2022 18:20:00;Strada Urbana;VIA MATTIA BATTISTINI;in corrispondenza;;del civico n.;59;;Investimento di pedone;Rettilineo;Una carreggiata a doppio senso;Asciutto;Asfaltata;Verticale ed orizzontale;Sereno;Scarso;Buona;;1;0;0;4;12.4126;41.9065;-1;1;Autovettura privata;In marcia / fermata / arresto;Conducente;M;Illeso;0;;;
6045458;18;10/07/2022 18:20:00;Strada Urbana;VIA MATTIA BATTISTINI;in corrispondenza;;del civico n.;59;;Investimento di pedone;Rettilineo;Una carreggiata a doppio senso;Asciutto;Asfaltata;Verticale ed orizzontale;Sereno;Scarso;Buona;;1;0;0;4;12.4126;41.9065;-1;1;Autovettura privata;In marcia / fermata / arresto;Passeggero;F;Illeso;0;;;
6045458;18;10/07/2022 18:20:00;Strada Urbana;VIA MATTIA BATTISTINI;in corrispondenza;;del civico n.;59;;Investimento di pedone;Rettilineo;Una carreggiata a doppio senso;Asciutto;Asfaltata;Verticale ed orizzontale;Sereno;Scarso;Buona;;1;0;0;4;12.4126;41.9065;-1;1;Autovettura privata;In marcia / fermata / arresto;Passeggero;F;Illeso;0;;;
6045458;18;10/07/2022 18:20:00;Strada Urbana;VIA MATTIA BATTISTINI;in corrispondenza;;del civico n.;59;;Investimento di pedone;Rettilineo;Una carreggiata a doppio senso;Asciutto;Asfaltata;Verticale ed orizzontale;Sereno;Scarso;Buona;;1;0;0;4;12.4126;41.9065;-1;1;Autovettura privata;In marcia / fermata / arresto;Passeggero;F;Illeso;0;;;
6045459;1;08/07/2022 19:40:00;Strada Urbana;VIALE CARLO FELICE;da specificare;;;;pressi P.ZZA S. CROCE IN GERUSALEMME;Scontro laterale fra veicoli in marcia;Rettilineo;Una carreggiata a doppio senso;Asciutto;Asfaltata;Verticale ed orizzontale;Sereno;Scarso;Buona;;1;0;0;0;12.514;41.8879;0;1;Motociclo a solo;In marcia / fermata / arresto;Conducente;M;Rimandato;0;NON DECEDUTO;Non accertato;
6045459;1;08/07/2022 19:40:00;Strada Urbana;VIALE CARLO FELICE;da specificare;;;;pressi P.ZZA S. CROCE IN GERUSALEMME;Scontro laterale fra veicoli in marcia;Rettilineo;Una carreggiata a doppio senso;Asciutto;Asfaltata;Verticale ed orizzontale;Sereno;Scarso;Buona;;1;0;0;0;12.514;41.8879;0;2;Autovettura privata;Allontanatosi;;;;;;;
6045460;11;10/07/2022 05:45:00;Strada Urbana;VIA GIUSEPPE BERTO;all'intersezione semaforizzata con;VIA DI GROTTA PERFETTA;VIA DI GROTTA PERFETTA;;;Scontro laterale fra veicoli in marcia;Intersezione semaforizzata;Due carreggiate;Asciutto;Asfaltata;Verticale ed orizzontale;Sereno;Scarso;Buona;;1;0;0;1;12.4949;41.8427;-1;1;Autovettura privata;In marcia / fermata / arresto;Conducente;M;Illeso;0;;;
6045460;11;10/07/2022 05:45:00;Strada Urbana;VIA GIUSEPPE BERTO;all'intersezione semaforizzata con;VIA DI GROTTA PERFETTA;VIA DI GROTTA PERFETTA;;;Scontro laterale fra veicoli in marcia;Intersezione semaforizzata;Due carreggiate;Asciutto;Asfaltata;Verticale ed orizzontale;Sereno;Scarso;Buona;;1;0;0;1;12.4949;41.8427;-1;2;Velocipede;In marcia / fermata / arresto;Conducente;M;Ricoverato;0;NON DECEDUTO;Esente;
6045463;16;09/07/2022 07:15:00;Strada Urbana;VIA DEI BENTIVOGLIO;all'intersezione con;VIA DELLA PISANA;VIA DELLA PISANA;;;Scontro frontale/laterale SX fra veicoli in marcia;Intersezione stradale segnalata;Una carreggiata a doppio senso;Asciutto;Asfaltata;Verticale ed orizzontale;Sereno;Normale;Buona;;1;0;0;1;12.4186;41.8842;-1;1;Motociclo a solo;In marcia / fermata / arresto;Conducente;M;Ricoverato;0;NON DECEDUTO;Non accertato;
6045463;16;09/07/2022 07:15:00;Strada Urbana;VIA DEI BENTIVOGLIO;all'intersezione con;VIA DELLA PISANA;VIA DELLA PISANA;;;Scontro frontale/laterale SX fra veicoli in marcia;Intersezione stradale segnalata;Una carreggiata a doppio senso;Asciutto;Asfaltata;Verticale ed orizzontale;Sereno;Normale;Buona;;1;0;0;1;12.4186;41.8842;-1;2;Autovettura privata;In marcia / fermata / arresto;Conducente;M;Illeso;0;;Non accertato;
6045474;10;10/07/2022 10:50:00;Strada Urbana;VIA TUSCOLANA;in corrispondenza;;del civico n.;855/B;;Tamponamento;Rettilineo;Due carreggiate;Asciutto;Asfaltata;Verticale ed orizzontale;Sereno;Intenso;Buona;;1;0;0;1;12.5603;41.858;-1;1;Autovettura privata;In marcia / fermata / arresto;Conducente;M;Illeso;0;;Non accertato;Inesploso
6045474;10;10/07/2022 10:50:00;Strada Urbana;VIA TUSCOLANA;in corrispondenza;;del civico n.;855/B;;Tamponamento;Rettilineo;Due carreggiate;Asciutto;Asfaltata;Verticale ed orizzontale;Sereno;Intenso;Buona;;1;0;0;1;12.5603;41.858;-1;2;Motociclo a solo;In marcia / fermata / arresto;Conducente;M;Rimandato;0;NON DECEDUTO;Non accertato;
6045482;1;10/07/2022 23:40:00;Strada Urbana;VIA CERNAIA;in prossimit�;;del civico n.;1;;Investimento di pedone;Rettilineo;Una carreggiata a senso unico di marcia;Asciutto;Asfaltata;Verticale;Sereno;Scarso;Insufficiente;;1;0;0;3;12.4963;41.9037;-1;;;;Pedone;M;Rimandato;0;NON DECEDUTO;;
6045482;1;10/07/2022 23:40:00;Strada Urbana;VIA CERNAIA;in prossimit�;;del civico n.;1;;Investimento di pedone;Rettilineo;Una carreggiata a senso unico di marcia;Asciutto;Asfaltata;Verticale;Sereno;Scarso;Insufficiente;;1;0;0;3;12.4963;41.9037;-1;1;Autovettura privata;In marcia / fermata / arresto;Conducente;F;Illeso;0;;Non accertato;Inesploso
6045482;1;10/07/2022 23:40:00;Strada Urbana;VIA CERNAIA;in prossimit�;;del civico n.;1;;Investimento di pedone;Rettilineo;Una carreggiata a senso unico di marcia;Asciutto;Asfaltata;Verticale;Sereno;Scarso;Insufficiente;;1;0;0;3;12.4963;41.9037;-1;1;Autovettura privata;In marcia / fermata / arresto;Passeggero;M;Illeso;0;;Non accertato;Inesploso
6045482;1;10/07/2022 23:40:00;Strada Urbana;VIA CERNAIA;in prossimit�;;del civico n.;1;;Investimento di pedone;Rettilineo;Una carreggiata a senso unico di marcia;Asciutto;Asfaltata;Verticale;Sereno;Scarso;Insufficiente;;1;0;0;3;12.4963;41.9037;-1;1;Autovettura privata;In marcia / fermata / arresto;Passeggero;M;Illeso;0;;Non accertato;Inesploso
6045487;20;10/07/2022 12:00:00;Strada Urbana;VIA VIBIO MARIANO;in prossimit�;;del civico n.;28;;Veicolo in marcia contro veicolo in sosta;Rettilineo;Una carreggiata a doppio senso;Asciutto;Asfaltata;Assente;Sereno;Scarso;Buona;;0;0;0;1;12.4446;41.9658;-1;1;Autovettura privata;In marcia / fermata / arresto;Conducente;M;Illeso;0;;;
6045487;20;10/07/2022 12:00:00;Strada Urbana;VIA VIBIO MARIANO;in prossimit�;;del civico n.;28;;Veicolo in marcia contro veicolo in sosta;Rettilineo;Una carreggiata a doppio senso;Asciutto;Asfaltata;Assente;Sereno;Scarso;Buona;;0;0;0;1;12.4446;41.9658;-1;2;Autovettura privata;Sosta;;;;;;;
6045489;6;09/07/2022 02:00:00;Strada Urbana;VIA SAMPIERO DI BASTELICA;all'intersezione con;VIA NICOLO' FORTEGUERRI;VIA NICOLO' FORTEGUERRI;;;Scontro frontale/laterale DX fra veicoli in marcia;Incrocio;Una carreggiata a senso unico di marcia;Asciutto;Asfaltata;Verticale ed orizzontale;Sereno;Scarso;Sufficiente;;1;0;0;1;12.541;41.891;-1;1;Autovettura pubblica;In marcia / fermata / arresto;Conducente;M;Illeso;0;;Non accertato;Inesploso
6045489;6;09/07/2022 02:00:00;Strada Urbana;VIA SAMPIERO DI BASTELICA;all'intersezione con;VIA NICOLO' FORTEGUERRI;VIA NICOLO' FORTEGUERRI;;;Scontro frontale/laterale DX fra veicoli in marcia;Incrocio;Una carreggiata a senso unico di marcia;Asciutto;Asfaltata;Verticale ed orizzontale;Sereno;Scarso;Sufficiente;;1;0;0;1;12.541;41.891;-1;2;Velocipede;In marcia / fermata / arresto;Conducente;M;Rimandato;0;NON DECEDUTO;Esente;
6045491;18;10/07/2022 20:30:00;Statale entro l'abitato;VIA AURELIA;da specificare;;;;in prossimit� del fronte civico 668;Scontro frontale/laterale DX fra veicoli in marcia;Rettilineo;Due carreggiate;Asciutto;Asfaltata;Verticale ed orizzontale;Sereno;Normale;Buona;;1;0;0;1;12.4012;41.8861;-1;1;Autovettura privata;In marcia / fermata / arresto;Conducente;M;Illeso;0;;Non accertato;Inesploso
6045491;18;10/07/2022 20:30:00;Statale entro l'abitato;VIA AURELIA;da specificare;;;;in prossimit� del fronte civico 668;Scontro frontale/laterale DX fra veicoli in marcia;Rettilineo;Due carreggiate;Asciutto;Asfaltata;Verticale ed orizzontale;Sereno;Normale;Buona;;1;0;0;1;12.4012;41.8861;-1;2;Motociclo a solo;In marcia / fermata / arresto;Conducente;M;Rimandato;0;NON DECEDUTO;Non accertato;
6045492;7;10/07/2022 08:20:00;Strada Urbana;VIALE PALMIRO TOGLIATTI;da specificare;;;;altezza via dei Gelsi ;Tamponamento;Rettilineo;Due carreggiate;Asciutto;Asfaltata;Verticale ed orizzontale;Sereno;Normale;Buona;;0;0;0;1;12.5733;41.8872;-1;1;Autovettura privata;In marcia / fermata / arresto;Conducente;M;Illeso;0;;Non accertato;Inesploso
6045492;7;10/07/2022 08:20:00;Strada Urbana;VIALE PALMIRO TOGLIATTI;da specificare;;;;altezza via dei Gelsi ;Tamponamento;Rettilineo;Due carreggiate;Asciutto;Asfaltata;Verticale ed orizzontale;Sereno;Normale;Buona;;0;0;0;1;12.5733;41.8872;-1;2;Motociclo a solo;In marcia / fermata / arresto;;;;;;;
6045496;1;09/07/2022 13:40:00;Strada Urbana;VIA VOLTURNO;all'intersezione con;VIA CALATAFIMI;VIA CALATAFIMI;;;Scontro frontale/laterale SX fra veicoli in marcia;Incrocio;Una carreggiata a doppio senso;Asciutto;Asfaltata;Verticale ed orizzontale;Sereno;Intenso;Sufficiente;;2;0;0;1;12.5;41.9042;-1;1;Autovettura privata;In marcia / fermata / arresto;Conducente;M;Rimandato;0;NON DECEDUTO;;
6045496;1;09/07/2022 13:40:00;Strada Urbana;VIA VOLTURNO;all'intersezione con;VIA CALATAFIMI;VIA CALATAFIMI;;;Scontro frontale/laterale SX fra veicoli in marcia;Incrocio;Una carreggiata a doppio senso;Asciutto;Asfaltata;Verticale ed orizzontale;Sereno;Intenso;Sufficiente;;2;0;0;1;12.5;41.9042;-1;2;Autobus urbano;In marcia / fermata / arresto;Conducente;M;Illeso;0;;;
6045496;1;09/07/2022 13:40:00;Strada Urbana;VIA VOLTURNO;all'intersezione con;VIA CALATAFIMI;VIA CALATAFIMI;;;Scontro frontale/laterale SX fra veicoli in marcia;Incrocio;Una carreggiata a doppio senso;Asciutto;Asfaltata;Verticale ed orizzontale;Sereno;Intenso;Sufficiente;;2;0;0;1;12.5;41.9042;-1;2;Autobus urbano;In marcia / fermata / arresto;Passeggero;M;Rimandato;0;NON DECEDUTO;;
6045499;16;07/07/2022 13:09:00;Strada Urbana;VIALE DEI COLLI PORTUENSI;in corrispondenza;;del civico n.;401;;Scontro laterale fra veicoli in marcia;Rettilineo;Due carreggiate;Asciutto;Asfaltata;Verticale ed orizzontale;Sereno;Normale;Buona;;0;0;0;3;12.4441;41.8646;-1;1;Autovettura privata;In marcia / fermata / arresto;Conducente;M;Illeso;0;;Non accertato;Inesploso
6045499;16;07/07/2022 13:09:00;Strada Urbana;VIALE DEI COLLI PORTUENSI;in corrispondenza;;del civico n.;401;;Scontro laterale fra veicoli in marcia;Rettilineo;Due carreggiate;Asciutto;Asfaltata;Verticale ed orizzontale;Sereno;Normale;Buona;;0;0;0;3;12.4441;41.8646;-1;1;Autovettura privata;In marcia / fermata / arresto;Passeggero;F;Illeso;0;;Non accertato;Inesploso
6045499;16;07/07/2022 13:09:00;Strada Urbana;VIALE DEI COLLI PORTUENSI;in corrispondenza;;del civico n.;401;;Scontro laterale fra veicoli in marcia;Rettilineo;Due carreggiate;Asciutto;Asfaltata;Verticale ed orizzontale;Sereno;Normale;Buona;;0;0;0;3;12.4441;41.8646;-1;2;Autovettura privata;In marcia / fermata / arresto;Conducente;F;Illeso;0;;Non accertato;Inesploso
6045501;10;10/07/2022 15:30:00;Strada Urbana;VIA SCRIBONIO CURIONE;da specificare;;;;fronte al civico 14 (spartitraffico centrale);Veicolo in marcia contro veicoli in sosta;Rettilineo;Due carreggiate;Asciutto;Asfaltata;Verticale ed orizzontale;Sereno;Scarso;Buona;;0;0;0;1;12.5539;41.8638;-1;1;Autovettura privata;Sosta;Passeggero;F;Illeso;0;;Non accertato;Inesploso
6045501;10;10/07/2022 15:30:00;Strada Urbana;VIA SCRIBONIO CURIONE;da specificare;;;;fronte al civico 14 (spartitraffico centrale);Veicolo in marcia contro veicoli in sosta;Rettilineo;Due carreggiate;Asciutto;Asfaltata;Verticale ed orizzontale;Sereno;Scarso;Buona;;0;0;0;1;12.5539;41.8638;-1;2;Autovettura privata;Sosta;;;;;;;
6045515;11;09/07/2022 15:30:00;Strada Urbana;VIA ANDREA SOLARIO;in prossimit�;;del civico n.;58;;Investimento di pedone;Rettilineo;Una carreggiata a senso unico di marcia;Asciutto;Asfaltata;Verticale;Sereno;Normale;Buona;;1;0;0;2;12.4872;41.8379;-1;;;;Pedone;F;Rimandato;0;NON DECEDUTO;;
6045515;11;09/07/2022 15:30:00;Strada Urbana;VIA ANDREA SOLARIO;in prossimit�;;del civico n.;58;;Investimento di pedone;Rettilineo;Una carreggiata a senso unico di marcia;Asciutto;Asfaltata;Verticale;Sereno;Normale;Buona;;1;0;0;2;12.4872;41.8379;-1;1;Autovettura privata;In marcia / fermata / arresto;Conducente;M;Illeso;0;;Non accertato;
6045515;11;09/07/2022 15:30:00;Strada Urbana;VIA ANDREA SOLARIO;in prossimit�;;del civico n.;58;;Investimento di pedone;Rettilineo;Una carreggiata a senso unico di marcia;Asciutto;Asfaltata;Verticale;Sereno;Normale;Buona;;1;0;0;2;12.4872;41.8379;-1;1;Autovettura privata;In marcia / fermata / arresto;Passeggero;M;Illeso;0;;Non accertato;
6045521;16;08/07/2022 12:05:00;Strada Urbana;VIA DEL FOSSO DI BRAVETTA;in corrispondenza;;del civico n.;5;;Tamponamento;Rettilineo;Una carreggiata a doppio senso;Asciutto;Asfaltata;Orizzontale;Sereno;Normale;Buona;;0;0;0;2;12.4147;41.8735;-1;1;Autovettura privata;In marcia / fermata / arresto;Conducente;M;Illeso;0;;Non accertato;
6045521;16;08/07/2022 12:05:00;Strada Urbana;VIA DEL FOSSO DI BRAVETTA;in corrispondenza;;del civico n.;5;;Tamponamento;Rettilineo;Una carreggiata a doppio senso;Asciutto;Asfaltata;Orizzontale;Sereno;Normale;Buona;;0;0;0;2;12.4147;41.8735;-1;2;Autovettura privata;In marcia / fermata / arresto;Conducente;M;Illeso;0;;Non accertato;
6045526;16;07/07/2022 17:00:00;;VICOLO DEL CASALE LUMBROSO;all'intersezione con;VIA DEL PESCACCIO;VIA DEL PESCACCIO;;;Scontro frontale/laterale DX fra veicoli in marcia;;;;;;;;;;0;0;0;3;;;0;1;Autovettura privata;In marcia / fermata / arresto;Conducente;M;Illeso;0;;;
6045526;16;07/07/2022 17:00:00;;VICOLO DEL CASALE LUMBROSO;all'intersezione con;VIA DEL PESCACCIO;VIA DEL PESCACCIO;;;Scontro frontale/laterale DX fra veicoli in marcia;;;;;;;;;;0;0;0;3;;;0;1;Autovettura privata;In marcia / fermata / arresto;Passeggero;F;Illeso;0;;;
6045526;16;07/07/2022 17:00:00;;VICOLO DEL CASALE LUMBROSO;all'intersezione con;VIA DEL PESCACCIO;VIA DEL PESCACCIO;;;Scontro frontale/laterale DX fra veicoli in marcia;;;;;;;;;;0;0;0;3;;;0;2;Autovettura privata;In marcia / fermata / arresto;Conducente;M;Illeso;0;;;
6045540;23;09/07/2022 23:30:00;Provinciale;VIA OSTIENSE;da specificare;;;;in prossimit� VIA DELL'IPPICA dir. Roma centro;Veicolo in marcia contro ostacolo fisso;Rettilineo;Due carreggiate;Asciutto;Asfaltata;Verticale ed orizzontale;Sereno;Scarso;Sufficiente;;0;0;0;1;12.4229;41.8109;-1;1;Autovettura privata;In marcia / fermata / arresto;Conducente;M;Illeso;0;;;
6045551;16;08/07/2022 14:40:00;Strada Urbana;VIALE DEI COLLI PORTUENSI;in corrispondenza;;del civico n.;245;;Scontro frontale/laterale DX fra veicoli in marcia;Rettilineo;Due carreggiate;Asciutto;Asfaltata;Orizzontale;Sereno;Normale;Buona;;1;0;0;2;12.4439;41.8684;-1;1;Autovettura privata;In marcia / fermata / arresto;Conducente;F;Illeso;0;;Non accertato;Inesploso
6045551;16;08/07/2022 14:40:00;Strada Urbana;VIALE DEI COLLI PORTUENSI;in corrispondenza;;del civico n.;245;;Scontro frontale/laterale DX fra veicoli in marcia;Rettilineo;Due carreggiate;Asciutto;Asfaltata;Orizzontale;Sereno;Normale;Buona;;1;0;0;2;12.4439;41.8684;-1;1;Autovettura privata;In marcia / fermata / arresto;Passeggero;M;Illeso;0;;Non accertato;Inesploso
6045551;16;08/07/2022 14:40:00;Strada Urbana;VIALE DEI COLLI PORTUENSI;in corrispondenza;;del civico n.;245;;Scontro frontale/laterale DX fra veicoli in marcia;Rettilineo;Due carreggiate;Asciutto;Asfaltata;Orizzontale;Sereno;Normale;Buona;;1;0;0;2;12.4439;41.8684;-1;2;Motociclo a solo;In marcia / fermata / arresto;Conducente;M;Rimandato;0;NON DECEDUTO;Non accertato;
6045553;6;07/07/2022 12:25:00;Strada Urbana;VIA FORMIA;in corrispondenza;;del civico n.;3A;;Scontro frontale/laterale SX fra veicoli in marcia;Rettilineo;Una carreggiata a doppio senso;Asciutto;Asfaltata;Orizzontale;Sereno;Normale;Buona;;1;0;0;1;12.5434;41.886;-1;1;Motociclo a solo;In marcia / fermata / arresto;Conducente;M;Rimandato;0;NON DECEDUTO;;
6045553;6;07/07/2022 12:25:00;Strada Urbana;VIA FORMIA;in corrispondenza;;del civico n.;3A;;Scontro frontale/laterale SX fra veicoli in marcia;Rettilineo;Una carreggiata a doppio senso;Asciutto;Asfaltata;Orizzontale;Sereno;Normale;Buona;;1;0;0;1;12.5434;41.886;-1;2;Autovettura privata;In marcia / fermata / arresto;Conducente;F;Illeso;0;;;