Protocollo;Gruppo;DataOraIncidente;Localizzazione1;STRADA1;Localizzazione2;STRADA2;Strada02;Chilometrica;DaSpecificare;NaturaIncidente;particolaritastrade;TipoStrada;FondoStradale;Pavimentazione;Segnaletica;CondizioneAtmosferica;Traffico;Visibilita;Illuminazione;NUM_FERITI;NUM_RISERVATA;NUM_MORTI;NUM_ILLESI;Longitude;Latitude;Confermato;Progressivo;TipoVeicolo;StatoVeicolo;TipoPersona;Sesso;Tipolesione;Deceduto;DecedutoDopo;CinturaCascoUtilizzato;Airbag;
6045702;1;09/07/2022 19:00:00;Strada Urbana;CORSO VITTORIO EMANUELE II;da specificare;;;;FRONTE CIVICO 296;Scontro frontale/laterale SX fra veicoli in marcia;Rettilineo;Una carreggiata a senso unico alternato;Asciutto;Asfaltata;Verticale ed orizzontale;Sereno;Normale;Buona;;1;0;0;1;12.4712;41.8972;-1;2;Autovettura pubblica;In marcia / fermata / arresto;Conducente;M;Illeso;0;;;
6045707;17;07/07/2022 17:50:00;Strada Urbana;VIA GERMANICO;all'intersezione con;VIA PAOLO EMILIO;VIA PAOLO EMILIO;;;Scontro frontale/laterale SX fra veicoli in marcia;Incrocio;Una carreggiata a senso unico di marcia;Asciutto;Asfaltata;Verticale ed orizzontale;Sereno;Normale;Buona;;1;0;0;1;12.4634;41.9091;-1;1;Motociclo a solo;In marcia / fermata / arresto;Conducente;M;Rimandato;0;NON DECEDUTO;;
6045707;17;07/07/2022 17:50:00;Strada Urbana;VIA GERMANICO;all'intersezione con;VIA PAOLO EMILIO;VIA PAOLO EMILIO;;;Scontro frontale/laterale SX fra veicoli in marcia;Incrocio;Una carreggiata a senso unico di marcia;Asciutto;Asfaltata;Verticale ed orizzontale;Sereno;Normale;Buona;;1;0;0;1;12.4634;41.9091;-1;2;Autocarro inferiore 35 q.;In marcia / fermata / arresto;Conducente;M;Illeso;0;;;
6045708;5;08/07/2022 19:55:00;Strada Urbana;VIALE KANT;da specificare;;;;in prossimit� di VIALE MARX;Tamponamento;Rettilineo;Due carreggiate;Asciutto;Asfaltata;Orizzontale;Sereno;Normale;Buona;;0;0;0;2;12.554;41.9355;-1;1;Autobus urbano;In marcia / fermata / arresto;Conducente;M;Illeso;0;;Non accertato;Inesploso
6045708;5;08/07/2022 19:55:00;Strada Urbana;VIALE KANT;da specificare;;;;in prossimit� di VIALE MARX;Tamponamento;Rettilineo;Due carreggiate;Asciutto;Asfaltata;Orizzontale;Sereno;Normale;Buona;;0;0;0;2;12.554;41.9355;-1;2;Autovettura privata;In marcia / fermata / arresto;Conducente;F;Illeso;0;;Non accertato;Inesploso
6045709;23;09/07/2022 17:45:00;Strada Urbana;VIA CRISTOFORO COLOMBO;da specificare;;;;Carreggiata laterale alt. civico n�2451;Veicolo in marcia contro veicoli in arresto;Rettilineo;Una carreggiata a senso unico di marcia;Asciutto;Asfaltata;Assente;Sereno;Intenso;Buona;;0;0;0;5;12.4095;41.7924;-1;1;Autovettura privata;In marcia / fermata / arresto;Conducente;M;Illeso;0;;Non accertato;Inesploso
6045709;23;09/07/2022 17:45:00;Strada Urbana;VIA CRISTOFORO COLOMBO;da specificare;;;;Carreggiata laterale alt. civico n�2451;Veicolo in marcia contro veicoli in arresto;Rettilineo;Una carreggiata a senso unico di marcia;Asciutto;Asfaltata;Assente;Sereno;Intenso;Buona;;0;0;0;5;12.4095;41.7924;-1;2;Autovettura privata;In marcia / fermata / arresto;Conducente;M;Illeso;0;;Non accertato;Inesploso
6045709;23;09/07/2022 17:45:00;Strada Urbana;VIA CRISTOFORO COLOMBO;da specificare;;;;Carreggiata laterale alt. civico n�2451;Veicolo in marcia contro veicoli in arresto;Rettilineo;Una carreggiata a senso unico di marcia;Asciutto;Asfaltata;Assente;Sereno;Intenso;Buona;;0;0;0;5;12.4095;41.7924;-1;2;Autovettura privata;In marcia / fermata / arresto;Passeggero;F;Illeso;0;;Non accertato;Inesploso
6045709;23;09/07/2022 17:45:00;Strada Urbana;VIA CRISTOFORO COLOMBO;da specificare;;;;Carreggiata laterale alt. civico n�2451;Veicolo in marcia contro veicoli in arresto;Rettilineo;Una carreggiata a senso unico di marcia;Asciutto;Asfaltata;Assente;Sereno;Intenso;Buona;;0;0;0;5;12.4095;41.7924;-1;3;Autovettura privata;In marcia / fermata / arresto;Conducente;M;Illeso;0;;Non accertato;Inesploso
6045709;23;09/07/2022 17:45:00;Strada Urbana;VIA CRISTOFORO COLOMBO;da specificare;;;;Carreggiata laterale alt. civico n�2451;Veicolo in marcia contro veicoli in arresto;Rettilineo;Una carreggiata a senso unico di marcia;Asciutto;Asfaltata;Assente;Sereno;Intenso;Buona;;0;0;0;5;12.4095;41.7924;-1;3;Autovettura privata;In marcia / fermata / arresto;Passeggero;F;Illeso;0;;Non accertato;Inesploso
6045715;5;09/07/2022 00:15:00;Strada Urbana;VIA DI S. ALESSANDRO;da specificare;;;;direzione NOMENTANA altezza VIA DEI RADAR;Fuoriuscita dalla sede stradale;Rettilineo;Una carreggiata a doppio senso;Asciutto;Asfaltata;Verticale ed orizzontale;Sereno;Scarso;Sufficiente;;0;0;0;1;12.6031;41.9365;-1;1;Autovettura privata;In marcia / fermata / arresto;Conducente;M;Illeso;0;;Non accertato;Inesploso
6045746;5;09/07/2022 04:15:00;Strada Urbana;VIA DOMENICO DE DOMINICIS;in prossimit�;;del civico n.;29;;Tamponamento;Rettilineo;Due carreggiate;Asciutto;Asfaltata;Verticale ed orizzontale;Sereno;Scarso;Buona;;1;0;0;3;12.5352;41.9018;-1;1;Autovettura privata;In marcia / fermata / arresto;Conducente;F;Rimandato;0;NON DECEDUTO;Non accertato;Inesploso
6045746;5;09/07/2022 04:15:00;Strada Urbana;VIA DOMENICO DE DOMINICIS;in prossimit�;;del civico n.;29;;Tamponamento;Rettilineo;Due carreggiate;Asciutto;Asfaltata;Verticale ed orizzontale;Sereno;Scarso;Buona;;1;0;0;3;12.5352;41.9018;-1;1;Autovettura privata;In marcia / fermata / arresto;Passeggero;F;Illeso;0;;Non accertato;Inesploso
6045746;5;09/07/2022 04:15:00;Strada Urbana;VIA DOMENICO DE DOMINICIS;in prossimit�;;del civico n.;29;;Tamponamento;Rettilineo;Due carreggiate;Asciutto;Asfaltata;Verticale ed orizzontale;Sereno;Scarso;Buona;;1;0;0;3;12.5352;41.9018;-1;2;Autovettura privata;In marcia / fermata / arresto;Conducente;M;Illeso;0;;Non accertato;Inesploso
6045746;5;09/07/2022 04:15:00;Strada Urbana;VIA DOMENICO DE DOMINICIS;in prossimit�;;del civico n.;29;;Tamponamento;Rettilineo;Due carreggiate;Asciutto;Asfaltata;Verticale ed orizzontale;Sereno;Scarso;Buona;;1;0;0;3;12.5352;41.9018;-1;2;Autovettura privata;In marcia / fermata / arresto;Passeggero;M;Illeso;0;;Non accertato;Inesploso
6045748;6;10/07/2022 18:50:00;Strada Urbana;VIA PRENESTINA;in corrispondenza;;del civico n.;30;;Tamponamento;Rettilineo;Pi� di due carreggiate;Asciutto;Asfaltata;Orizzontale;Sereno;Scarso;Buona;;1;0;0;1;12.519;41.8912;-1;1;Autovettura privata;In marcia / fermata / arresto;Conducente;M;Illeso;0;;;
6045748;6;10/07/2022 18:50:00;Strada Urbana;VIA PRENESTINA;in corrispondenza;;del civico n.;30;;Tamponamento;Rettilineo;Pi� di due carreggiate;Asciutto;Asfaltata;Orizzontale;Sereno;Scarso;Buona;;1;0;0;1;12.519;41.8912;-1;2;Monopattino elettrico;In marcia / fermata / arresto;Conducente;M;Rimandato;0;NON DECEDUTO;Non accertato;Inesistente
6045749;1;08/07/2022 20:55:00;Strada Urbana;LARGO MANLIO GELSOMINI;all'intersezione semaforizzata con;VIA MARMORATA;VIA MARMORATA;;;Scontro laterale fra veicoli in marcia;Intersezione semaforizzata;Una carreggiata a senso unico di marcia;Asciutto;In cubetti di porfido;Verticale ed orizzontale;Sereno;Intenso;Buona;;0;0;0;2;12.4791;41.8789;-1;1;Autocarro inferiore 35 q.;In marcia / fermata / arresto;Conducente;M;Illeso;0;;Non accertato;Inesploso
6045749;1;08/07/2022 20:55:00;Strada Urbana;LARGO MANLIO GELSOMINI;all'intersezione semaforizzata con;VIA MARMORATA;VIA MARMORATA;;;Scontro laterale fra veicoli in marcia;Intersezione semaforizzata;Una carreggiata a senso unico di marcia;Asciutto;In cubetti di porfido;Verticale ed orizzontale;Sereno;Intenso;Buona;;0;0;0;2;12.4791;41.8789;-1;2;Autovettura privata;In marcia / fermata / arresto;Conducente;M;Illeso;0;;Non accertato;Inesploso
6045760;17;07/07/2022 12:45:00;Strada Urbana;VIALE GIUSEPPE MAZZINI;all'intersezione con;VIA ANDREA BAFILE;VIA ANDREA BAFILE;;;Scontro laterale fra veicoli in marcia;Incrocio;Due carreggiate;Asciutto;Asfaltata;Verticale ed orizzontale;Sereno;Normale;Buona;;0;0;0;2;12.4565;41.9159;-1;1;Motociclo a solo;In marcia / fermata / arresto;Conducente;M;Illeso;0;;;
6045760;17;07/07/2022 12:45:00;Strada Urbana;VIALE GIUSEPPE MAZZINI;all'intersezione con;VIA ANDREA BAFILE;VIA ANDREA BAFILE;;;Scontro laterale fra veicoli in marcia;Incrocio;Due carreggiate;Asciutto;Asfaltata;Verticale ed orizzontale;Sereno;Normale;Buona;;0;0;0;2;12.4565;41.9159;-1;2;Autovettura privata;In marcia / fermata / arresto;Conducente;F;Illeso;0;;;
6045765;17;07/07/2022 21:40:00;Strada Urbana;PIAZZA DELLA LIBERTA';da specificare;;;;sottopasso;Veicolo in marcia contro veicolo in sosta;Sottopasso illuminato;Una carreggiata a senso unico di marcia;Asciutto;Asfaltata;Verticale ed orizzontale;Sereno;Normale;Insufficiente;;0;0;0;1;12.4707;41.9093;-1;1;Autovettura privata;In marcia / fermata / arresto;Conducente;F;Illeso;0;;;
6045765;17;07/07/2022 21:40:00;Strada Urbana;PIAZZA DELLA LIBERTA';da specificare;;;;sottopasso;Veicolo in marcia contro veicolo in sosta;Sottopasso illuminato;Una carreggiata a senso unico di marcia;Asciutto;Asfaltata;Verticale ed orizzontale;Sereno;Normale;Insufficiente;;0;0;0;1;12.4707;41.9093;-1;2;Autovettura privata;Sosta;;;;;;;
6045770;1;09/07/2022 17:30:00;Strada Urbana;PIAZZALE NUMA POMPILIO;all'intersezione semaforizzata con;VIA DRUSO;VIA DRUSO;;;Tamponamento;Intersezione semaforizzata;Una carreggiata a doppio senso;Asciutto;Asfaltata;Verticale ed orizzontale;Sereno;Normale;Buona;;0;0;0;3;12.4962;41.88;-1;1;Autovettura privata;In marcia / fermata / arresto;Conducente;M;Illeso;0;;Non accertato;Inesploso
6045770;1;09/07/2022 17:30:00;Strada Urbana;PIAZZALE NUMA POMPILIO;all'intersezione semaforizzata con;VIA DRUSO;VIA DRUSO;;;Tamponamento;Intersezione semaforizzata;Una carreggiata a doppio senso;Asciutto;Asfaltata;Verticale ed orizzontale;Sereno;Normale;Buona;;0;0;0;3;12.4962;41.88;-1;2;Autovettura privata;In marcia / fermata / arresto;Conducente;M;Illeso;0;;Non accertato;Inesploso
6045770;1;09/07/2022 17:30:00;Strada Urbana;PIAZZALE NUMA POMPILIO;all'intersezione semaforizzata con;VIA DRUSO;VIA DRUSO;;;Tamponamento;Intersezione semaforizzata;Una carreggiata a doppio senso;Asciutto;Asfaltata;Verticale ed orizzontale;Sereno;Normale;Buona;;0;0;0;3;12.4962;41.88;-1;2;Autovettura privata;In marcia / fermata / arresto;Passeggero;M;Illeso;0;;;
6045771;1;10/07/2022 00:05:00;Strada Urbana;VIA DEL FORO OLITORIO;all'intersezione con;LUNGOTEVERE DEI PIERLEONI;LUNGOTEVERE DEI PIERLEONI;;;Tamponamento;Intersezione non regolata/non segnalata;Una carreggiata a doppio senso;Asciutto;Asfaltata;Orizzontale;Sereno;Intenso;Buona;;0;0;0;3;12.4794;41.8907;-1;1;Autovettura privata;In marcia / fermata / arresto;Conducente;F;Illeso;0;;;
6045771;1;10/07/2022 00:05:00;Strada Urbana;VIA DEL FORO OLITORIO;all'intersezione con;LUNGOTEVERE DEI PIERLEONI;LUNGOTEVERE DEI PIERLEONI;;;Tamponamento;Intersezione non regolata/non segnalata;Una carreggiata a doppio senso;Asciutto;Asfaltata;Orizzontale;Sereno;Intenso;Buona;;0;0;0;3;12.4794;41.8907;-1;1;Autovettura privata;In marcia / fermata / arresto;Passeggero;F;Illeso;0;;Non accertato;Inesploso
6045771;1;10/07/2022 00:05:00;Strada Urbana;VIA DEL FORO OLITORIO;all'intersezione con;LUNGOTEVERE DEI PIERLEONI;LUNGOTEVERE DEI PIERLEONI;;;Tamponamento;Intersezione non regolata/non segnalata;Una carreggiata a doppio senso;Asciutto;Asfaltata;Orizzontale;Sereno;Intenso;Buona;;0;0;0;3;12.4794;41.8907;-1;2;Veicolo speciale;In marcia / fermata / arresto;Conducente;M;Illeso;0;;Non accertato;Inesploso
6045790;17;07/07/2022 13:00:00;Strada Urbana;VIA ANGELO EMO;da specificare;;;;fronte civico 25/C;Veicolo in marcia contro veicolo in sosta;Rettilineo;Due carreggiate;Asciutto;Asfaltata;Verticale ed orizzontale;Sereno;Normale;Buona;;0;0;0;0;12.4462;41.9044;0;1;Autovettura privata;Sosta;;;;;;;
6045790;17;07/07/2022 13:00:00;Strada Urbana;VIA ANGELO EMO;da specificare;;;;fronte civico 25/C;Veicolo in marcia contro veicolo in sosta;Rettilineo;Due carreggiate;Asciutto;Asfaltata;Verticale ed orizzontale;Sereno;Normale;Buona;;0;0;0;0;12.4462;41.9044;0;2;Altro;Allontanatosi;;;;;;;
6045792;5;09/07/2022 07:10:00;Strada Urbana;VIALE PALMIRO TOGLIATTI;all'intersezione semaforizzata con;VIALE BATTISTA BARDANZELLU;VIALE BATTISTA BARDANZELLU;;;Scontro frontale/laterale DX fra veicoli in marcia;Intersezione semaforizzata;Due carreggiate;Asciutto;Asfaltata;Verticale ed orizzontale;Sereno;Normale;Buona;;4;0;0;1;12.5705;41.914;-1;1;Autovettura privata;In marcia / fermata / arresto;Conducente;M;Rimandato;0;NON DECEDUTO;;
6045792;5;09/07/2022 07:10:00;Strada Urbana;VIALE PALMIRO TOGLIATTI;all'intersezione semaforizzata con;VIALE BATTISTA BARDANZELLU;VIALE BATTISTA BARDANZELLU;;;Scontro frontale/laterale DX fra veicoli in marcia;Intersezione semaforizzata;Due carreggiate;Asciutto;Asfaltata;Verticale ed orizzontale;Sereno;Normale;Buona;;4;0;0;1;12.5705;41.914;-1;1;Autovettura privata;In marcia / fermata / arresto;Passeggero;F;Rimandato;0;NON DECEDUTO;;
6045792;5;09/07/2022 07:10:00;Strada Urbana;VIALE PALMIRO TOGLIATTI;all'intersezione semaforizzata con;VIALE BATTISTA BARDANZELLU;VIALE BATTISTA BARDANZELLU;;;Scontro frontale/laterale DX fra veicoli in marcia;Intersezione semaforizzata;Due carreggiate;Asciutto;Asfaltata;Verticale ed orizzontale;Sereno;Normale;Buona;;4;0;0;1;12.5705;41.914;-1;1;Autovettura privata;In marcia / fermata / arresto;Passeggero;F;Rimandato;0;NON DECEDUTO;;
6045792;5;09/07/2022 07:10:00;Strada Urbana;VIALE PALMIRO TOGLIATTI;all'intersezione semaforizzata con;VIALE BATTISTA BARDANZELLU;VIALE BATTISTA BARDANZELLU;;;Scontro frontale/laterale DX fra veicoli in marcia;Intersezione semaforizzata;Due carreggiate;Asciutto;Asfaltata;Verticale ed orizzontale;Sereno;Normale;Buona;;4;0;0;1;12.5705;41.914;-1;2;Autobus urbano;In marcia / fermata / arresto;Conducente;M;Illeso;0;;;
6045792;5;09/07/2022 07:10:00;Strada Urbana;VIALE PALMIRO TOGLIATTI;all'intersezione semaforizzata con;VIALE BATTISTA BARDANZELLU;VIALE BATTISTA BARDANZELLU;;;Scontro frontale/laterale DX fra veicoli in marcia;Intersezione semaforizzata;Due carreggiate;Asciutto;Asfaltata;Verticale ed orizzontale;Sereno;Normale;Buona;;4;0;0;1;12.5705;41.914;-1;2;Autobus urbano;In marcia / fermata / arresto;Passeggero;M;Rimandato;0;NON DECEDUTO;;
6045806;1;09/07/2022 19:30:00;Strada Urbana;LUNGOTEVERE DEI SANGALLO;all'intersezione semaforizzata con;VIA ACCIAIOLI;VIA ACCIAIOLI;;;Scontro laterale fra veicoli in marcia;Intersezione semaforizzata;Una carreggiata a senso unico di marcia;Asciutto;Asfaltata;Verticale ed orizzontale;Sereno;Scarso;Buona;;0;0;0;2;12.4643;41.8998;-1;1;Autovettura privata;In marcia / fermata / arresto;Conducente;M;Illeso;0;;;
6045806;1;09/07/2022 19:30:00;Strada Urbana;LUNGOTEVERE DEI SANGALLO;all'intersezione semaforizzata con;VIA ACCIAIOLI;VIA ACCIAIOLI;;;Scontro laterale fra veicoli in marcia;Intersezione semaforizzata;Una carreggiata a senso unico di marcia;Asciutto;Asfaltata;Verticale ed orizzontale;Sereno;Scarso;Buona;;0;0;0;2;12.4643;41.8998;-1;2;Motociclo a solo;In marcia / fermata / arresto;Conducente;M;Illeso;0;;;
6045809;17;08/07/2022 14:40:00;Strada Urbana;VIA TOMMASO CAMPANELLA;in prossimit�;;del civico n.;15 B;;Tamponamento;Rettilineo;Una carreggiata a senso unico di marcia;Asciutto;Asfaltata;Verticale ed orizzontale;Sereno;Normale;Buona;;1;0;0;1;12.4522;41.9106;0;;;;Pedone;M;Rimandato;0;NON DECEDUTO;;
6045809;17;08/07/2022 14:40:00;Strada Urbana;VIA TOMMASO CAMPANELLA;in prossimit�;;del civico n.;15 B;;Tamponamento;Rettilineo;Una carreggiata a senso unico di marcia;Asciutto;Asfaltata;Verticale ed orizzontale;Sereno;Normale;Buona;;1;0;0;1;12.4522;41.9106;0;1;Autovettura privata;In marcia / fermata / arresto;Conducente;F;Illeso;0;;;
6045811;1;09/07/2022 00:50:00;Strada Urbana;VIA DEL VIMINALE;all'intersezione con;VIA TORINO;VIA TORINO;;;Scontro frontale/laterale DX fra veicoli in marcia;Incrocio;Una carreggiata a senso unico di marcia;Asciutto;Asfaltata;Verticale ed orizzontale;Sereno;Scarso;Sufficiente;;0;0;0;4;12.4963;41.9005;0;1;Autovettura pubblica;In marcia / fermata / arresto;Conducente;M;Illeso;0;;Non accertato;Inesploso
6045811;1;09/07/2022 00:50:00;Strada Urbana;VIA DEL VIMINALE;all'intersezione con;VIA TORINO;VIA TORINO;;;Scontro frontale/laterale DX fra veicoli in marcia;Incrocio;Una carreggiata a senso unico di marcia;Asciutto;Asfaltata;Verticale ed orizzontale;Sereno;Scarso;Sufficiente;;0;0;0;4;12.4963;41.9005;0;2;Autovettura privata;In marcia / fermata / arresto;Conducente;M;Illeso;0;;Non accertato;Inesploso
6045811;1;09/07/2022 00:50:00;Strada Urbana;VIA DEL VIMINALE;all'intersezione con;VIA TORINO;VIA TORINO;;;Scontro frontale/laterale DX fra veicoli in marcia;Incrocio;Una carreggiata a senso unico di marcia;Asciutto;Asfaltata;Verticale ed orizzontale;Sereno;Scarso;Sufficiente;;0;0;0;4;12.4963;41.9005;0;2;Autovettura privata;In marcia / fermata / arresto;Passeggero;F;Illeso;0;;;
6045811;1;09/07/2022 00:50:00;Strada Urbana;VIA DEL VIMINALE;all'intersezione con;VIA TORINO;VIA TORINO;;;Scontro frontale/laterale DX fra veicoli in marcia;Incrocio;Una carreggiata a senso unico di marcia;Asciutto;Asfaltata;Verticale ed orizzontale;Sereno;Scarso;Sufficiente;;0;0;0;4;12.4963;41.9005;0;2;Autovettura privata;In marcia / fermata / arresto;Passeggero;M;Illeso;0;;;
6045814;17;07/07/2022 18:50:00;Strada Urbana;VIALE GIULIO CESARE;all'intersezione con;VIA ALESSANDRO FARNESE;VIA ALESSANDRO FARNESE;;;Scontro frontale/laterale DX fra veicoli in marcia;Intersezione stradale segnalata;Pi� di due carreggiate;Asciutto;Asfaltata;Verticale ed orizzontale;Sereno;Normale;Buona;;0;0;0;3;12.4627;41.9105;-1;1;Autovettura privata;In marcia / fermata / arresto;Conducente;M;Illeso;0;;Non accertato;
6045814;17;07/07/2022 18:50:00;Strada Urbana;VIALE GIULIO CESARE;all'intersezione con;VIA ALESSANDRO FARNESE;VIA ALESSANDRO FARNESE;;;Scontro frontale/laterale DX fra veicoli in marcia;Intersezione stradale segnalata;Pi� di due carreggiate;Asciutto;Asfaltata;Verticale ed orizzontale;Sereno;Normale;Buona;;0;0;0;3;12.4627;41.9105;-1;1;Autovettura privata;In marcia / fermata / arresto;Passeggero;F;Illeso;0;;;
6045814;17;07/07/2022 18:50:00;Strada Urbana;VIALE GIULIO CESARE;all'intersezione con;VIA ALESSANDRO FARNESE;VIA ALESSANDRO FARNESE;;;Scontro frontale/laterale DX fra veicoli in marcia;Intersezione stradale segnalata;Pi� di due carreggiate;Asciutto;Asfaltata;Verticale ed orizzontale;Sereno;Normale;Buona;;0;0;0;3;12.4627;41.9105;-1;2;Autovettura privata;In marcia / fermata / arresto;Conducente;F;Illeso;0;;Non accertato;
6045822;1;09/07/2022 14:40:00;Strada Urbana;VIA CERNAIA;in prossimit�;;del civico n.;1;;Tamponamento;Rettilineo;Una carreggiata a senso unico di marcia;Asciutto;Asfaltata;Verticale ed orizzontale;Sereno;Normale;Buona;;0;0;0;3;12.4963;41.9037;-1;1;Autovettura privata;In marcia / fermata / arresto;Conducente;F;Illeso;0;;Non accertato;Inesploso
6045822;1;09/07/2022 14:40:00;Strada Urbana;VIA CERNAIA;in prossimit�;;del civico n.;1;;Tamponamento;Rettilineo;Una carreggiata a senso unico di marcia;Asciutto;Asfaltata;Verticale ed orizzontale;Sereno;Normale;Buona;;0;0;0;3;12.4963;41.9037;-1;1;Autovettura privata;In marcia / fermata / arresto;Passeggero;F;Illeso;0;;Non accertato;Inesploso
6045822;1;09/07/2022 14:40:00;Strada Urbana;VIA CERNAIA;in prossimit�;;del civico n.;1;;Tamponamento;Rettilineo;Una carreggiata a senso unico di marcia;Asciutto;Asfaltata;Verticale ed orizzontale;Sereno;Normale;Buona;;0;0;0;3;12.4963;41.9037;-1;2;Autovettura pubblica;In marcia / fermata / arresto;Conducente;M;Illeso;0;;Non accertato;Inesploso
6045832;1;09/07/2022 16:05:00;Strada Urbana;VIA DI S. CROCE IN GERUSALEMME;all'intersezione con;VIA SEBASTIANO GRANDIS;VIA SEBASTIANO GRANDIS;;;Scontro frontale/laterale DX fra veicoli in marcia;Incrocio;Una carreggiata a senso unico di marcia;Asciutto;Asfaltata;Verticale ed orizzontale;Sereno;Normale;Buona;;2;0;0;2;12.5118;41.8904;-1;1;Autovettura privata;In marcia / fermata / arresto;Conducente;M;Illeso;0;;Non accertato;Inesploso
6045832;1;09/07/2022 16:05:00;Strada Urbana;VIA DI S. CROCE IN GERUSALEMME;all'intersezione con;VIA SEBASTIANO GRANDIS;VIA SEBASTIANO GRANDIS;;;Scontro frontale/laterale DX fra veicoli in marcia;Incrocio;Una carreggiata a senso unico di marcia;Asciutto;Asfaltata;Verticale ed orizzontale;Sereno;Normale;Buona;;2;0;0;2;12.5118;41.8904;-1;1;Autovettura privata;In marcia / fermata / arresto;Passeggero;M;Illeso;0;;;
6045832;1;09/07/2022 16:05:00;Strada Urbana;VIA DI S. CROCE IN GERUSALEMME;all'intersezione con;VIA SEBASTIANO GRANDIS;VIA SEBASTIANO GRANDIS;;;Scontro frontale/laterale DX fra veicoli in marcia;Incrocio;Una carreggiata a senso unico di marcia;Asciutto;Asfaltata;Verticale ed orizzontale;Sereno;Normale;Buona;;2;0;0;2;12.5118;41.8904;-1;2;Motociclo con passeggero;In marcia / fermata / arresto;Conducente;M;Rimandato;0;NON DECEDUTO;Non accertato;
6045832;1;09/07/2022 16:05:00;Strada Urbana;VIA DI S. CROCE IN GERUSALEMME;all'intersezione con;VIA SEBASTIANO GRANDIS;VIA SEBASTIANO GRANDIS;;;Scontro frontale/laterale DX fra veicoli in marcia;Incrocio;Una carreggiata a senso unico di marcia;Asciutto;Asfaltata;Verticale ed orizzontale;Sereno;Normale;Buona;;2;0;0;2;12.5118;41.8904;-1;2;Motociclo con passeggero;In marcia / fermata / arresto;Passeggero;M;Rimandato;0;NON DECEDUTO;;
6045836;1;10/07/2022 09:20:00;Strada Urbana;VIA DI S. VENANZIO;all'intersezione con;LARGO ENRICO BERLINGUER;LARGO ENRICO BERLINGUER;;;Tamponamento;Intersezione stradale segnalata;Una carreggiata a senso unico di marcia;Asciutto;In cubetti di porfido;Verticale ed orizzontale;Sereno;Normale;Buona;;0;0;0;4;12.4811;41.8948;-1;1;Autovettura pubblica;In marcia / fermata / arresto;Conducente;M;Illeso;0;;Non accertato;Inesploso
6045836;1;10/07/2022 09:20:00;Strada Urbana;VIA DI S. VENANZIO;all'intersezione con;LARGO ENRICO BERLINGUER;LARGO ENRICO BERLINGUER;;;Tamponamento;Intersezione stradale segnalata;Una carreggiata a senso unico di marcia;Asciutto;In cubetti di porfido;Verticale ed orizzontale;Sereno;Normale;Buona;;0;0;0;4;12.4811;41.8948;-1;1;Autovettura pubblica;In marcia / fermata / arresto;Passeggero;M;Illeso;0;;Non accertato;Inesploso
6045836;1;10/07/2022 09:20:00;Strada Urbana;VIA DI S. VENANZIO;all'intersezione con;LARGO ENRICO BERLINGUER;LARGO ENRICO BERLINGUER;;;Tamponamento;Intersezione stradale segnalata;Una carreggiata a senso unico di marcia;Asciutto;In cubetti di porfido;Verticale ed orizzontale;Sereno;Normale;Buona;;0;0;0;4;12.4811;41.8948;-1;1;Autovettura pubblica;In marcia / fermata / arresto;Passeggero;F;Illeso;0;;Non accertato;Inesploso
6045836;1;10/07/2022 09:20:00;Strada Urbana;VIA DI S. VENANZIO;all'intersezione con;LARGO ENRICO BERLINGUER;LARGO ENRICO BERLINGUER;;;Tamponamento;Intersezione stradale segnalata;Una carreggiata a senso unico di marcia;Asciutto;In cubetti di porfido;Verticale ed orizzontale;Sereno;Normale;Buona;;0;0;0;4;12.4811;41.8948;-1;2;Autovettura privata;In marcia / fermata / arresto;Conducente;M;Illeso;0;;Non accertato;Inesploso
6045839;6;10/07/2022 06:30:00;Strada Urbana;VIA SAN GIUSTO;da specificare;;;;ALTEZZA PALO ACEA N.8;Veicolo in marcia contro veicoli in sosta;Rettilineo;Una carreggiata a senso unico di marcia;Asciutto;Asfaltata;Verticale;Sereno;Scarso;Buona;;0;0;0;1;12.5612;41.8977;-1;1;Autovettura privata;In marcia / fermata / arresto;Conducente;F;Illeso;0;;;Inesploso
6045839;6;10/07/2022 06:30:00;Strada Urbana;VIA SAN GIUSTO;da specificare;;;;ALTEZZA PALO ACEA N.8;Veicolo in marcia contro veicoli in sosta;Rettilineo;Una carreggiata a senso unico di marcia;Asciutto;Asfaltata;Verticale;Sereno;Scarso;Buona;;0;0;0;1;12.5612;41.8977;-1;2;Autovettura privata;Sosta;;;;;;;
6045839;6;10/07/2022 06:30:00;Strada Urbana;VIA SAN GIUSTO;da specificare;;;;ALTEZZA PALO ACEA N.8;Veicolo in marcia contro veicoli in sosta;Rettilineo;Una carreggiata a senso unico di marcia;Asciutto;Asfaltata;Verticale;Sereno;Scarso;Buona;;0;0;0;1;12.5612;41.8977;-1;3;Autovettura privata;Sosta;;;;;;;
6045839;6;10/07/2022 06:30:00;Strada Urbana;VIA SAN GIUSTO;da specificare;;;;ALTEZZA PALO ACEA N.8;Veicolo in marcia contro veicoli in sosta;Rettilineo;Una carreggiata a senso unico di marcia;Asciutto;Asfaltata;Verticale;Sereno;Scarso;Buona;;0;0;0;1;12.5612;41.8977;-1;4;Autovettura privata;Sosta;;;;;;;
6045839;6;10/07/2022 06:30:00;Strada Urbana;VIA SAN GIUSTO;da specificare;;;;ALTEZZA PALO ACEA N.8;Veicolo in marcia contro veicoli in sosta;Rettilineo;Una carreggiata a senso unico di marcia;Asciutto;Asfaltata;Verticale;Sereno;Scarso;Buona;;0;0;0;1;12.5612;41.8977;-1;5;Autovettura privata;Sosta;;;;;;;