Protocollo;Gruppo;DataOraIncidente;Localizzazione1;STRADA1;Localizzazione2;STRADA2;Strada02;Chilometrica;DaSpecificare;NaturaIncidente;particolaritastrade;TipoStrada;FondoStradale;Pavimentazione;Segnaletica;CondizioneAtmosferica;Traffico;Visibilita;Illuminazione;NUM_FERITI;NUM_RISERVATA;NUM_MORTI;NUM_ILLESI;Longitude;Latitude;Confermato;Progressivo;TipoVeicolo;StatoVeicolo;TipoPersona;Sesso;Tipolesione;Deceduto;DecedutoDopo;CinturaCascoUtilizzato;Airbag;
6046904;20;11/07/2022 10:20:00;Strada Urbana;VIA DELLA VILLA DI LIVIA;da specificare;;;;per stazione di montebello;Tamponamento;Rotatoria;Una carreggiata a doppio senso;Asciutto;Asfaltata;Verticale ed orizzontale;Sereno;Scarso;Buona;;1;0;0;2;12.4913;42.0087;-1;2;Autocarro inferiore 35 q.;In marcia / fermata / arresto;Conducente;M;Illeso;0;;;
6046905;20;11/07/2022 11:20:00;Strada Urbana;PIAZZA DEI GIUOCHI DELFICI;da specificare;;;;fronte civico 20;Veicolo in marcia contro veicoli in sosta;Rettilineo;Una carreggiata a doppio senso;Asciutto;Asfaltata;Verticale ed orizzontale;Sereno;Normale;Buona;;0;0;0;3;12.4628;41.9483;-1;1;Autovettura privata;In marcia / fermata / arresto;Conducente;F;Illeso;0;;Non accertato;Inesploso
6046905;20;11/07/2022 11:20:00;Strada Urbana;PIAZZA DEI GIUOCHI DELFICI;da specificare;;;;fronte civico 20;Veicolo in marcia contro veicoli in sosta;Rettilineo;Una carreggiata a doppio senso;Asciutto;Asfaltata;Verticale ed orizzontale;Sereno;Normale;Buona;;0;0;0;3;12.4628;41.9483;-1;1;Autovettura privata;In marcia / fermata / arresto;Passeggero;F;Illeso;0;;Non accertato;Inesploso
6046905;20;11/07/2022 11:20:00;Strada Urbana;PIAZZA DEI GIUOCHI DELFICI;da specificare;;;;fronte civico 20;Veicolo in marcia contro veicoli in sosta;Rettilineo;Una carreggiata a doppio senso;Asciutto;Asfaltata;Verticale ed orizzontale;Sereno;Normale;Buona;;0;0;0;3;12.4628;41.9483;-1;2;Autovettura privata;Sosta;;;;;;;
6046905;20;11/07/2022 11:20:00;Strada Urbana;PIAZZA DEI GIUOCHI DELFICI;da specificare;;;;fronte civico 20;Veicolo in marcia contro veicoli in sosta;Rettilineo;Una carreggiata a doppio senso;Asciutto;Asfaltata;Verticale ed orizzontale;Sereno;Normale;Buona;;0;0;0;3;12.4628;41.9483;-1;3;Autovettura privata;In marcia / fermata / arresto;Conducente;M;Illeso;0;;Non accertato;Inesploso
6046906;9;11/07/2022 06:40:00;Strada Urbana;VIA APPIA NUOVA;all'intersezione semaforizzata con;PIAZZA DELL'ALBERONE;PIAZZA DELL'ALBERONE;;;Scontro frontale/laterale DX fra veicoli in marcia;Intersezione semaforizzata;Pi� di due carreggiate;Asciutto;Asfaltata;Verticale ed orizzontale;Sereno;Normale;Buona;;2;0;0;1;12.5216;41.8761;-1;1;Motociclo a solo;In marcia / fermata / arresto;Conducente;M;Illeso;0;;Non accertato;
6046906;9;11/07/2022 06:40:00;Strada Urbana;VIA APPIA NUOVA;all'intersezione semaforizzata con;PIAZZA DELL'ALBERONE;PIAZZA DELL'ALBERONE;;;Scontro frontale/laterale DX fra veicoli in marcia;Intersezione semaforizzata;Pi� di due carreggiate;Asciutto;Asfaltata;Verticale ed orizzontale;Sereno;Normale;Buona;;2;0;0;1;12.5216;41.8761;-1;2;Motociclo con passeggero;In marcia / fermata / arresto;Conducente;M;Rimandato;0;NON DECEDUTO;Non accertato;
6046906;9;11/07/2022 06:40:00;Strada Urbana;VIA APPIA NUOVA;all'intersezione semaforizzata con;PIAZZA DELL'ALBERONE;PIAZZA DELL'ALBERONE;;;Scontro frontale/laterale DX fra veicoli in marcia;Intersezione semaforizzata;Pi� di due carreggiate;Asciutto;Asfaltata;Verticale ed orizzontale;Sereno;Normale;Buona;;2;0;0;1;12.5216;41.8761;-1;2;Motociclo con passeggero;In marcia / fermata / arresto;Passeggero;F;Rimandato;0;NON DECEDUTO;Non accertato;
6046912;5;11/07/2022 08:00:00;Strada Urbana;VIALE SACCO E VANZETTI;in prossimit�;;del civico n.;150;;Investimento di pedone;Curva a visuale libera;Pi� di due carreggiate;Asciutto;Asfaltata;Orizzontale;Sole radente;Scarso;Buona;;1;0;0;1;12.5696;41.9097;-1;;;;Pedone;F;Ricoverato;0;NON DECEDUTO;;
6046912;5;11/07/2022 08:00:00;Strada Urbana;VIALE SACCO E VANZETTI;in prossimit�;;del civico n.;150;;Investimento di pedone;Curva a visuale libera;Pi� di due carreggiate;Asciutto;Asfaltata;Orizzontale;Sole radente;Scarso;Buona;;1;0;0;1;12.5696;41.9097;-1;1;Autovettura privata;In marcia / fermata / arresto;Conducente;F;Illeso;0;;Non accertato;
6046916;1;11/07/2022 14:20:00;Strada Urbana;VIA DEL TRITONE;in corrispondenza;;del civico n.;125;;Veicolo in marcia contro ostacolo accidentale;Rettilineo;Una carreggiata a doppio senso;Asciutto;Asfaltata;Verticale ed orizzontale;Sereno;Normale;Buona;;0;0;0;2;12.4876;41.9033;-1;1;Autocarro inferiore 35 q.;In marcia / fermata / arresto;Conducente;M;Illeso;0;;;
6046916;1;11/07/2022 14:20:00;Strada Urbana;VIA DEL TRITONE;in corrispondenza;;del civico n.;125;;Veicolo in marcia contro ostacolo accidentale;Rettilineo;Una carreggiata a doppio senso;Asciutto;Asfaltata;Verticale ed orizzontale;Sereno;Normale;Buona;;0;0;0;2;12.4876;41.9033;-1;2;Autovettura pubblica;In marcia / fermata / arresto;Conducente;M;Illeso;0;;;
6046924;11;11/07/2022 21:25:00;Strada Urbana;VIALE PECHINO;in prossimit�;;del civico n.;1;;Tamponamento;Rettilineo;Due carreggiate;Asciutto;Asfaltata;Verticale ed orizzontale;Sereno;Scarso;Sufficiente;;1;0;0;2;12.437;41.8048;-1;1;Autovettura privata;In marcia / fermata / arresto;Conducente;M;Illeso;0;;Non accertato;Inesploso
6046924;11;11/07/2022 21:25:00;Strada Urbana;VIALE PECHINO;in prossimit�;;del civico n.;1;;Tamponamento;Rettilineo;Due carreggiate;Asciutto;Asfaltata;Verticale ed orizzontale;Sereno;Scarso;Sufficiente;;1;0;0;2;12.437;41.8048;-1;1;Autovettura privata;In marcia / fermata / arresto;Passeggero;M;Illeso;0;;Non accertato;Inesploso
6046924;11;11/07/2022 21:25:00;Strada Urbana;VIALE PECHINO;in prossimit�;;del civico n.;1;;Tamponamento;Rettilineo;Due carreggiate;Asciutto;Asfaltata;Verticale ed orizzontale;Sereno;Scarso;Sufficiente;;1;0;0;2;12.437;41.8048;-1;2;Motociclo a solo;In marcia / fermata / arresto;Conducente;M;Rimandato;0;NON DECEDUTO;Non accertato;
6046934;9;11/07/2022 03:00:00;;VIA ACAIA;all'intersezione semaforizzata con;PIAZZA GALERIA;PIAZZA GALERIA;;;Veicolo in marcia contro veicoli in sosta;;;;;;;;;;0;0;0;0;;;0;2;Autovettura privata;Sosta;;;;;;;
6046934;9;11/07/2022 03:00:00;;VIA ACAIA;all'intersezione semaforizzata con;PIAZZA GALERIA;PIAZZA GALERIA;;;Veicolo in marcia contro veicoli in sosta;;;;;;;;;;0;0;0;0;;;0;3;Autovettura privata;Sosta;;;;;;;
6046936;5;11/07/2022 13:20:00;Strada Urbana;VIA TIBURTINA;da specificare;;;;dir. GRA alt. invers. di marcia per via F. Cicogna;Scontro frontale/laterale DX fra veicoli in marcia;Rettilineo;Pi� di due carreggiate;Asciutto;Asfaltata;Verticale ed orizzontale;Sereno;Normale;Buona;;0;0;0;2;12.5688;41.9237;-1;1;Autocarro inferiore 35 q.;In marcia / fermata / arresto;Conducente;M;Illeso;0;;Non accertato;
6046936;5;11/07/2022 13:20:00;Strada Urbana;VIA TIBURTINA;da specificare;;;;dir. GRA alt. invers. di marcia per via F. Cicogna;Scontro frontale/laterale DX fra veicoli in marcia;Rettilineo;Pi� di due carreggiate;Asciutto;Asfaltata;Verticale ed orizzontale;Sereno;Normale;Buona;;0;0;0;2;12.5688;41.9237;-1;2;Autovettura privata;In marcia / fermata / arresto;Conducente;M;Illeso;0;;Non accertato;
6046940;11;11/07/2022 11:10:00;Strada Urbana;VIALE DEL TINTORETTO;in corrispondenza;;del civico n.;400;;Veicolo in marcia contro veicolo fermo;Rettilineo;Due carreggiate;Asciutto;Asfaltata;Orizzontale;Sereno;Normale;Buona;;0;0;0;2;12.4956;41.8335;-1;1;Autovettura privata;In marcia / fermata / arresto;Conducente;M;Illeso;0;;Non accertato;
6046940;11;11/07/2022 11:10:00;Strada Urbana;VIALE DEL TINTORETTO;in corrispondenza;;del civico n.;400;;Veicolo in marcia contro veicolo fermo;Rettilineo;Due carreggiate;Asciutto;Asfaltata;Orizzontale;Sereno;Normale;Buona;;0;0;0;2;12.4956;41.8335;-1;2;Autovettura privata;In marcia / fermata / arresto;Conducente;M;Illeso;0;;Non accertato;
6046946;9;11/07/2022 11:10:00;Strada Urbana;LARGO VERCELLI;in prossimit�;;del civico n.;8;;Scontro laterale fra veicoli in marcia;Rettilineo;Una carreggiata a doppio senso;Asciutto;Asfaltata;Verticale ed orizzontale;Sereno;Normale;Buona;;0;0;0;2;12.5153;41.8823;-1;1;Autovettura privata;In marcia / fermata / arresto;Conducente;F;Illeso;0;;Non accertato;Inesploso
6046946;9;11/07/2022 11:10:00;Strada Urbana;LARGO VERCELLI;in prossimit�;;del civico n.;8;;Scontro laterale fra veicoli in marcia;Rettilineo;Una carreggiata a doppio senso;Asciutto;Asfaltata;Verticale ed orizzontale;Sereno;Normale;Buona;;0;0;0;2;12.5153;41.8823;-1;2;Motociclo a solo;In marcia / fermata / arresto;Conducente;M;Illeso;0;;Non accertato;
6046958;6;11/07/2022 19:20:00;Strada Urbana;VIA DI CENTOCELLE;in prossimit�;;del civico n.;100;;Scontro frontale/laterale SX fra veicoli in marcia;Rettilineo;Una carreggiata a doppio senso;Asciutto;Asfaltata;Orizzontale;Sereno;Intenso;Buona;;1;0;0;1;12.5501;41.8709;-1;1;Autovettura privata;In marcia / fermata / arresto;Conducente;M;Illeso;0;;Non accertato;Inesploso
6046958;6;11/07/2022 19:20:00;Strada Urbana;VIA DI CENTOCELLE;in prossimit�;;del civico n.;100;;Scontro frontale/laterale SX fra veicoli in marcia;Rettilineo;Una carreggiata a doppio senso;Asciutto;Asfaltata;Orizzontale;Sereno;Intenso;Buona;;1;0;0;1;12.5501;41.8709;-1;2;Motociclo a solo;In marcia / fermata / arresto;Conducente;M;Rimandato;0;NON DECEDUTO;Non accertato;
6046959;5;11/07/2022 15:00:00;Strada Urbana;NUOVA CIRCONVALLAZIONE INTERNA;da specificare;;;;dir. S.Giovanni usc. via Tiburtina;Tamponamento;Galleria illuminata;Due carreggiate;Asciutto;Asfaltata;Orizzontale;Sereno;Normale;Buona;;1;0;0;1;12.5301;41.9154;-1;1;Motociclo a solo;In marcia / fermata / arresto;Conducente;M;Rimandato;0;NON DECEDUTO;Non accertato;
6046959;5;11/07/2022 15:00:00;Strada Urbana;NUOVA CIRCONVALLAZIONE INTERNA;da specificare;;;;dir. S.Giovanni usc. via Tiburtina;Tamponamento;Galleria illuminata;Due carreggiate;Asciutto;Asfaltata;Orizzontale;Sereno;Normale;Buona;;1;0;0;1;12.5301;41.9154;-1;2;Autovettura privata;In marcia / fermata / arresto;Conducente;F;Illeso;0;;Non accertato;
6046960;1;11/07/2022 15:30:00;Strada Urbana;VIA VENTIQUATTRO MAGGIO;all'intersezione con;VIA MAZZARINO;VIA MAZZARINO;;;Scontro frontale/laterale SX fra veicoli in marcia;Incrocio;Una carreggiata a doppio senso;Asciutto;In cubetti di porfido;Verticale ed orizzontale;Sereno;Normale;Buona;;0;0;0;5;12.4869;41.8976;-1;1;Motociclo a solo;In marcia / fermata / arresto;Conducente;M;Illeso;0;;Non accertato;
6046960;1;11/07/2022 15:30:00;Strada Urbana;VIA VENTIQUATTRO MAGGIO;all'intersezione con;VIA MAZZARINO;VIA MAZZARINO;;;Scontro frontale/laterale SX fra veicoli in marcia;Incrocio;Una carreggiata a doppio senso;Asciutto;In cubetti di porfido;Verticale ed orizzontale;Sereno;Normale;Buona;;0;0;0;5;12.4869;41.8976;-1;2;Autovettura privata;In marcia / fermata / arresto;Conducente;M;Illeso;0;;Non accertato;Inesploso
6046960;1;11/07/2022 15:30:00;Strada Urbana;VIA VENTIQUATTRO MAGGIO;all'intersezione con;VIA MAZZARINO;VIA MAZZARINO;;;Scontro frontale/laterale SX fra veicoli in marcia;Incrocio;Una carreggiata a doppio senso;Asciutto;In cubetti di porfido;Verticale ed orizzontale;Sereno;Normale;Buona;;0;0;0;5;12.4869;41.8976;-1;2;Autovettura privata;In marcia / fermata / arresto;Passeggero;M;Illeso;0;;Non accertato;Inesploso
6046960;1;11/07/2022 15:30:00;Strada Urbana;VIA VENTIQUATTRO MAGGIO;all'intersezione con;VIA MAZZARINO;VIA MAZZARINO;;;Scontro frontale/laterale SX fra veicoli in marcia;Incrocio;Una carreggiata a doppio senso;Asciutto;In cubetti di porfido;Verticale ed orizzontale;Sereno;Normale;Buona;;0;0;0;5;12.4869;41.8976;-1;2;Autovettura privata;In marcia / fermata / arresto;Passeggero;M;Illeso;0;;Esente;Inesistente
6046960;1;11/07/2022 15:30:00;Strada Urbana;VIA VENTIQUATTRO MAGGIO;all'intersezione con;VIA MAZZARINO;VIA MAZZARINO;;;Scontro frontale/laterale SX fra veicoli in marcia;Incrocio;Una carreggiata a doppio senso;Asciutto;In cubetti di porfido;Verticale ed orizzontale;Sereno;Normale;Buona;;0;0;0;5;12.4869;41.8976;-1;2;Autovettura privata;In marcia / fermata / arresto;Passeggero;M;Illeso;0;;Non accertato;Inesistente
6046962;19;11/07/2022 17:30:00;Strada Urbana;VIA DELLA PINETA SACCHETTI;da specificare;;;;Pross. via Villa Maggiorani;Scontro frontale/laterale SX fra veicoli in marcia;Rettilineo;Una carreggiata a senso unico di marcia;Asciutto;Asfaltata;Verticale ed orizzontale;Sereno;Normale;Buona;;2;0;0;2;12.4264;41.9312;-1;1;Autovettura privata;In marcia / fermata / arresto;Conducente;F;Illeso;0;;Non accertato;Inesploso
6046962;19;11/07/2022 17:30:00;Strada Urbana;VIA DELLA PINETA SACCHETTI;da specificare;;;;Pross. via Villa Maggiorani;Scontro frontale/laterale SX fra veicoli in marcia;Rettilineo;Una carreggiata a senso unico di marcia;Asciutto;Asfaltata;Verticale ed orizzontale;Sereno;Normale;Buona;;2;0;0;2;12.4264;41.9312;-1;1;Autovettura privata;In marcia / fermata / arresto;Passeggero;F;Illeso;0;;Non accertato;Inesploso
6046962;19;11/07/2022 17:30:00;Strada Urbana;VIA DELLA PINETA SACCHETTI;da specificare;;;;Pross. via Villa Maggiorani;Scontro frontale/laterale SX fra veicoli in marcia;Rettilineo;Una carreggiata a senso unico di marcia;Asciutto;Asfaltata;Verticale ed orizzontale;Sereno;Normale;Buona;;2;0;0;2;12.4264;41.9312;-1;2;Motociclo a solo;In marcia / fermata / arresto;Conducente;M;Rifiuta cure immediate;0;NON DECEDUTO;Non accertato;
6046962;19;11/07/2022 17:30:00;Strada Urbana;VIA DELLA PINETA SACCHETTI;da specificare;;;;Pross. via Villa Maggiorani;Scontro frontale/laterale SX fra veicoli in marcia;Rettilineo;Una carreggiata a senso unico di marcia;Asciutto;Asfaltata;Verticale ed orizzontale;Sereno;Normale;Buona;;2;0;0;2;12.4264;41.9312;-1;2;Motociclo a solo;In marcia / fermata / arresto;Passeggero;F;Rimandato;0;NON DECEDUTO;Non accertato;
6046966;18;11/07/2022 15:10:00;Strada Urbana;LARGO ALESSANDRO CARAVILLANI;all'intersezione con;VIA ACCURSIO;VIA ACCURSIO;;;Veicolo in marcia contro veicolo fermo;Incrocio;Due carreggiate;Asciutto;Asfaltata;Verticale ed orizzontale;Sereno;Normale;Buona;;0;0;0;2;12.4273;41.8995;-1;1;Autovettura privata;In marcia / fermata / arresto;Conducente;M;Illeso;0;;;
6046966;18;11/07/2022 15:10:00;Strada Urbana;LARGO ALESSANDRO CARAVILLANI;all'intersezione con;VIA ACCURSIO;VIA ACCURSIO;;;Veicolo in marcia contro veicolo fermo;Incrocio;Due carreggiate;Asciutto;Asfaltata;Verticale ed orizzontale;Sereno;Normale;Buona;;0;0;0;2;12.4273;41.8995;-1;2;Macchina operatrice;In marcia / fermata / arresto;Conducente;M;Illeso;0;;;
6046974;19;11/07/2022 22:30:00;Strada Urbana;PIAZZA DEI VOCAZIONISTI;all'intersezione con;VIA RADICOFANI;VIA RADICOFANI;;;Veicolo in marcia contro veicolo in sosta;Incrocio;Una carreggiata a doppio senso;Asciutto;Asfaltata;Assente;Sereno;Scarso;Buona;;0;1;0;0;12.5161;41.9721;-1;1;Motociclo a solo;In marcia / fermata / arresto;Conducente;M;Prognosi riservata;0;NON DECEDUTO;Non accertato;
6046974;19;11/07/2022 22:30:00;Strada Urbana;PIAZZA DEI VOCAZIONISTI;all'intersezione con;VIA RADICOFANI;VIA RADICOFANI;;;Veicolo in marcia contro veicolo in sosta;Incrocio;Una carreggiata a doppio senso;Asciutto;Asfaltata;Assente;Sereno;Scarso;Buona;;0;1;0;0;12.5161;41.9721;-1;2;Autovettura privata;Sosta;;;;;;;
6046986;9;11/07/2022 13:00:00;Strada Urbana;VIA APPIA NUOVA;in corrispondenza;;del civico n.;101;;Tamponamento;Rettilineo;Due carreggiate;Asciutto;Asfaltata;Verticale ed orizzontale;Sereno;Normale;Buona;;1;0;0;1;12.5293;41.8699;-1;1;Autovettura privata;In marcia / fermata / arresto;Conducente;F;Illeso;0;;Non accertato;Inesploso
6046986;9;11/07/2022 13:00:00;Strada Urbana;VIA APPIA NUOVA;in corrispondenza;;del civico n.;101;;Tamponamento;Rettilineo;Due carreggiate;Asciutto;Asfaltata;Verticale ed orizzontale;Sereno;Normale;Buona;;1;0;0;1;12.5293;41.8699;-1;2;Motociclo a solo;In marcia / fermata / arresto;Conducente;M;Rimandato;0;NON DECEDUTO;Non accertato;
6046990;12;11/07/2022 14:35:00;Comunale extraurbana;VIA DI SPREGAMORE;in corrispondenza;;del civico n.;175;;Veicolo in marcia contro ostacolo fisso;Rettilineo;Una carreggiata a doppio senso;Asciutto;Asfaltata;Assente;Sereno;Scarso;Buona;;0;0;0;1;12.5568;41.7341;-1;1;Autobus urbano;In marcia / fermata / arresto;Conducente;M;Illeso;0;;;
6047016;12;11/07/2022 20:10:00;Strada Urbana;VIA DOMENICO JACHINO;in prossimit�;;del civico n.;171;;Veicolo in marcia contro ostacolo accidentale;Curva a visuale libera;Una carreggiata a senso unico di marcia;Viscido da liquidi oleosi;Asfaltata;Verticale ed orizzontale;Sereno;Normale;Buona;;0;0;0;1;12.447;41.8097;-1;1;Motociclo con passeggero;In marcia / fermata / arresto;Conducente;M;Illeso;0;;;
6047025;12;11/07/2022 16:30:00;Strada Urbana;PIAZZALE GIULIO DOUHET;all'intersezione con;VIALE DELL'AERONAUTICA;VIALE DELL'AERONAUTICA;;;Scontro frontale/laterale DX fra veicoli in marcia;Incrocio;Due carreggiate;Asciutto;Asfaltata;Verticale ed orizzontale;Sereno;Normale;Buona;;0;0;0;2;12.4786;41.8261;-1;1;Autovettura privata;In marcia / fermata / arresto;Conducente;M;Illeso;0;;;
6047025;12;11/07/2022 16:30:00;Strada Urbana;PIAZZALE GIULIO DOUHET;all'intersezione con;VIALE DELL'AERONAUTICA;VIALE DELL'AERONAUTICA;;;Scontro frontale/laterale DX fra veicoli in marcia;Incrocio;Due carreggiate;Asciutto;Asfaltata;Verticale ed orizzontale;Sereno;Normale;Buona;;0;0;0;2;12.4786;41.8261;-1;2;Autovettura pubblica;In marcia / fermata / arresto;Conducente;M;Illeso;0;;;
6047026;19;11/07/2022 19:40:00;Strada Urbana;VIA ANTONIO PANIZZI;in prossimit�;;del civico n.;41;;Scontro frontale fra veicoli in marcia;Rettilineo;Una carreggiata a doppio senso;Asciutto;Asfaltata;Verticale ed orizzontale;Sereno;Normale;Buona;;0;1;0;4;12.401;41.9567;-1;1;Autovettura privata;In marcia / fermata / arresto;Conducente;F;Illeso;0;;;
6047026;19;11/07/2022 19:40:00;Strada Urbana;VIA ANTONIO PANIZZI;in prossimit�;;del civico n.;41;;Scontro frontale fra veicoli in marcia;Rettilineo;Una carreggiata a doppio senso;Asciutto;Asfaltata;Verticale ed orizzontale;Sereno;Normale;Buona;;0;1;0;4;12.401;41.9567;-1;2;Autovettura privata;In marcia / fermata / arresto;Conducente;F;Illeso;0;;;
6047026;19;11/07/2022 19:40:00;Strada Urbana;VIA ANTONIO PANIZZI;in prossimit�;;del civico n.;41;;Scontro frontale fra veicoli in marcia;Rettilineo;Una carreggiata a doppio senso;Asciutto;Asfaltata;Verticale ed orizzontale;Sereno;Normale;Buona;;0;1;0;4;12.401;41.9567;-1;2;Autovettura privata;In marcia / fermata / arresto;Passeggero;F;Illeso;0;;;
6047026;19;11/07/2022 19:40:00;Strada Urbana;VIA ANTONIO PANIZZI;in prossimit�;;del civico n.;41;;Scontro frontale fra veicoli in marcia;Rettilineo;Una carreggiata a doppio senso;Asciutto;Asfaltata;Verticale ed orizzontale;Sereno;Normale;Buona;;0;1;0;4;12.401;41.9567;-1;2;Autovettura privata;In marcia / fermata / arresto;Passeggero;M;Illeso;0;;;
6047026;19;11/07/2022 19:40:00;Strada Urbana;VIA ANTONIO PANIZZI;in prossimit�;;del civico n.;41;;Scontro frontale fra veicoli in marcia;Rettilineo;Una carreggiata a doppio senso;Asciutto;Asfaltata;Verticale ed orizzontale;Sereno;Normale;Buona;;0;1;0;4;12.401;41.9567;-1;3;Ciclomotore;In marcia / fermata / arresto;Conducente;M;Prognosi riservata;0;NON DECEDUTO;;
6047030;12;11/07/2022 20:20:00;Strada Urbana;VIA DOMENICO JACHINO;in prossimit�;;del civico n.;171;;Veicolo in marcia contro ostacolo accidentale;Curva senza visuale libera;Una carreggiata a senso unico di marcia;Viscido da liquidi oleosi;Asfaltata;Verticale ed orizzontale;Sereno;Scarso;Sufficiente;;0;0;0;1;12.447;41.8097;-1;1;Motociclo a solo;In marcia / fermata / arresto;Conducente;M;Illeso;0;;;
6047036;9;11/07/2022 14:15:00;Strada Urbana;VIA APPIA NUOVA;da specificare;;;;altezza PIAZZA SULMONA;Scontro laterale fra veicoli in marcia;Rettilineo;Due carreggiate;Asciutto;Asfaltata;Verticale ed orizzontale;Sereno;Normale;Buona;;0;0;0;2;12.5131;41.8828;-1;1;Autocarro inferiore 35 q.;In marcia / fermata / arresto;Conducente;M;Illeso;0;;Non accertato;Inesploso
6047036;9;11/07/2022 14:15:00;Strada Urbana;VIA APPIA NUOVA;da specificare;;;;altezza PIAZZA SULMONA;Scontro laterale fra veicoli in marcia;Rettilineo;Due carreggiate;Asciutto;Asfaltata;Verticale ed orizzontale;Sereno;Normale;Buona;;0;0;0;2;12.5131;41.8828;-1;2;Motociclo a solo;In marcia / fermata / arresto;Conducente;M;Illeso;0;;Non accertato;
6047037;12;11/07/2022 22:15:00;Strada Urbana;VIA LAURENTINA;all'intersezione con;VIA DEL FOSSO DI ACQUA ACETOSA OSTIENSE;VIA DEL FOSSO DI ACQUA ACETOSA OSTIENSE;;;Scontro laterale fra veicoli in marcia;Incrocio;Due carreggiate;Asciutto;Asfaltata;Verticale ed orizzontale;Sereno;Scarso;Buona;;1;0;0;4;12.4856;41.8103;-1;1;Autovettura privata;In marcia / fermata / arresto;Conducente;M;Illeso;0;;Utilizzato;Inesploso
6047037;12;11/07/2022 22:15:00;Strada Urbana;VIA LAURENTINA;all'intersezione con;VIA DEL FOSSO DI ACQUA ACETOSA OSTIENSE;VIA DEL FOSSO DI ACQUA ACETOSA OSTIENSE;;;Scontro laterale fra veicoli in marcia;Incrocio;Due carreggiate;Asciutto;Asfaltata;Verticale ed orizzontale;Sereno;Scarso;Buona;;1;0;0;4;12.4856;41.8103;-1;1;Autovettura privata;In marcia / fermata / arresto;Passeggero;M;Illeso;0;;Utilizzato;Inesploso
6047037;12;11/07/2022 22:15:00;Strada Urbana;VIA LAURENTINA;all'intersezione con;VIA DEL FOSSO DI ACQUA ACETOSA OSTIENSE;VIA DEL FOSSO DI ACQUA ACETOSA OSTIENSE;;;Scontro laterale fra veicoli in marcia;Incrocio;Due carreggiate;Asciutto;Asfaltata;Verticale ed orizzontale;Sereno;Scarso;Buona;;1;0;0;4;12.4856;41.8103;-1;2;Autovettura privata;In marcia / fermata / arresto;Conducente;M;Rimandato;0;NON DECEDUTO;Utilizzato;Inesploso
6047037;12;11/07/2022 22:15:00;Strada Urbana;VIA LAURENTINA;all'intersezione con;VIA DEL FOSSO DI ACQUA ACETOSA OSTIENSE;VIA DEL FOSSO DI ACQUA ACETOSA OSTIENSE;;;Scontro laterale fra veicoli in marcia;Incrocio;Due carreggiate;Asciutto;Asfaltata;Verticale ed orizzontale;Sereno;Scarso;Buona;;1;0;0;4;12.4856;41.8103;-1;3;Autovettura privata;In marcia / fermata / arresto;Conducente;M;Illeso;0;;;
6047037;12;11/07/2022 22:15:00;Strada Urbana;VIA LAURENTINA;all'intersezione con;VIA DEL FOSSO DI ACQUA ACETOSA OSTIENSE;VIA DEL FOSSO DI ACQUA ACETOSA OSTIENSE;;;Scontro laterale fra veicoli in marcia;Incrocio;Due carreggiate;Asciutto;Asfaltata;Verticale ed orizzontale;Sereno;Scarso;Buona;;1;0;0;4;12.4856;41.8103;-1;3;Autovettura privata;In marcia / fermata / arresto;Passeggero;F;Illeso;0;;Utilizzato;Inesploso
6047040;3;08/07/2022 22:00:00;Strada Urbana;VIA TIBURTINA;da specificare;;;;direzione Portonaccio pross Circ.ne Tiburtina;Fuoriuscita dalla sede stradale;Rettilineo;Una carreggiata a senso unico di marcia;Asciutto;Asfaltata;Verticale ed orizzontale;Sereno;Normale;Buona;;1;0;0;1;12.5837;41.9197;-1;1;Motociclo a solo;In marcia / fermata / arresto;Conducente;F;Ricoverato;0;NON DECEDUTO;;
6047040;3;08/07/2022 22:00:00;Strada Urbana;VIA TIBURTINA;da specificare;;;;direzione Portonaccio pross Circ.ne Tiburtina;Fuoriuscita dalla sede stradale;Rettilineo;Una carreggiata a senso unico di marcia;Asciutto;Asfaltata;Verticale ed orizzontale;Sereno;Normale;Buona;;1;0;0;1;12.5837;41.9197;-1;2;Autovettura pubblica;In marcia / fermata / arresto;Conducente;M;Illeso;0;;;
6047045;18;11/07/2022 14:30:00;Strada Urbana;VIA MATTIA BATTISTINI;in prossimit�;;del civico n.;18;;Tamponamento;Rettilineo;Una carreggiata a doppio senso;Asciutto;Asfaltata;Verticale ed orizzontale;Sereno;Normale;Buona;;1;0;0;1;12.4111;41.9052;-1;1;Autovettura privata;In marcia / fermata / arresto;Conducente;M;Illeso;0;;Non accertato;Inesploso
6047045;18;11/07/2022 14:30:00;Strada Urbana;VIA MATTIA BATTISTINI;in prossimit�;;del civico n.;18;;Tamponamento;Rettilineo;Una carreggiata a doppio senso;Asciutto;Asfaltata;Verticale ed orizzontale;Sereno;Normale;Buona;;1;0;0;1;12.4111;41.9052;-1;2;Autovettura privata;In marcia / fermata / arresto;Conducente;F;Rifiuta cure immediate;0;NON DECEDUTO;Non accertato;Inesploso
6047052;9;11/07/2022 15:10:00;Strada Urbana;VIA APPIA ANTICA;da specificare;;;;prossimit� VIA DELLE MURA LATINE;Scontro laterale fra veicoli in marcia;Rettilineo;Una carreggiata a doppio senso;Asciutto;Lastricata;Verticale ed orizzontale;Sereno;Normale;Buona;;0;0;0;2;12.5017;41.8733;-1;1;Autovettura privata;In marcia / fermata / arresto;Conducente;F;Illeso;0;;Non accertato;Inesploso