Protocollo;Gruppo;DataOraIncidente;Localizzazione1;STRADA1;Localizzazione2;STRADA2;Strada02;Chilometrica;DaSpecificare;NaturaIncidente;particolaritastrade;TipoStrada;FondoStradale;Pavimentazione;Segnaletica;CondizioneAtmosferica;Traffico;Visibilita;Illuminazione;NUM_FERITI;NUM_RISERVATA;NUM_MORTI;NUM_ILLESI;Longitude;Latitude;Confermato;Progressivo;TipoVeicolo;StatoVeicolo;TipoPersona;Sesso;Tipolesione;Deceduto;DecedutoDopo;CinturaCascoUtilizzato;Airbag;
6048816;3;11/07/2022 11:45:00;Strada Urbana;VIALE REGINA ELENA;in prossimit�;;del civico n.;334;;Scontro frontale/laterale SX fra veicoli in marcia;Rettilineo;Pi� di due carreggiate;Asciutto;Asfaltata;Verticale ed orizzontale;Sereno;Scarso;Buona;;1;0;0;1;12.5175;41.9041;-1;2;Motociclo con passeggero;In marcia / fermata / arresto;Conducente;M;Ricoverato;0;NON DECEDUTO;Non accertato;
6048827;3;11/07/2022 10:50:00;Strada Urbana;VIA NOMENTANA;all'intersezione con;PIAZZALE DI PORTA PIA;PIAZZALE DI PORTA PIA;;;Scontro frontale/laterale SX fra veicoli in marcia;Intersezione semaforizzata;Due carreggiate;Asciutto;Asfaltata;Verticale ed orizzontale;Sereno;Normale;Buona;;0;0;0;2;12.5006;41.9092;-1;1;Autovettura privata;In marcia / fermata / arresto;Conducente;F;Illeso;0;;;
6048827;3;11/07/2022 10:50:00;Strada Urbana;VIA NOMENTANA;all'intersezione con;PIAZZALE DI PORTA PIA;PIAZZALE DI PORTA PIA;;;Scontro frontale/laterale SX fra veicoli in marcia;Intersezione semaforizzata;Due carreggiate;Asciutto;Asfaltata;Verticale ed orizzontale;Sereno;Normale;Buona;;0;0;0;2;12.5006;41.9092;-1;2;Motociclo a solo;In marcia / fermata / arresto;Conducente;M;Illeso;0;;;
6048831;19;12/07/2022 19:30:00;Strada Urbana;VIA DELLA LUCCHINA;all'intersezione con;VIA CESIRA FIORI;VIA CESIRA FIORI;;;Veicolo in marcia contro veicolo fermo;Incrocio;Una carreggiata a doppio senso;Asciutto;Asfaltata;Verticale ed orizzontale;Sereno;Normale;Buona;;0;0;0;3;12.3992;41.958;-1;1;Autovettura privata;In marcia / fermata / arresto;Conducente;M;Illeso;0;;;
6048831;19;12/07/2022 19:30:00;Strada Urbana;VIA DELLA LUCCHINA;all'intersezione con;VIA CESIRA FIORI;VIA CESIRA FIORI;;;Veicolo in marcia contro veicolo fermo;Incrocio;Una carreggiata a doppio senso;Asciutto;Asfaltata;Verticale ed orizzontale;Sereno;Normale;Buona;;0;0;0;3;12.3992;41.958;-1;1;Autovettura privata;In marcia / fermata / arresto;Passeggero;F;Illeso;0;;;
6048831;19;12/07/2022 19:30:00;Strada Urbana;VIA DELLA LUCCHINA;all'intersezione con;VIA CESIRA FIORI;VIA CESIRA FIORI;;;Veicolo in marcia contro veicolo fermo;Incrocio;Una carreggiata a doppio senso;Asciutto;Asfaltata;Verticale ed orizzontale;Sereno;Normale;Buona;;0;0;0;3;12.3992;41.958;-1;2;Autovettura privata;In marcia / fermata / arresto;Conducente;M;Illeso;0;;;
6048835;17;12/07/2022 20:20:00;Strada Urbana;VIA CRESCENZIO;all'intersezione con;VIA PROPERZIO;VIA PROPERZIO;;;Scontro laterale fra veicoli in marcia;Incrocio;Una carreggiata a doppio senso;Asciutto;Asfaltata;Verticale ed orizzontale;Sereno;Normale;Sufficiente;;1;0;0;1;12.4613;41.9059;-1;1;Autovettura privata;In marcia / fermata / arresto;Conducente;M;Illeso;0;;;
6048835;17;12/07/2022 20:20:00;Strada Urbana;VIA CRESCENZIO;all'intersezione con;VIA PROPERZIO;VIA PROPERZIO;;;Scontro laterale fra veicoli in marcia;Incrocio;Una carreggiata a doppio senso;Asciutto;Asfaltata;Verticale ed orizzontale;Sereno;Normale;Sufficiente;;1;0;0;1;12.4613;41.9059;-1;2;Autovettura privata;In marcia / fermata / arresto;Conducente;M;Rimandato;0;NON DECEDUTO;;
6048840;1;13/07/2022 08:00:00;Strada Urbana;VIA STATILIA;in prossimit�;;del civico n.;29;;Infortunio per sola frenata improvvisa;Rettilineo;Una carreggiata a senso unico di marcia;Asciutto;In cubetti di porfido;Verticale ed orizzontale;Sereno;Normale;Buona;;1;0;0;1;12.5134;41.8911;-1;1;Autovettura privata;In marcia / fermata / arresto;Conducente;F;Illeso;0;;;
6048840;1;13/07/2022 08:00:00;Strada Urbana;VIA STATILIA;in prossimit�;;del civico n.;29;;Infortunio per sola frenata improvvisa;Rettilineo;Una carreggiata a senso unico di marcia;Asciutto;In cubetti di porfido;Verticale ed orizzontale;Sereno;Normale;Buona;;1;0;0;1;12.5134;41.8911;-1;2;Motociclo a solo;In marcia / fermata / arresto;Conducente;M;Rifiuta cure immediate;0;NON DECEDUTO;;
6048864;9;12/07/2022 16:20:00;Strada Urbana;VIA CASILINA;da specificare;;;;fronte civico 1;Scontro laterale fra veicoli in marcia;Rettilineo;Due carreggiate;Asciutto;Asfaltata;Verticale ed orizzontale;Sereno;Normale;Buona;;1;0;0;1;12.6212;41.8626;-1;1;Autocarro inferiore 35 q.;In marcia / fermata / arresto;Conducente;M;Illeso;0;;Non accertato;Inesploso
6048864;9;12/07/2022 16:20:00;Strada Urbana;VIA CASILINA;da specificare;;;;fronte civico 1;Scontro laterale fra veicoli in marcia;Rettilineo;Due carreggiate;Asciutto;Asfaltata;Verticale ed orizzontale;Sereno;Normale;Buona;;1;0;0;1;12.6212;41.8626;-1;2;Motociclo a solo;In marcia / fermata / arresto;Conducente;M;Rimandato;0;NON DECEDUTO;Non accertato;
6048875;1;13/07/2022 05:40:00;Strada Urbana;PIAZZA DI PORTA MAGGIORE;all'intersezione semaforizzata con;VIA GIOVANNI GIOLITTI;VIA GIOVANNI GIOLITTI;;;Scontro laterale fra veicoli in marcia;Incrocio;Una carreggiata a senso unico di marcia;Asciutto;Asfaltata;Verticale ed orizzontale;Sereno;Normale;Buona;;0;0;0;4;12.5145;41.8912;-1;1;Autovettura privata;In marcia / fermata / arresto;Conducente;M;Illeso;0;;;
6048875;1;13/07/2022 05:40:00;Strada Urbana;PIAZZA DI PORTA MAGGIORE;all'intersezione semaforizzata con;VIA GIOVANNI GIOLITTI;VIA GIOVANNI GIOLITTI;;;Scontro laterale fra veicoli in marcia;Incrocio;Una carreggiata a senso unico di marcia;Asciutto;Asfaltata;Verticale ed orizzontale;Sereno;Normale;Buona;;0;0;0;4;12.5145;41.8912;-1;1;Autovettura privata;In marcia / fermata / arresto;Passeggero;F;Illeso;0;;;
6048875;1;13/07/2022 05:40:00;Strada Urbana;PIAZZA DI PORTA MAGGIORE;all'intersezione semaforizzata con;VIA GIOVANNI GIOLITTI;VIA GIOVANNI GIOLITTI;;;Scontro laterale fra veicoli in marcia;Incrocio;Una carreggiata a senso unico di marcia;Asciutto;Asfaltata;Verticale ed orizzontale;Sereno;Normale;Buona;;0;0;0;4;12.5145;41.8912;-1;2;Autovettura privata;In marcia / fermata / arresto;Conducente;M;Illeso;0;;;
6048875;1;13/07/2022 05:40:00;Strada Urbana;PIAZZA DI PORTA MAGGIORE;all'intersezione semaforizzata con;VIA GIOVANNI GIOLITTI;VIA GIOVANNI GIOLITTI;;;Scontro laterale fra veicoli in marcia;Incrocio;Una carreggiata a senso unico di marcia;Asciutto;Asfaltata;Verticale ed orizzontale;Sereno;Normale;Buona;;0;0;0;4;12.5145;41.8912;-1;2;Autovettura privata;In marcia / fermata / arresto;Passeggero;M;Illeso;0;;;
6048905;1;13/07/2022 03:00:00;Strada Urbana;VIALE GUIDO BACCELLI;in corrispondenza;;del civico n.;85;;Veicolo in marcia contro ostacolo fisso;Rettilineo;Una carreggiata a doppio senso;Asciutto;Asfaltata;Verticale ed orizzontale;Sereno;Scarso;Sufficiente;;0;0;0;1;12.4949;41.8753;-1;1;Autovettura privata;In marcia / fermata / arresto;Conducente;M;Illeso;0;;;
6048966;10;13/07/2022 11:20:00;Provinciale entro l'abitato;VIA APPIA NUOVA;da specificare;;;;dir. Roma centro 50 mt immisione su Gra/tuscolana;Scontro laterale fra veicoli in marcia;Rettilineo;Due carreggiate;Asciutto;Asfaltata;Verticale ed orizzontale;Sereno;Normale;Buona;;0;0;0;3;12.5753;41.8125;-1;1;Autovettura privata;In marcia / fermata / arresto;Conducente;F;Illeso;0;;Non accertato;Inesploso
6048966;10;13/07/2022 11:20:00;Provinciale entro l'abitato;VIA APPIA NUOVA;da specificare;;;;dir. Roma centro 50 mt immisione su Gra/tuscolana;Scontro laterale fra veicoli in marcia;Rettilineo;Due carreggiate;Asciutto;Asfaltata;Verticale ed orizzontale;Sereno;Normale;Buona;;0;0;0;3;12.5753;41.8125;-1;1;Autovettura privata;In marcia / fermata / arresto;Passeggero;F;Illeso;0;;Non accertato;Inesploso
6048966;10;13/07/2022 11:20:00;Provinciale entro l'abitato;VIA APPIA NUOVA;da specificare;;;;dir. Roma centro 50 mt immisione su Gra/tuscolana;Scontro laterale fra veicoli in marcia;Rettilineo;Due carreggiate;Asciutto;Asfaltata;Verticale ed orizzontale;Sereno;Normale;Buona;;0;0;0;3;12.5753;41.8125;-1;2;Autotreno;In marcia / fermata / arresto;Conducente;M;Illeso;0;;Non accertato;Inesploso
6048974;1;13/07/2022 11:08:00;Strada Urbana;CORSO VITTORIO EMANUELE II;in prossimit�;;del civico n.;90;;Tamponamento;Rettilineo;Una carreggiata a doppio senso;Asciutto;Asfaltata;Verticale ed orizzontale;Sereno;Normale;Buona;;0;0;0;3;12.4761;41.8961;-1;1;Autovettura pubblica;In marcia / fermata / arresto;Conducente;M;Illeso;0;;;
6048974;1;13/07/2022 11:08:00;Strada Urbana;CORSO VITTORIO EMANUELE II;in prossimit�;;del civico n.;90;;Tamponamento;Rettilineo;Una carreggiata a doppio senso;Asciutto;Asfaltata;Verticale ed orizzontale;Sereno;Normale;Buona;;0;0;0;3;12.4761;41.8961;-1;2;Autovettura privata;In marcia / fermata / arresto;Conducente;M;Illeso;0;;;
6048974;1;13/07/2022 11:08:00;Strada Urbana;CORSO VITTORIO EMANUELE II;in prossimit�;;del civico n.;90;;Tamponamento;Rettilineo;Una carreggiata a doppio senso;Asciutto;Asfaltata;Verticale ed orizzontale;Sereno;Normale;Buona;;0;0;0;3;12.4761;41.8961;-1;2;Autovettura privata;In marcia / fermata / arresto;Passeggero;M;Illeso;0;;;
6049017;19;12/07/2022 19:40:00;Strada Urbana;VIA GIULIO COGGIOLA;in corrispondenza;;del civico n.;10;;Veicolo in marcia contro veicoli in sosta;Rettilineo;Una carreggiata a doppio senso;Asciutto;Asfaltata;Assente;Sereno;Scarso;Buona;;1;0;0;0;12.3928;41.9523;-1;1;Autovettura privata;In marcia / fermata / arresto;Conducente;M;Rimandato;0;NON DECEDUTO;;
6049017;19;12/07/2022 19:40:00;Strada Urbana;VIA GIULIO COGGIOLA;in corrispondenza;;del civico n.;10;;Veicolo in marcia contro veicoli in sosta;Rettilineo;Una carreggiata a doppio senso;Asciutto;Asfaltata;Assente;Sereno;Scarso;Buona;;1;0;0;0;12.3928;41.9523;-1;2;Autovettura privata;Sosta;;;;;;;
6049017;19;12/07/2022 19:40:00;Strada Urbana;VIA GIULIO COGGIOLA;in corrispondenza;;del civico n.;10;;Veicolo in marcia contro veicoli in sosta;Rettilineo;Una carreggiata a doppio senso;Asciutto;Asfaltata;Assente;Sereno;Scarso;Buona;;1;0;0;0;12.3928;41.9523;-1;3;Autovettura privata;Sosta;;;;;;;
6049118;18;13/07/2022 13:10:00;Strada Urbana;VIA AURELIA;da specificare;;;;prossimit� via di Porta Pertusa;Infortunio per caduta del veicolo;Rettilineo;Una carreggiata a doppio senso;Viscido da liquidi oleosi;Asfaltata;Verticale ed orizzontale;Sereno;Normale;Buona;;1;0;0;1;12.4012;41.8861;-1;1;Motociclo a solo;In marcia / fermata / arresto;Conducente;M;Rimandato;0;NON DECEDUTO;Non accertato;
6049118;18;13/07/2022 13:10:00;Strada Urbana;VIA AURELIA;da specificare;;;;prossimit� via di Porta Pertusa;Infortunio per caduta del veicolo;Rettilineo;Una carreggiata a doppio senso;Viscido da liquidi oleosi;Asfaltata;Verticale ed orizzontale;Sereno;Normale;Buona;;1;0;0;1;12.4012;41.8861;-1;2;Altro;In marcia / fermata / arresto;Conducente;M;Illeso;0;;Non utilizzato;Inesploso
6049277;1;13/07/2022 12:25:00;Strada Urbana;PIAZZALE OSTIENSE;da specificare;;;;alt segnaletica divieto di fermata;Tamponamento;Rettilineo;Una carreggiata a senso unico di marcia;Asciutto;Asfaltata;Verticale ed orizzontale;Sereno;Normale;Buona;;0;0;0;2;12.4823;41.876;-1;1;Autovettura privata;In marcia / fermata / arresto;Conducente;M;Illeso;0;;;
6049277;1;13/07/2022 12:25:00;Strada Urbana;PIAZZALE OSTIENSE;da specificare;;;;alt segnaletica divieto di fermata;Tamponamento;Rettilineo;Una carreggiata a senso unico di marcia;Asciutto;Asfaltata;Verticale ed orizzontale;Sereno;Normale;Buona;;0;0;0;2;12.4823;41.876;-1;2;Autovettura privata;In marcia / fermata / arresto;Conducente;F;Illeso;0;;;
6049286;6;13/07/2022 12:35:00;Strada Urbana;VIA COLLATINA;in prossimit�;;del civico n.;112;;Veicolo in marcia contro veicolo arresto;Rettilineo;Una carreggiata a doppio senso;Asciutto;Asfaltata;Verticale ed orizzontale;Nuvoloso;Scarso;Buona;;1;0;0;1;12.5657;41.8998;-1;1;Autovettura privata;In marcia / fermata / arresto;Conducente;F;Rifiuta cure immediate;0;NON DECEDUTO;Non accertato;Inesploso
6049286;6;13/07/2022 12:35:00;Strada Urbana;VIA COLLATINA;in prossimit�;;del civico n.;112;;Veicolo in marcia contro veicolo arresto;Rettilineo;Una carreggiata a doppio senso;Asciutto;Asfaltata;Verticale ed orizzontale;Nuvoloso;Scarso;Buona;;1;0;0;1;12.5657;41.8998;-1;2;Autovettura privata;In marcia / fermata / arresto;Conducente;M;Illeso;0;;Non accertato;Inesploso
6049286;6;13/07/2022 12:35:00;Strada Urbana;VIA COLLATINA;in prossimit�;;del civico n.;112;;Veicolo in marcia contro veicolo arresto;Rettilineo;Una carreggiata a doppio senso;Asciutto;Asfaltata;Verticale ed orizzontale;Nuvoloso;Scarso;Buona;;1;0;0;1;12.5657;41.8998;-1;3;Autovettura privata;Sosta;;;;;;;
6049286;6;13/07/2022 12:35:00;Strada Urbana;VIA COLLATINA;in prossimit�;;del civico n.;112;;Veicolo in marcia contro veicolo arresto;Rettilineo;Una carreggiata a doppio senso;Asciutto;Asfaltata;Verticale ed orizzontale;Nuvoloso;Scarso;Buona;;1;0;0;1;12.5657;41.8998;-1;4;Autovettura privata;Sosta;;;;;;;
6049286;6;13/07/2022 12:35:00;Strada Urbana;VIA COLLATINA;in prossimit�;;del civico n.;112;;Veicolo in marcia contro veicolo arresto;Rettilineo;Una carreggiata a doppio senso;Asciutto;Asfaltata;Verticale ed orizzontale;Nuvoloso;Scarso;Buona;;1;0;0;1;12.5657;41.8998;-1;5;Autovettura privata;Sosta;;;;;;;
6049290;3;09/07/2022 05:40:00;Strada Urbana;VIALE LIEGI;all'intersezione semaforizzata con;VIA SALARIA;VIA SALARIA;;;Scontro frontale/laterale SX fra veicoli in marcia;Intersezione semaforizzata;Una carreggiata a doppio senso;Asciutto;Asfaltata;Verticale ed orizzontale;Sereno;Normale;Buona;;0;0;0;2;12.4985;41.9195;-1;1;Autovettura pubblica;In marcia / fermata / arresto;Conducente;M;Illeso;0;;Non accertato;
6049290;3;09/07/2022 05:40:00;Strada Urbana;VIALE LIEGI;all'intersezione semaforizzata con;VIA SALARIA;VIA SALARIA;;;Scontro frontale/laterale SX fra veicoli in marcia;Intersezione semaforizzata;Una carreggiata a doppio senso;Asciutto;Asfaltata;Verticale ed orizzontale;Sereno;Normale;Buona;;0;0;0;2;12.4985;41.9195;-1;2;Autovettura privata;In marcia / fermata / arresto;Conducente;M;Illeso;0;;Non accertato;
6049290;3;09/07/2022 05:40:00;Strada Urbana;VIALE LIEGI;all'intersezione semaforizzata con;VIA SALARIA;VIA SALARIA;;;Scontro frontale/laterale SX fra veicoli in marcia;Intersezione semaforizzata;Una carreggiata a doppio senso;Asciutto;Asfaltata;Verticale ed orizzontale;Sereno;Normale;Buona;;0;0;0;2;12.4985;41.9195;-1;3;Autovettura privata;Sosta;;;;;;;
6049308;1;13/07/2022 12:45:00;Strada Urbana;VIA FEDERICO ZUCCARI;in prossimit�;;del civico n.;11;;Veicolo in marcia contro veicolo in sosta;Rettilineo;Una carreggiata a senso unico di marcia;Asciutto;Asfaltata;Verticale ed orizzontale;Sereno;Scarso;Buona;;0;0;0;2;;;0;1;Autovettura privata;In marcia / fermata / arresto;Conducente;M;Illeso;0;;;
6049308;1;13/07/2022 12:45:00;Strada Urbana;VIA FEDERICO ZUCCARI;in prossimit�;;del civico n.;11;;Veicolo in marcia contro veicolo in sosta;Rettilineo;Una carreggiata a senso unico di marcia;Asciutto;Asfaltata;Verticale ed orizzontale;Sereno;Scarso;Buona;;0;0;0;2;;;0;2;Autovettura privata;In marcia / fermata / arresto;Conducente;M;Illeso;0;;;
6049330;12;13/07/2022 10:30:00;Strada Urbana;VIA ALVARO DEL PORTILLO;all'intersezione con;VIA REGDO SCODRO;VIA REGDO SCODRO;;;Veicolo in marcia contro ostacolo fisso;Rotatoria;Una carreggiata a senso unico di marcia;Asciutto;Asfaltata;Verticale ed orizzontale;Sereno;Scarso;Buona;;0;0;0;1;12.4667;41.772;-1;1;Motociclo a solo;In marcia / fermata / arresto;Conducente;M;Illeso;0;;Non accertato;
6049348;12;13/07/2022 12:45:00;Strada Urbana;VIA CRISTOFORO COLOMBO;all'intersezione con;VIALE DELL'UMANESIMO;VIALE DELL'UMANESIMO;;;Scontro laterale fra veicoli in marcia;Intersezione semaforizzata;Due carreggiate;Asciutto;Asfaltata;Verticale ed orizzontale;Sereno;Normale;Buona;;0;0;0;2;12.4645;41.8248;-1;1;Motociclo a solo;In marcia / fermata / arresto;Conducente;M;Illeso;0;;Non accertato;
6049348;12;13/07/2022 12:45:00;Strada Urbana;VIA CRISTOFORO COLOMBO;all'intersezione con;VIALE DELL'UMANESIMO;VIALE DELL'UMANESIMO;;;Scontro laterale fra veicoli in marcia;Intersezione semaforizzata;Due carreggiate;Asciutto;Asfaltata;Verticale ed orizzontale;Sereno;Normale;Buona;;0;0;0;2;12.4645;41.8248;-1;2;Autovettura privata;In marcia / fermata / arresto;Conducente;F;Illeso;0;;Non accertato;Inesploso
6049353;9;13/07/2022 13:20:00;Strada Urbana;VIA GALLIA;in corrispondenza;;del civico n.;68;;Tamponamento;Rettilineo;Una carreggiata a doppio senso;Asciutto;Asfaltata;Verticale ed orizzontale;Sereno;Normale;Buona;;1;0;0;1;12.5025;41.8812;-1;1;Motociclo a solo;In marcia / fermata / arresto;Conducente;F;Rimandato;0;NON DECEDUTO;Non accertato;
6049353;9;13/07/2022 13:20:00;Strada Urbana;VIA GALLIA;in corrispondenza;;del civico n.;68;;Tamponamento;Rettilineo;Una carreggiata a doppio senso;Asciutto;Asfaltata;Verticale ed orizzontale;Sereno;Normale;Buona;;1;0;0;1;12.5025;41.8812;-1;2;Monopattino elettrico;In marcia / fermata / arresto;Conducente;M;Illeso;0;;Non accertato;Inesistente
6049410;12;13/07/2022 16:00:00;Strada Urbana;VIA DI CASTEL DI LEVA;all'intersezione con;VIA DELLA CASTELLUCCIA DI S. PAOLO;VIA DELLA CASTELLUCCIA DI S. PAOLO;;;Scontro laterale fra veicoli in marcia;Incrocio;Una carreggiata a doppio senso;Asciutto;Asfaltata;Verticale ed orizzontale;Sereno;Normale;Buona;;1;0;0;1;12.5151;41.7869;-1;1;Autovettura privata;In marcia / fermata / arresto;Conducente;M;Rimandato;0;NON DECEDUTO;Non accertato;Inesploso
6049410;12;13/07/2022 16:00:00;Strada Urbana;VIA DI CASTEL DI LEVA;all'intersezione con;VIA DELLA CASTELLUCCIA DI S. PAOLO;VIA DELLA CASTELLUCCIA DI S. PAOLO;;;Scontro laterale fra veicoli in marcia;Incrocio;Una carreggiata a doppio senso;Asciutto;Asfaltata;Verticale ed orizzontale;Sereno;Normale;Buona;;1;0;0;1;12.5151;41.7869;-1;2;Autovettura privata;In marcia / fermata / arresto;Conducente;M;Illeso;0;;Non accertato;Inesploso
6049440;10;13/07/2022 18:00:00;Strada Urbana;VIA IGNAZIO SCIMONELLI;all'intersezione con;VIA PIETRO ROSANO;VIA PIETRO ROSANO;;;Scontro frontale/laterale SX fra veicoli in marcia;Incrocio;Una carreggiata a doppio senso;Asciutto;Asfaltata;Verticale ed orizzontale;Sereno;Normale;Buona;;0;0;0;3;12.5956;41.8441;-1;1;Autovettura privata;In marcia / fermata / arresto;Conducente;F;Illeso;0;;;
6049440;10;13/07/2022 18:00:00;Strada Urbana;VIA IGNAZIO SCIMONELLI;all'intersezione con;VIA PIETRO ROSANO;VIA PIETRO ROSANO;;;Scontro frontale/laterale SX fra veicoli in marcia;Incrocio;Una carreggiata a doppio senso;Asciutto;Asfaltata;Verticale ed orizzontale;Sereno;Normale;Buona;;0;0;0;3;12.5956;41.8441;-1;2;Autovettura privata;In marcia / fermata / arresto;Conducente;M;Illeso;0;;;
6049440;10;13/07/2022 18:00:00;Strada Urbana;VIA IGNAZIO SCIMONELLI;all'intersezione con;VIA PIETRO ROSANO;VIA PIETRO ROSANO;;;Scontro frontale/laterale SX fra veicoli in marcia;Incrocio;Una carreggiata a doppio senso;Asciutto;Asfaltata;Verticale ed orizzontale;Sereno;Normale;Buona;;0;0;0;3;12.5956;41.8441;-1;2;Autovettura privata;In marcia / fermata / arresto;Passeggero;F;Illeso;0;;;
6049480;18;13/07/2022 18:20:00;Strada Urbana;VIA DEL FORTE BRASCHI;in prossimit�;;del civico n.;48;;Scontro frontale fra veicoli in marcia;Rettilineo;Una carreggiata a doppio senso;Asciutto;Asfaltata;Verticale ed orizzontale;Sereno;Normale;Buona;;1;0;0;1;12.4216;41.9157;-1;1;Autovettura privata;In marcia / fermata / arresto;Conducente;M;Illeso;0;;Non accertato;Inesploso
6049480;18;13/07/2022 18:20:00;Strada Urbana;VIA DEL FORTE BRASCHI;in prossimit�;;del civico n.;48;;Scontro frontale fra veicoli in marcia;Rettilineo;Una carreggiata a doppio senso;Asciutto;Asfaltata;Verticale ed orizzontale;Sereno;Normale;Buona;;1;0;0;1;12.4216;41.9157;-1;2;Motociclo a solo;In marcia / fermata / arresto;Conducente;M;Rimandato;0;NON DECEDUTO;Non accertato;
6049789;8;13/07/2022 17:30:00;Strada Urbana;VIA PIETRO BELON;in prossimit�;;del civico n.;127;;Scontro laterale fra veicoli in marcia;Rettilineo;Una carreggiata a doppio senso;Asciutto;Asfaltata;Orizzontale;Sereno;Normale;Buona;;0;0;0;3;12.5911;41.8706;-1;1;Autovettura privata;In marcia / fermata / arresto;Conducente;M;Illeso;0;;Non accertato;Inesploso
6049789;8;13/07/2022 17:30:00;Strada Urbana;VIA PIETRO BELON;in prossimit�;;del civico n.;127;;Scontro laterale fra veicoli in marcia;Rettilineo;Una carreggiata a doppio senso;Asciutto;Asfaltata;Orizzontale;Sereno;Normale;Buona;;0;0;0;3;12.5911;41.8706;-1;1;Autovettura privata;In marcia / fermata / arresto;Passeggero;F;Illeso;0;;Non accertato;Inesploso
6049789;8;13/07/2022 17:30:00;Strada Urbana;VIA PIETRO BELON;in prossimit�;;del civico n.;127;;Scontro laterale fra veicoli in marcia;Rettilineo;Una carreggiata a doppio senso;Asciutto;Asfaltata;Orizzontale;Sereno;Normale;Buona;;0;0;0;3;12.5911;41.8706;-1;2;Autovettura privata;In marcia / fermata / arresto;Conducente;M;Illeso;0;;Non accertato;Inesploso
6049793;11;13/07/2022 05:00:00;Strada Urbana;VIA GIULIO ROCCO;in corrispondenza;;del civico n.;47;;Veicolo in marcia contro veicoli in sosta;Rettilineo;Una carreggiata a doppio senso;Asciutto;Asfaltata;Verticale;Sereno;Scarso;Buona;;0;0;0;2;12.4799;41.8627;-1;1;Autovettura privata;In marcia / fermata / arresto;Conducente;M;Illeso;0;;Non accertato;Inesploso
6049793;11;13/07/2022 05:00:00;Strada Urbana;VIA GIULIO ROCCO;in corrispondenza;;del civico n.;47;;Veicolo in marcia contro veicoli in sosta;Rettilineo;Una carreggiata a doppio senso;Asciutto;Asfaltata;Verticale;Sereno;Scarso;Buona;;0;0;0;2;12.4799;41.8627;-1;1;Autovettura privata;In marcia / fermata / arresto;Passeggero;M;Illeso;0;;Non accertato;Inesploso
6049793;11;13/07/2022 05:00:00;Strada Urbana;VIA GIULIO ROCCO;in corrispondenza;;del civico n.;47;;Veicolo in marcia contro veicoli in sosta;Rettilineo;Una carreggiata a doppio senso;Asciutto;Asfaltata;Verticale;Sereno;Scarso;Buona;;0;0;0;2;12.4799;41.8627;-1;2;Autovettura privata;Sosta;;;;;;;
6049793;11;13/07/2022 05:00:00;Strada Urbana;VIA GIULIO ROCCO;in corrispondenza;;del civico n.;47;;Veicolo in marcia contro veicoli in sosta;Rettilineo;Una carreggiata a doppio senso;Asciutto;Asfaltata;Verticale;Sereno;Scarso;Buona;;0;0;0;2;12.4799;41.8627;-1;3;Autovettura privata;Sosta;;;;;;;
6049820;10;13/07/2022 20:40:00;Strada Urbana;VIALE MARCO FULVIO NOBILIORE;all'intersezione con;PIAZZA S. GIOVANNI BOSCO;PIAZZA S. GIOVANNI BOSCO;;;Scontro frontale/laterale DX fra veicoli in marcia;Incrocio;Due carreggiate;Asciutto;Asfaltata;Verticale ed orizzontale;Sereno;Normale;Sufficiente;;1;0;0;1;12.5644;41.8588;-1;1;Autovettura privata;In marcia / fermata / arresto;Conducente;M;Illeso;0;;Non accertato;Inesploso
6049820;10;13/07/2022 20:40:00;Strada Urbana;VIALE MARCO FULVIO NOBILIORE;all'intersezione con;PIAZZA S. GIOVANNI BOSCO;PIAZZA S. GIOVANNI BOSCO;;;Scontro frontale/laterale DX fra veicoli in marcia;Incrocio;Due carreggiate;Asciutto;Asfaltata;Verticale ed orizzontale;Sereno;Normale;Sufficiente;;1;0;0;1;12.5644;41.8588;-1;2;Monopattino elettrico;In marcia / fermata / arresto;Conducente;M;Rimandato;0;NON DECEDUTO;Non accertato;
6049827;7;13/07/2022 11:50:00;Strada Urbana;VIA MARISA BELLISARIO;all'intersezione con;VIA PRENESTINA;VIA PRENESTINA;;;Scontro laterale fra veicoli in marcia;Rotatoria;Una carreggiata a senso unico di marcia;Asciutto;Asfaltata;Verticale;Sereno;Intenso;Buona;;0;0;0;2;12.6044;41.8935;-1;1;Autovettura privata;In marcia / fermata / arresto;Conducente;F;Illeso;0;;Non accertato;Inesploso
6049827;7;13/07/2022 11:50:00;Strada Urbana;VIA MARISA BELLISARIO;all'intersezione con;VIA PRENESTINA;VIA PRENESTINA;;;Scontro laterale fra veicoli in marcia;Rotatoria;Una carreggiata a senso unico di marcia;Asciutto;Asfaltata;Verticale;Sereno;Intenso;Buona;;0;0;0;2;12.6044;41.8935;-1;2;Autocarro inferiore 35 q.;In marcia / fermata / arresto;Conducente;M;Illeso;0;;Non accertato;Inesploso
6049834;9;13/07/2022 16:40:00;Strada Urbana;VIA NORCIA;in corrispondenza;;del civico n.;16;;Veicolo in marcia contro veicolo in sosta;Rettilineo;Una carreggiata a senso unico di marcia;Asciutto;Asfaltata;Verticale ed orizzontale;Sereno;Normale;Sufficiente;;0;0;0;3;12.5304;41.8768;-1;1;Autovettura privata;In marcia / fermata / arresto;Conducente;F;Illeso;0;;Non accertato;Inesploso
6049834;9;13/07/2022 16:40:00;Strada Urbana;VIA NORCIA;in corrispondenza;;del civico n.;16;;Veicolo in marcia contro veicolo in sosta;Rettilineo;Una carreggiata a senso unico di marcia;Asciutto;Asfaltata;Verticale ed orizzontale;Sereno;Normale;Sufficiente;;0;0;0;3;12.5304;41.8768;-1;2;Autovettura privata;Sosta;Passeggero;F;Illeso;0;;Non accertato;Inesploso