Protocollo;Gruppo;DataOraIncidente;Localizzazione1;STRADA1;Localizzazione2;STRADA2;Strada02;Chilometrica;DaSpecificare;NaturaIncidente;particolaritastrade;TipoStrada;FondoStradale;Pavimentazione;Segnaletica;CondizioneAtmosferica;Traffico;Visibilita;Illuminazione;NUM_FERITI;NUM_RISERVATA;NUM_MORTI;NUM_ILLESI;Longitude;Latitude;Confermato;Progressivo;TipoVeicolo;StatoVeicolo;TipoPersona;Sesso;Tipolesione;Deceduto;DecedutoDopo;CinturaCascoUtilizzato;Airbag;
6050142;17;13/07/2022 17:15:00;Strada Urbana;VIA ANDREA DORIA;in prossimit�;;del civico n.;79;;Tamponamento Multiplo;Rettilineo;Una carreggiata a doppio senso;Asciutto;Asfaltata;Verticale ed orizzontale;Sereno;Normale;Buona;;0;0;0;3;12.4499;41.909;-1;1;Autovettura privata;In marcia / fermata / arresto;Conducente;M;Illeso;0;;;
6050142;17;13/07/2022 17:15:00;Strada Urbana;VIA ANDREA DORIA;in prossimit�;;del civico n.;79;;Tamponamento Multiplo;Rettilineo;Una carreggiata a doppio senso;Asciutto;Asfaltata;Verticale ed orizzontale;Sereno;Normale;Buona;;0;0;0;3;12.4499;41.909;-1;2;Autovettura privata;In marcia / fermata / arresto;Conducente;M;Illeso;0;;;
6050142;17;13/07/2022 17:15:00;Strada Urbana;VIA ANDREA DORIA;in prossimit�;;del civico n.;79;;Tamponamento Multiplo;Rettilineo;Una carreggiata a doppio senso;Asciutto;Asfaltata;Verticale ed orizzontale;Sereno;Normale;Buona;;0;0;0;3;12.4499;41.909;-1;3;Autovettura privata;In marcia / fermata / arresto;Conducente;M;Illeso;0;;;
6050163;12;13/07/2022 15:50:00;Strada Urbana;LARGO MUSTAFA KEMAL ATATURK;all'intersezione con;VIALE DEI PRIMATI SPORTIVI;VIALE DEI PRIMATI SPORTIVI;;;Scontro laterale fra veicoli in marcia;Incrocio;Due carreggiate;Asciutto;Asfaltata;Verticale ed orizzontale;Sereno;Normale;Buona;;0;0;0;2;12.4602;41.8291;-1;1;Autovettura privata;In marcia / fermata / arresto;Conducente;M;Illeso;0;;Non accertato;Inesploso
6050163;12;13/07/2022 15:50:00;Strada Urbana;LARGO MUSTAFA KEMAL ATATURK;all'intersezione con;VIALE DEI PRIMATI SPORTIVI;VIALE DEI PRIMATI SPORTIVI;;;Scontro laterale fra veicoli in marcia;Incrocio;Due carreggiate;Asciutto;Asfaltata;Verticale ed orizzontale;Sereno;Normale;Buona;;0;0;0;2;12.4602;41.8291;-1;2;Autovettura privata;In marcia / fermata / arresto;Conducente;F;Illeso;0;;Non accertato;Inesploso
6050193;17;13/07/2022 19:00:00;Strada Urbana;VIA ANGELO EMO;da specificare;;;;FRONTE CIVICO 9;Veicolo in marcia contro veicolo in sosta;Rettilineo;Due carreggiate;Asciutto;Asfaltata;Verticale ed orizzontale;Sereno;Normale;Buona;;0;0;0;1;12.4462;41.9044;-1;1;Autovettura privata;In marcia / fermata / arresto;Conducente;M;Illeso;0;;;
6050193;17;13/07/2022 19:00:00;Strada Urbana;VIA ANGELO EMO;da specificare;;;;FRONTE CIVICO 9;Veicolo in marcia contro veicolo in sosta;Rettilineo;Due carreggiate;Asciutto;Asfaltata;Verticale ed orizzontale;Sereno;Normale;Buona;;0;0;0;1;12.4462;41.9044;-1;2;Autovettura privata;Sosta;;;;;;;
6050203;3;12/07/2022 18:55:00;Strada Urbana;VIALE DELL'UNIVERSITA';all'intersezione semaforizzata con;VIALE DEL POLICLINICO;VIALE DEL POLICLINICO;;;Investimento di pedone;Intersezione semaforizzata;Due carreggiate;Asciutto;Asfaltata;Verticale ed orizzontale;Sereno;Normale;Buona;;1;0;0;1;12.5118;41.9043;0;;;;Pedone;F;Ricoverato;0;NON DECEDUTO;;
6050203;3;12/07/2022 18:55:00;Strada Urbana;VIALE DELL'UNIVERSITA';all'intersezione semaforizzata con;VIALE DEL POLICLINICO;VIALE DEL POLICLINICO;;;Investimento di pedone;Intersezione semaforizzata;Due carreggiate;Asciutto;Asfaltata;Verticale ed orizzontale;Sereno;Normale;Buona;;1;0;0;1;12.5118;41.9043;0;1;Autovettura privata;In marcia / fermata / arresto;Conducente;M;Illeso;0;;;
6050205;17;13/07/2022 22:38:00;Strada Urbana;VIA DURAZZO;in prossimit�;;del civico n.;18;;Veicolo in marcia contro veicolo in sosta;Rettilineo;Una carreggiata a senso unico di marcia;Asciutto;Asfaltata;Verticale ed orizzontale;Sereno;Scarso;Buona;;0;0;0;1;12.4571;41.9217;-1;1;Motociclo con passeggero;Sosta;;;;;;;
6050205;17;13/07/2022 22:38:00;Strada Urbana;VIA DURAZZO;in prossimit�;;del civico n.;18;;Veicolo in marcia contro veicolo in sosta;Rettilineo;Una carreggiata a senso unico di marcia;Asciutto;Asfaltata;Verticale ed orizzontale;Sereno;Scarso;Buona;;0;0;0;1;12.4571;41.9217;-1;2;Autovettura privata;In marcia / fermata / arresto;Conducente;M;Illeso;0;;;
6050213;1;14/07/2022 08:30:00;Strada Urbana;VIA DEL TEATRO DI MARCELLO;da specificare;;;;alt. capolinea;Veicolo in marcia contro ostacolo accidentale;Rettilineo;Una carreggiata a senso unico di marcia;Viscido da liquidi oleosi;In cubetti di porfido;Verticale ed orizzontale;Sereno;Normale;Buona;;1;0;0;0;12.4811;41.893;-1;1;Motociclo a solo;In marcia / fermata / arresto;Conducente;M;Rimandato;0;NON DECEDUTO;;
6050277;16;13/07/2022 15:45:00;;VIA DI BRAVETTA;in corrispondenza;;del civico n.;115;;Scontro laterale fra veicoli in marcia;;;;;;;;;;0;0;0;2;12.4237;41.8849;0;1;Monopattino elettrico;In marcia / fermata / arresto;Conducente;M;Illeso;0;;;
6050277;16;13/07/2022 15:45:00;;VIA DI BRAVETTA;in corrispondenza;;del civico n.;115;;Scontro laterale fra veicoli in marcia;;;;;;;;;;0;0;0;2;12.4237;41.8849;0;2;Autocarro inferiore 35 q.;In marcia / fermata / arresto;Conducente;M;Illeso;0;;;
6050355;16;13/07/2022 16:50:00;Strada Urbana;VIA FILIPPO GRISPIGNI;da specificare;;;;fronte palo Acea n. 3;Scontro frontale/laterale SX fra veicoli in marcia;Curva senza visuale libera;Una carreggiata a doppio senso;Asciutto;Asfaltata;Verticale ed orizzontale;Sereno;Normale;Insufficiente;;1;0;0;0;12.3825;41.8794;-1;1;Motociclo a solo;In marcia / fermata / arresto;Conducente;M;Rifiuta cure immediate;0;NON DECEDUTO;Non accertato;
6050355;16;13/07/2022 16:50:00;Strada Urbana;VIA FILIPPO GRISPIGNI;da specificare;;;;fronte palo Acea n. 3;Scontro frontale/laterale SX fra veicoli in marcia;Curva senza visuale libera;Una carreggiata a doppio senso;Asciutto;Asfaltata;Verticale ed orizzontale;Sereno;Normale;Insufficiente;;1;0;0;0;12.3825;41.8794;-1;2;Autovettura privata;Allontanatosi;;;;;;;
6050382;16;14/07/2022 00:05:00;Strada Urbana;VIA DI S. PANCRAZIO;all'intersezione con;VIA GIACINTO CARINI;VIA GIACINTO CARINI;;;Scontro laterale fra veicoli in marcia;Incrocio;Una carreggiata a senso unico di marcia;Asciutto;Asfaltata;Verticale ed orizzontale;Sereno;Scarso;Buona;;0;0;0;3;12.4583;41.8869;-1;1;Autovettura privata;In marcia / fermata / arresto;Conducente;F;Illeso;0;;Non accertato;Inesploso
6050382;16;14/07/2022 00:05:00;Strada Urbana;VIA DI S. PANCRAZIO;all'intersezione con;VIA GIACINTO CARINI;VIA GIACINTO CARINI;;;Scontro laterale fra veicoli in marcia;Incrocio;Una carreggiata a senso unico di marcia;Asciutto;Asfaltata;Verticale ed orizzontale;Sereno;Scarso;Buona;;0;0;0;3;12.4583;41.8869;-1;1;Autovettura privata;In marcia / fermata / arresto;Passeggero;F;Illeso;0;;Non accertato;Inesploso
6050382;16;14/07/2022 00:05:00;Strada Urbana;VIA DI S. PANCRAZIO;all'intersezione con;VIA GIACINTO CARINI;VIA GIACINTO CARINI;;;Scontro laterale fra veicoli in marcia;Incrocio;Una carreggiata a senso unico di marcia;Asciutto;Asfaltata;Verticale ed orizzontale;Sereno;Scarso;Buona;;0;0;0;3;12.4583;41.8869;-1;2;Motociclo a solo;In marcia / fermata / arresto;Conducente;M;Illeso;0;;Non accertato;
6050418;3;12/07/2022 11:40:00;Strada Urbana;VIA DI VILLA RICOTTI;all'intersezione con;VIALE DI VILLA MASSIMO;VIALE DI VILLA MASSIMO;;;Scontro frontale/laterale DX fra veicoli in marcia;Intersezione stradale segnalata;Due carreggiate;Asciutto;Asfaltata;Verticale ed orizzontale;Sereno;Normale;Buona;;0;0;0;3;12.5181;41.9155;-1;1;Autovettura privata;In marcia / fermata / arresto;Conducente;F;Illeso;0;;;
6050418;3;12/07/2022 11:40:00;Strada Urbana;VIA DI VILLA RICOTTI;all'intersezione con;VIALE DI VILLA MASSIMO;VIALE DI VILLA MASSIMO;;;Scontro frontale/laterale DX fra veicoli in marcia;Intersezione stradale segnalata;Due carreggiate;Asciutto;Asfaltata;Verticale ed orizzontale;Sereno;Normale;Buona;;0;0;0;3;12.5181;41.9155;-1;1;Autovettura privata;In marcia / fermata / arresto;Passeggero;M;Illeso;0;;;
6050418;3;12/07/2022 11:40:00;Strada Urbana;VIA DI VILLA RICOTTI;all'intersezione con;VIALE DI VILLA MASSIMO;VIALE DI VILLA MASSIMO;;;Scontro frontale/laterale DX fra veicoli in marcia;Intersezione stradale segnalata;Due carreggiate;Asciutto;Asfaltata;Verticale ed orizzontale;Sereno;Normale;Buona;;0;0;0;3;12.5181;41.9155;-1;2;Autovettura privata;In marcia / fermata / arresto;Conducente;M;Illeso;0;;;
6050536;10;14/07/2022 13:00:00;Strada Urbana;VIA ENRICO FERRI;in corrispondenza;;del civico n.;8;;Veicolo in marcia contro ostacolo fisso;Rettilineo;Una carreggiata a senso unico di marcia;Asciutto;Asfaltata;Verticale ed orizzontale;Sereno;Scarso;Buona;;1;0;0;0;12.5979;41.8509;-1;1;Autovettura privata;In marcia / fermata / arresto;Conducente;F;Rimandato;0;NON DECEDUTO;;
6050595;15;14/07/2022 08:40:00;Strada Urbana;VIA DELLA PISANA;all'intersezione con;VIA DELLA TENUTA LA PISANA;VIA DELLA TENUTA LA PISANA;;;Tamponamento Multiplo;Incrocio;Una carreggiata a doppio senso;Asciutto;Asfaltata;Assente;Sereno;Normale;Buona;;0;0;0;5;12.389;41.8577;-1;1;Autovettura privata;In marcia / fermata / arresto;Conducente;F;Illeso;0;;;
6050595;15;14/07/2022 08:40:00;Strada Urbana;VIA DELLA PISANA;all'intersezione con;VIA DELLA TENUTA LA PISANA;VIA DELLA TENUTA LA PISANA;;;Tamponamento Multiplo;Incrocio;Una carreggiata a doppio senso;Asciutto;Asfaltata;Assente;Sereno;Normale;Buona;;0;0;0;5;12.389;41.8577;-1;2;Autovettura privata;In marcia / fermata / arresto;Conducente;F;Illeso;0;;;
6050595;15;14/07/2022 08:40:00;Strada Urbana;VIA DELLA PISANA;all'intersezione con;VIA DELLA TENUTA LA PISANA;VIA DELLA TENUTA LA PISANA;;;Tamponamento Multiplo;Incrocio;Una carreggiata a doppio senso;Asciutto;Asfaltata;Assente;Sereno;Normale;Buona;;0;0;0;5;12.389;41.8577;-1;2;Autovettura privata;In marcia / fermata / arresto;Passeggero;M;Illeso;0;;Utilizzato;
6050595;15;14/07/2022 08:40:00;Strada Urbana;VIA DELLA PISANA;all'intersezione con;VIA DELLA TENUTA LA PISANA;VIA DELLA TENUTA LA PISANA;;;Tamponamento Multiplo;Incrocio;Una carreggiata a doppio senso;Asciutto;Asfaltata;Assente;Sereno;Normale;Buona;;0;0;0;5;12.389;41.8577;-1;3;Macchina operatrice;In marcia / fermata / arresto;Conducente;M;Illeso;0;;;
6050595;15;14/07/2022 08:40:00;Strada Urbana;VIA DELLA PISANA;all'intersezione con;VIA DELLA TENUTA LA PISANA;VIA DELLA TENUTA LA PISANA;;;Tamponamento Multiplo;Incrocio;Una carreggiata a doppio senso;Asciutto;Asfaltata;Assente;Sereno;Normale;Buona;;0;0;0;5;12.389;41.8577;-1;4;Autovettura privata;In marcia / fermata / arresto;Conducente;M;Illeso;0;;;
6050662;1;14/07/2022 13:45:00;;VIA MARIA ADELAIDE;all'intersezione con;VIA MARIA CRISTINA;VIA MARIA CRISTINA;;;Infortunio per sola frenata improvvisa;;;;;;;;;;1;0;0;0;;;0;1;Motociclo a solo;In marcia / fermata / arresto;Conducente;M;Rifiuta cure immediate;0;NON DECEDUTO;;
6050662;1;14/07/2022 13:45:00;;VIA MARIA ADELAIDE;all'intersezione con;VIA MARIA CRISTINA;VIA MARIA CRISTINA;;;Infortunio per sola frenata improvvisa;;;;;;;;;;1;0;0;0;;;0;2;Autovettura privata;Allontanatosi;;;;;;;
6050848;18;14/07/2022 16:15:00;Strada Urbana;VIA PIO IX;all'intersezione con;VIA SILVESTRO II;VIA SILVESTRO II;;;Scontro frontale/laterale DX fra veicoli in marcia;Intersezione stradale segnalata;Una carreggiata a senso unico di marcia;Asciutto;Asfaltata;Verticale ed orizzontale;Sereno;Normale;Buona;;0;0;0;4;12.4234;41.9057;-1;1;Autovettura privata;In marcia / fermata / arresto;Conducente;M;Illeso;0;;Non accertato;Inesploso
6050848;18;14/07/2022 16:15:00;Strada Urbana;VIA PIO IX;all'intersezione con;VIA SILVESTRO II;VIA SILVESTRO II;;;Scontro frontale/laterale DX fra veicoli in marcia;Intersezione stradale segnalata;Una carreggiata a senso unico di marcia;Asciutto;Asfaltata;Verticale ed orizzontale;Sereno;Normale;Buona;;0;0;0;4;12.4234;41.9057;-1;1;Autovettura privata;In marcia / fermata / arresto;Passeggero;M;Illeso;0;;Non accertato;Inesploso
6050848;18;14/07/2022 16:15:00;Strada Urbana;VIA PIO IX;all'intersezione con;VIA SILVESTRO II;VIA SILVESTRO II;;;Scontro frontale/laterale DX fra veicoli in marcia;Intersezione stradale segnalata;Una carreggiata a senso unico di marcia;Asciutto;Asfaltata;Verticale ed orizzontale;Sereno;Normale;Buona;;0;0;0;4;12.4234;41.9057;-1;1;Autovettura privata;In marcia / fermata / arresto;Passeggero;M;Illeso;0;;Non accertato;Inesploso
6050848;18;14/07/2022 16:15:00;Strada Urbana;VIA PIO IX;all'intersezione con;VIA SILVESTRO II;VIA SILVESTRO II;;;Scontro frontale/laterale DX fra veicoli in marcia;Intersezione stradale segnalata;Una carreggiata a senso unico di marcia;Asciutto;Asfaltata;Verticale ed orizzontale;Sereno;Normale;Buona;;0;0;0;4;12.4234;41.9057;-1;2;Autovettura privata;In marcia / fermata / arresto;Conducente;M;Illeso;0;;Non accertato;Inesploso
6050942;12;14/07/2022 14:45:00;Provinciale;VIA PONTINA;in corrispondenza;;della chilometrica;25.7;;Fuoriuscita dalla sede stradale;Curva a visuale libera;Due carreggiate;Asciutto;Asfaltata;Verticale ed orizzontale;Sereno;Normale;Buona;;0;0;0;2;12.4522;41.7938;-1;1;Autocarro inferiore 35 q.;In marcia / fermata / arresto;Conducente;M;Illeso;0;;;
6050942;12;14/07/2022 14:45:00;Provinciale;VIA PONTINA;in corrispondenza;;della chilometrica;25.7;;Fuoriuscita dalla sede stradale;Curva a visuale libera;Due carreggiate;Asciutto;Asfaltata;Verticale ed orizzontale;Sereno;Normale;Buona;;0;0;0;2;12.4522;41.7938;-1;1;Autocarro inferiore 35 q.;In marcia / fermata / arresto;Passeggero;M;Illeso;0;;;
6051112;5;14/07/2022 13:45:00;Strada Urbana;VIA DELLE CAVE DI PIETRALATA;in corrispondenza;;del civico n.;74;;Scontro frontale fra veicoli in marcia;Rettilineo;Una carreggiata a senso unico di marcia;Asciutto;Asfaltata;Verticale ed orizzontale;Sereno;Scarso;Buona;;1;0;0;1;12.5386;41.9105;-1;1;Autovettura privata;In marcia / fermata / arresto;Conducente;F;Illeso;0;;Non accertato;Inesploso
6051112;5;14/07/2022 13:45:00;Strada Urbana;VIA DELLE CAVE DI PIETRALATA;in corrispondenza;;del civico n.;74;;Scontro frontale fra veicoli in marcia;Rettilineo;Una carreggiata a senso unico di marcia;Asciutto;Asfaltata;Verticale ed orizzontale;Sereno;Scarso;Buona;;1;0;0;1;12.5386;41.9105;-1;2;Autovettura privata;In marcia / fermata / arresto;Conducente;F;Rimandato;0;NON DECEDUTO;Non accertato;Inesploso
6051136;5;14/07/2022 17:55:00;Strada Urbana;VIA DEGLI ALBERINI;in prossimit�;;del civico n.;11;;Scontro laterale fra veicoli in marcia;Curva senza visuale libera;Una carreggiata a senso unico di marcia;Asciutto;Asfaltata;Orizzontale;Sereno;Normale;Buona;;1;0;0;1;12.5645;41.9174;-1;1;Velocipede;In marcia / fermata / arresto;Conducente;M;Rimandato;0;NON DECEDUTO;Esente;
6051136;5;14/07/2022 17:55:00;Strada Urbana;VIA DEGLI ALBERINI;in prossimit�;;del civico n.;11;;Scontro laterale fra veicoli in marcia;Curva senza visuale libera;Una carreggiata a senso unico di marcia;Asciutto;Asfaltata;Orizzontale;Sereno;Normale;Buona;;1;0;0;1;12.5645;41.9174;-1;2;Autovettura privata;In marcia / fermata / arresto;Conducente;M;Illeso;0;;Non accertato;Inesploso
6051142;5;14/07/2022 19:15:00;Strada Urbana;VIALE SACCO E VANZETTI;in prossimit�;;del civico n.;201;;Veicolo in marcia contro veicolo arresto;Rettilineo;Due carreggiate;Asciutto;Asfaltata;Orizzontale;Sereno;Normale;Buona;;0;0;0;2;12.571;41.9104;-1;1;Autovettura privata;In marcia / fermata / arresto;Conducente;M;Illeso;0;;Non accertato;Inesploso
6051142;5;14/07/2022 19:15:00;Strada Urbana;VIALE SACCO E VANZETTI;in prossimit�;;del civico n.;201;;Veicolo in marcia contro veicolo arresto;Rettilineo;Due carreggiate;Asciutto;Asfaltata;Orizzontale;Sereno;Normale;Buona;;0;0;0;2;12.571;41.9104;-1;2;Autovettura privata;In marcia / fermata / arresto;Conducente;M;Illeso;0;;Non accertato;Inesploso
6051150;11;14/07/2022 15:10:00;Strada Urbana;VIA OSTIENSE;all'intersezione semaforizzata con;VIA DEL PORTO FLUVIALE;VIA DEL PORTO FLUVIALE;;;Scontro frontale/laterale SX fra veicoli in marcia;Intersezione semaforizzata;Pi� di due carreggiate;Asciutto;Asfaltata;Verticale ed orizzontale;Sereno;Normale;Buona;;0;0;0;3;12.4799;41.8724;-1;1;Autovettura privata;In marcia / fermata / arresto;Conducente;F;Illeso;0;;;
6051150;11;14/07/2022 15:10:00;Strada Urbana;VIA OSTIENSE;all'intersezione semaforizzata con;VIA DEL PORTO FLUVIALE;VIA DEL PORTO FLUVIALE;;;Scontro frontale/laterale SX fra veicoli in marcia;Intersezione semaforizzata;Pi� di due carreggiate;Asciutto;Asfaltata;Verticale ed orizzontale;Sereno;Normale;Buona;;0;0;0;3;12.4799;41.8724;-1;1;Autovettura privata;In marcia / fermata / arresto;Passeggero;M;Illeso;0;;;
6051150;11;14/07/2022 15:10:00;Strada Urbana;VIA OSTIENSE;all'intersezione semaforizzata con;VIA DEL PORTO FLUVIALE;VIA DEL PORTO FLUVIALE;;;Scontro frontale/laterale SX fra veicoli in marcia;Intersezione semaforizzata;Pi� di due carreggiate;Asciutto;Asfaltata;Verticale ed orizzontale;Sereno;Normale;Buona;;0;0;0;3;12.4799;41.8724;-1;2;Monopattino elettrico;In marcia / fermata / arresto;Conducente;M;Illeso;0;;;
6051159;15;14/07/2022 17:30:00;Strada Urbana;PONTE DELL'INDUSTRIA;all'intersezione con;LUNGOTEVERE VITTORIO GASSMAN;LUNGOTEVERE VITTORIO GASSMAN;;;Tamponamento;Incrocio;Una carreggiata a doppio senso;Asciutto;Asfaltata;Verticale ed orizzontale;Sereno;Normale;Buona;;0;0;0;2;12.4714;41.8718;-1;1;Motociclo a solo;In marcia / fermata / arresto;Conducente;M;Illeso;0;;;
6051159;15;14/07/2022 17:30:00;Strada Urbana;PONTE DELL'INDUSTRIA;all'intersezione con;LUNGOTEVERE VITTORIO GASSMAN;LUNGOTEVERE VITTORIO GASSMAN;;;Tamponamento;Incrocio;Una carreggiata a doppio senso;Asciutto;Asfaltata;Verticale ed orizzontale;Sereno;Normale;Buona;;0;0;0;2;12.4714;41.8718;-1;2;Autovettura privata;In marcia / fermata / arresto;Conducente;M;Illeso;0;;;
6051161;9;15/07/2022 00:15:00;Strada Urbana;VIA ASSISI;in prossimit�;;del civico n.;76;;Veicolo in marcia contro veicoli in sosta;Rettilineo;Una carreggiata a senso unico di marcia;Asciutto;Asfaltata;Verticale ed orizzontale;Sereno;Normale;Sufficiente;;0;0;0;3;12.5265;41.8799;-1;1;Autovettura privata;In marcia / fermata / arresto;Conducente;M;Illeso;0;;Non accertato;Inesploso
6051161;9;15/07/2022 00:15:00;Strada Urbana;VIA ASSISI;in prossimit�;;del civico n.;76;;Veicolo in marcia contro veicoli in sosta;Rettilineo;Una carreggiata a senso unico di marcia;Asciutto;Asfaltata;Verticale ed orizzontale;Sereno;Normale;Sufficiente;;0;0;0;3;12.5265;41.8799;-1;1;Autovettura privata;In marcia / fermata / arresto;Passeggero;M;Illeso;0;;Non accertato;Inesploso
6051161;9;15/07/2022 00:15:00;Strada Urbana;VIA ASSISI;in prossimit�;;del civico n.;76;;Veicolo in marcia contro veicoli in sosta;Rettilineo;Una carreggiata a senso unico di marcia;Asciutto;Asfaltata;Verticale ed orizzontale;Sereno;Normale;Sufficiente;;0;0;0;3;12.5265;41.8799;-1;2;Autovettura privata;Sosta;Passeggero;F;Illeso;0;;Non accertato;Inesploso
6051162;9;14/07/2022 19:30:00;Strada Urbana;PIAZZA ZAMA;da specificare;;;;prox via Siria;Scontro frontale/laterale SX fra veicoli in marcia;Rotatoria;Una carreggiata a senso unico di marcia;Asciutto;Asfaltata;Verticale ed orizzontale;Sereno;Intenso;Buona;;0;0;0;6;12.5103;41.8759;-1;1;Autovettura privata;In marcia / fermata / arresto;Conducente;M;Illeso;0;;Non accertato;Inesploso
6051162;9;14/07/2022 19:30:00;Strada Urbana;PIAZZA ZAMA;da specificare;;;;prox via Siria;Scontro frontale/laterale SX fra veicoli in marcia;Rotatoria;Una carreggiata a senso unico di marcia;Asciutto;Asfaltata;Verticale ed orizzontale;Sereno;Intenso;Buona;;0;0;0;6;12.5103;41.8759;-1;1;Autovettura privata;In marcia / fermata / arresto;Passeggero;M;Illeso;0;;Non accertato;Inesploso
6051162;9;14/07/2022 19:30:00;Strada Urbana;PIAZZA ZAMA;da specificare;;;;prox via Siria;Scontro frontale/laterale SX fra veicoli in marcia;Rotatoria;Una carreggiata a senso unico di marcia;Asciutto;Asfaltata;Verticale ed orizzontale;Sereno;Intenso;Buona;;0;0;0;6;12.5103;41.8759;-1;1;Autovettura privata;In marcia / fermata / arresto;Passeggero;F;Illeso;0;;Non accertato;Inesploso
6051162;9;14/07/2022 19:30:00;Strada Urbana;PIAZZA ZAMA;da specificare;;;;prox via Siria;Scontro frontale/laterale SX fra veicoli in marcia;Rotatoria;Una carreggiata a senso unico di marcia;Asciutto;Asfaltata;Verticale ed orizzontale;Sereno;Intenso;Buona;;0;0;0;6;12.5103;41.8759;-1;1;Autovettura privata;In marcia / fermata / arresto;Passeggero;F;Illeso;0;;Non accertato;Inesploso
6051162;9;14/07/2022 19:30:00;Strada Urbana;PIAZZA ZAMA;da specificare;;;;prox via Siria;Scontro frontale/laterale SX fra veicoli in marcia;Rotatoria;Una carreggiata a senso unico di marcia;Asciutto;Asfaltata;Verticale ed orizzontale;Sereno;Intenso;Buona;;0;0;0;6;12.5103;41.8759;-1;2;Autovettura privata;In marcia / fermata / arresto;Conducente;M;Illeso;0;;Non accertato;Inesploso
6051162;9;14/07/2022 19:30:00;Strada Urbana;PIAZZA ZAMA;da specificare;;;;prox via Siria;Scontro frontale/laterale SX fra veicoli in marcia;Rotatoria;Una carreggiata a senso unico di marcia;Asciutto;Asfaltata;Verticale ed orizzontale;Sereno;Intenso;Buona;;0;0;0;6;12.5103;41.8759;-1;2;Autovettura privata;In marcia / fermata / arresto;Passeggero;M;Illeso;0;;Non accertato;Inesploso
6051169;15;14/07/2022 14:45:00;Strada Urbana;VIALE ISACCO NEWTON;in prossimit�;;del palo luce n.;10;;Veicolo in marcia contro animale;Rettilineo;Due carreggiate;Asciutto;Asfaltata;Orizzontale;Sereno;Normale;Buona;;0;0;0;1;12.4427;41.8481;-1;1;Autovettura privata;In marcia / fermata / arresto;Conducente;F;Illeso;0;;Non accertato;Inesploso
6051175;12;14/07/2022 19:00:00;Strada Urbana;VIA TOMMASO ARCIDIACONO;all'intersezione con;VIA GIOVANNI SQUARCINA;VIA GIOVANNI SQUARCINA;;;Scontro frontale/laterale DX fra veicoli in marcia;Incrocio;Una carreggiata a doppio senso;Asciutto;Asfaltata;Verticale ed orizzontale;Sereno;Scarso;Buona;;0;0;0;3;12.5088;41.8229;-1;1;Autovettura privata;In marcia / fermata / arresto;Conducente;F;Illeso;0;;;
6051175;12;14/07/2022 19:00:00;Strada Urbana;VIA TOMMASO ARCIDIACONO;all'intersezione con;VIA GIOVANNI SQUARCINA;VIA GIOVANNI SQUARCINA;;;Scontro frontale/laterale DX fra veicoli in marcia;Incrocio;Una carreggiata a doppio senso;Asciutto;Asfaltata;Verticale ed orizzontale;Sereno;Scarso;Buona;;0;0;0;3;12.5088;41.8229;-1;1;Autovettura privata;In marcia / fermata / arresto;Passeggero;F;Illeso;0;;;
6051175;12;14/07/2022 19:00:00;Strada Urbana;VIA TOMMASO ARCIDIACONO;all'intersezione con;VIA GIOVANNI SQUARCINA;VIA GIOVANNI SQUARCINA;;;Scontro frontale/laterale DX fra veicoli in marcia;Incrocio;Una carreggiata a doppio senso;Asciutto;Asfaltata;Verticale ed orizzontale;Sereno;Scarso;Buona;;0;0;0;3;12.5088;41.8229;-1;2;Autovettura privata;In marcia / fermata / arresto;Conducente;M;Illeso;0;;Non accertato;Inesploso
6051180;11;14/07/2022 10:15:00;Strada Urbana;VIALE GUGLIELMO MARCONI;in corrispondenza;;del civico n.;901;;Infortunio per sola frenata improvvisa;Rettilineo;Due carreggiate;Asciutto;Asfaltata;Verticale ed orizzontale;Sereno;Normale;Buona;;1;0;0;1;12.4757;41.8474;-1;1;Motociclo a solo;In marcia / fermata / arresto;Conducente;M;Rimandato;0;NON DECEDUTO;Non accertato;
6051180;11;14/07/2022 10:15:00;Strada Urbana;VIALE GUGLIELMO MARCONI;in corrispondenza;;del civico n.;901;;Infortunio per sola frenata improvvisa;Rettilineo;Due carreggiate;Asciutto;Asfaltata;Verticale ed orizzontale;Sereno;Normale;Buona;;1;0;0;1;12.4757;41.8474;-1;2;Autovettura privata;In marcia / fermata / arresto;Conducente;M;Illeso;0;;Non accertato;
6051199;10;14/07/2022 14:30:00;Strada Urbana;VIA TUSCOLANA;da specificare;;;;DIREZIONE GRA 150MT PRIMA DI VIA DEI LEVII;Tamponamento Multiplo;Rettilineo;Due carreggiate;Asciutto;Asfaltata;Verticale ed orizzontale;Sereno;Normale;Buona;;1;0;0;2;12.5464;41.8642;-1;1;Autovettura privata;In marcia / fermata / arresto;Conducente;M;Illeso;0;;Non accertato;Inesploso
6051199;10;14/07/2022 14:30:00;Strada Urbana;VIA TUSCOLANA;da specificare;;;;DIREZIONE GRA 150MT PRIMA DI VIA DEI LEVII;Tamponamento Multiplo;Rettilineo;Due carreggiate;Asciutto;Asfaltata;Verticale ed orizzontale;Sereno;Normale;Buona;;1;0;0;2;12.5464;41.8642;-1;2;Autovettura privata;In marcia / fermata / arresto;Conducente;M;Rimandato;0;NON DECEDUTO;Non accertato;Inesploso