Protocollo;Gruppo;DataOraIncidente;Localizzazione1;STRADA1;Localizzazione2;STRADA2;Strada02;Chilometrica;DaSpecificare;NaturaIncidente;particolaritastrade;TipoStrada;FondoStradale;Pavimentazione;Segnaletica;CondizioneAtmosferica;Traffico;Visibilita;Illuminazione;NUM_FERITI;NUM_RISERVATA;NUM_MORTI;NUM_ILLESI;Longitude;Latitude;Confermato;Progressivo;TipoVeicolo;StatoVeicolo;TipoPersona;Sesso;Tipolesione;Deceduto;DecedutoDopo;CinturaCascoUtilizzato;Airbag;
6051199;10;14/07/2022 14:30:00;Strada Urbana;VIA TUSCOLANA;da specificare;;;;DIREZIONE GRA 150MT PRIMA DI VIA DEI LEVII;Tamponamento Multiplo;Rettilineo;Due carreggiate;Asciutto;Asfaltata;Verticale ed orizzontale;Sereno;Normale;Buona;;1;0;0;2;12.5464;41.8642;-1;3;Autovettura privata;In marcia / fermata / arresto;Conducente;M;Illeso;0;;Non accertato;Inesploso
6051208;12;14/07/2022 16:20:00;Strada Urbana;VIALE DELL'UMANESIMO;in prossimit�;;del civico n.;30;;Tamponamento;Rettilineo;Una carreggiata a doppio senso;Asciutto;Asfaltata;Verticale ed orizzontale;Sereno;Scarso;Buona;;1;0;0;1;12.4765;41.8214;-1;1;Autovettura privata;In marcia / fermata / arresto;Conducente;M;Rimandato;0;NON DECEDUTO;Non accertato;Inesploso
6051208;12;14/07/2022 16:20:00;Strada Urbana;VIALE DELL'UMANESIMO;in prossimit�;;del civico n.;30;;Tamponamento;Rettilineo;Una carreggiata a doppio senso;Asciutto;Asfaltata;Verticale ed orizzontale;Sereno;Scarso;Buona;;1;0;0;1;12.4765;41.8214;-1;2;Autovettura privata;In marcia / fermata / arresto;Conducente;M;Illeso;0;;Non accertato;Esploso
6051209;20;14/07/2022 17:30:00;Regionale entro l'abitato;VIA FLAMINIA;da specificare;;;;direz. GRA altezza SAXA RUBRA;Infortunio per caduta del veicolo;Rettilineo;Due carreggiate;Asciutto;Asfaltata;Verticale ed orizzontale;Sereno;Intenso;Buona;;1;0;0;0;12.4938;41.9741;-1;1;Motociclo a solo;Allontanatosi;Conducente;M;Rimandato;0;NON DECEDUTO;Non accertato;
6051212;8;14/07/2022 00:05:00;Strada Urbana;VIALE DELLA SORBONA;all'intersezione con;VIA DI TOR VERGATA;VIA DI TOR VERGATA;;;Scontro frontale fra veicoli in marcia;Rotatoria;Una carreggiata a senso unico di marcia;Asciutto;Asfaltata;Orizzontale;Sereno;Normale;Buona;;1;0;0;1;12.612;41.8546;-1;1;Autovettura privata;In marcia / fermata / arresto;Conducente;M;Illeso;0;;Non accertato;Inesploso
6051212;8;14/07/2022 00:05:00;Strada Urbana;VIALE DELLA SORBONA;all'intersezione con;VIA DI TOR VERGATA;VIA DI TOR VERGATA;;;Scontro frontale fra veicoli in marcia;Rotatoria;Una carreggiata a senso unico di marcia;Asciutto;Asfaltata;Orizzontale;Sereno;Normale;Buona;;1;0;0;1;12.612;41.8546;-1;2;Bicicletta elettrica;In marcia / fermata / arresto;Conducente;M;Ricoverato;0;NON DECEDUTO;Non accertato;Inesistente
6051214;8;14/07/2022 12:10:00;Statale entro l'abitato;VIA CASILINA;all'intersezione con;VIA DI ROCCA CENCIA;VIA DI ROCCA CENCIA;;;Scontro laterale fra veicoli in marcia;Intersezione stradale segnalata;Una carreggiata a doppio senso;Asciutto;Asfaltata;Assente;Sereno;Normale;Buona;;0;0;0;2;12.6884;41.8629;-1;1;Autoarticolato;In marcia / fermata / arresto;Conducente;M;Illeso;0;;;
6051214;8;14/07/2022 12:10:00;Statale entro l'abitato;VIA CASILINA;all'intersezione con;VIA DI ROCCA CENCIA;VIA DI ROCCA CENCIA;;;Scontro laterale fra veicoli in marcia;Intersezione stradale segnalata;Una carreggiata a doppio senso;Asciutto;Asfaltata;Assente;Sereno;Normale;Buona;;0;0;0;2;12.6884;41.8629;-1;2;Motociclo a solo;In marcia / fermata / arresto;Conducente;M;Illeso;0;;;
6051216;8;14/07/2022 15:20:00;Strada Urbana;VIA BORGHESIANA;all'intersezione con;VIA MAIDA;VIA MAIDA;;;Scontro laterale fra veicoli in marcia;Incrocio;Una carreggiata a doppio senso;Asciutto;Asfaltata;Verticale ed orizzontale;Sereno;Normale;Buona;;1;0;0;1;12.6724;41.8765;-1;1;Autovettura privata;In marcia / fermata / arresto;Conducente;M;Rifiuta cure immediate;0;NON DECEDUTO;;
6051216;8;14/07/2022 15:20:00;Strada Urbana;VIA BORGHESIANA;all'intersezione con;VIA MAIDA;VIA MAIDA;;;Scontro laterale fra veicoli in marcia;Incrocio;Una carreggiata a doppio senso;Asciutto;Asfaltata;Verticale ed orizzontale;Sereno;Normale;Buona;;1;0;0;1;12.6724;41.8765;-1;2;Motociclo a solo;In marcia / fermata / arresto;Conducente;M;Illeso;0;;;
6051218;10;14/07/2022 15:00:00;Statale;VIA TUSCOLANA;in corrispondenza;;del civico n.;1259;;Scontro laterale fra veicoli in marcia;Rettilineo;Pi� di due carreggiate;Asciutto;Asfaltata;Verticale ed orizzontale;Sereno;Normale;Buona;;1;0;0;0;12.5728;41.8503;-1;1;Autovettura privata;In marcia / fermata / arresto;Conducente;M;Rimandato;0;NON DECEDUTO;Non accertato;Inesploso
6051218;10;14/07/2022 15:00:00;Statale;VIA TUSCOLANA;in corrispondenza;;del civico n.;1259;;Scontro laterale fra veicoli in marcia;Rettilineo;Pi� di due carreggiate;Asciutto;Asfaltata;Verticale ed orizzontale;Sereno;Normale;Buona;;1;0;0;0;12.5728;41.8503;-1;2;Autovettura privata;In marcia / fermata / arresto;;;;;;;
6051219;8;14/07/2022 17:20:00;Strada Urbana;VIA ENDIMIONE;in prossimit�;;del civico n.;1;;Veicolo in marcia contro veicolo in sosta;Rettilineo;Una carreggiata a doppio senso;Asciutto;Asfaltata;Assente;Sereno;Scarso;Buona;;0;0;0;1;12.6194;41.874;-1;1;Autovettura privata;In marcia / fermata / arresto;Conducente;F;Illeso;0;;;
6051219;8;14/07/2022 17:20:00;Strada Urbana;VIA ENDIMIONE;in prossimit�;;del civico n.;1;;Veicolo in marcia contro veicolo in sosta;Rettilineo;Una carreggiata a doppio senso;Asciutto;Asfaltata;Assente;Sereno;Scarso;Buona;;0;0;0;1;12.6194;41.874;-1;2;Autovettura privata;Sosta;;;;;;;
6051221;8;14/07/2022 19:00:00;Strada Urbana;VIA DI TORRENOVA;in corrispondenza;;del civico n.;139;;Veicolo in marcia contro ostacolo fisso;Rettilineo;Una carreggiata a doppio senso;Asciutto;Asfaltata;Assente;Sereno;Normale;Buona;;0;0;0;1;12.6183;41.8726;-1;1;Autocarro inferiore 35 q.;In marcia / fermata / arresto;Conducente;M;Illeso;0;;;
6051234;20;14/07/2022 20:40:00;Regionale entro l'abitato;VIA CASSIA;in corrispondenza;;del civico n.;1541;;Scontro frontale/laterale SX fra veicoli in marcia;Rettilineo;Una carreggiata a doppio senso;Asciutto;Asfaltata;Verticale ed orizzontale;Sereno;Normale;Sufficiente;;1;0;0;2;12.388;41.9979;-1;1;Autovettura privata;In marcia / fermata / arresto;Conducente;M;Illeso;0;;;
6051234;20;14/07/2022 20:40:00;Regionale entro l'abitato;VIA CASSIA;in corrispondenza;;del civico n.;1541;;Scontro frontale/laterale SX fra veicoli in marcia;Rettilineo;Una carreggiata a doppio senso;Asciutto;Asfaltata;Verticale ed orizzontale;Sereno;Normale;Sufficiente;;1;0;0;2;12.388;41.9979;-1;2;Ciclomotore con passeggero;In marcia / fermata / arresto;Conducente;M;Rimandato;0;NON DECEDUTO;;
6051234;20;14/07/2022 20:40:00;Regionale entro l'abitato;VIA CASSIA;in corrispondenza;;del civico n.;1541;;Scontro frontale/laterale SX fra veicoli in marcia;Rettilineo;Una carreggiata a doppio senso;Asciutto;Asfaltata;Verticale ed orizzontale;Sereno;Normale;Sufficiente;;1;0;0;2;12.388;41.9979;-1;2;Ciclomotore con passeggero;In marcia / fermata / arresto;Passeggero;F;Illeso;0;;;
6051237;20;14/07/2022 13:00:00;Strada Urbana;VIA RICCARDO MORETTI;all'intersezione con;VIA GIULIO GALLI;VIA GIULIO GALLI;;;Scontro frontale/laterale DX fra veicoli in marcia;Incrocio;Una carreggiata a senso unico di marcia;Asciutto;Asfaltata;Verticale ed orizzontale;Sereno;Scarso;Buona;;0;0;0;3;12.3998;41.9922;-1;1;Autovettura privata;In marcia / fermata / arresto;Conducente;M;Illeso;0;;;
6051237;20;14/07/2022 13:00:00;Strada Urbana;VIA RICCARDO MORETTI;all'intersezione con;VIA GIULIO GALLI;VIA GIULIO GALLI;;;Scontro frontale/laterale DX fra veicoli in marcia;Incrocio;Una carreggiata a senso unico di marcia;Asciutto;Asfaltata;Verticale ed orizzontale;Sereno;Scarso;Buona;;0;0;0;3;12.3998;41.9922;-1;2;Autovettura privata;In marcia / fermata / arresto;Conducente;M;Illeso;0;;;
6051237;20;14/07/2022 13:00:00;Strada Urbana;VIA RICCARDO MORETTI;all'intersezione con;VIA GIULIO GALLI;VIA GIULIO GALLI;;;Scontro frontale/laterale DX fra veicoli in marcia;Incrocio;Una carreggiata a senso unico di marcia;Asciutto;Asfaltata;Verticale ed orizzontale;Sereno;Scarso;Buona;;0;0;0;3;12.3998;41.9922;-1;2;Autovettura privata;In marcia / fermata / arresto;Passeggero;M;Illeso;0;;;
6051238;20;14/07/2022 11:05:00;Regionale entro l'abitato;VIA FLAMINIA;in prossimit�;;del civico n.;852;;Tamponamento;Curva senza visuale libera;Due carreggiate;Asciutto;Asfaltata;Verticale ed orizzontale;Sereno;Normale;Buona;;0;0;0;2;12.4848;41.9535;-1;1;Autocarro inferiore 35 q.;In marcia / fermata / arresto;Conducente;M;Illeso;0;;;
6051238;20;14/07/2022 11:05:00;Regionale entro l'abitato;VIA FLAMINIA;in prossimit�;;del civico n.;852;;Tamponamento;Curva senza visuale libera;Due carreggiate;Asciutto;Asfaltata;Verticale ed orizzontale;Sereno;Normale;Buona;;0;0;0;2;12.4848;41.9535;-1;2;Autovettura privata;In marcia / fermata / arresto;Conducente;F;Illeso;0;;;
6051255;20;14/07/2022 05:20:00;Strada Urbana;VIA CASSIA;all'intersezione con;VIA DEL PODISMO;VIA DEL PODISMO;;;Scontro frontale/laterale DX fra veicoli in marcia;Intersezione semaforizzata;Una carreggiata a senso unico di marcia;Asciutto;Asfaltata;Verticale ed orizzontale;Sereno;Scarso;Buona;;0;0;0;2;12.4137;41.9828;-1;1;Autovettura privata;In marcia / fermata / arresto;Conducente;M;Illeso;0;;;
6051255;20;14/07/2022 05:20:00;Strada Urbana;VIA CASSIA;all'intersezione con;VIA DEL PODISMO;VIA DEL PODISMO;;;Scontro frontale/laterale DX fra veicoli in marcia;Intersezione semaforizzata;Una carreggiata a senso unico di marcia;Asciutto;Asfaltata;Verticale ed orizzontale;Sereno;Scarso;Buona;;0;0;0;2;12.4137;41.9828;-1;2;Autocarro inferiore 35 q.;In marcia / fermata / arresto;Conducente;F;Illeso;0;;;
6051293;10;14/07/2022 19:00:00;Strada Urbana;VIA DI CASAL MORENA;all'intersezione con;VIA CALLICRATE;VIA CALLICRATE;;;Scontro frontale/laterale SX fra veicoli in marcia;Incrocio;Una carreggiata a doppio senso;Asciutto;Asfaltata;Assente;Sereno;Normale;Buona;;0;0;0;1;12.6184;41.8186;-1;1;Autovettura privata;In marcia / fermata / arresto;Conducente;M;Illeso;0;;Non accertato;Inesploso
6051293;10;14/07/2022 19:00:00;Strada Urbana;VIA DI CASAL MORENA;all'intersezione con;VIA CALLICRATE;VIA CALLICRATE;;;Scontro frontale/laterale SX fra veicoli in marcia;Incrocio;Una carreggiata a doppio senso;Asciutto;Asfaltata;Assente;Sereno;Normale;Buona;;0;0;0;1;12.6184;41.8186;-1;2;Motociclo a solo;In marcia / fermata / arresto;;;;;;;
6051300;17;14/07/2022 08:00:00;Strada Urbana;PIAZZA DEL RISORGIMENTO;da specificare;;;;FRONTE CIVICO 47;Investimento di pedone;Curva a visuale libera;Una carreggiata a senso unico di marcia;Asciutto;Asfaltata;Verticale;Sereno;Intenso;Buona;;1;0;0;1;12.458;41.9063;-1;;;;Pedone;F;Rimandato;0;NON DECEDUTO;;
6051300;17;14/07/2022 08:00:00;Strada Urbana;PIAZZA DEL RISORGIMENTO;da specificare;;;;FRONTE CIVICO 47;Investimento di pedone;Curva a visuale libera;Una carreggiata a senso unico di marcia;Asciutto;Asfaltata;Verticale;Sereno;Intenso;Buona;;1;0;0;1;12.458;41.9063;-1;1;Autovettura pubblica;In marcia / fermata / arresto;Conducente;M;Illeso;0;;;
6051335;6;14/07/2022 23:50:00;Strada Urbana;VIALE DELLA PRIMAVERA;all'intersezione con;PIAZZALE DELLE GARDENIE;PIAZZALE DELLE GARDENIE;;;Scontro frontale/laterale SX fra veicoli in marcia;Incrocio;Pi� di due carreggiate;Asciutto;Asfaltata;Verticale ed orizzontale;Sereno;Scarso;Sufficiente;;0;0;0;2;12.5612;41.886;-1;1;Autovettura privata;In marcia / fermata / arresto;Conducente;F;Illeso;0;;Non accertato;Inesploso
6051335;6;14/07/2022 23:50:00;Strada Urbana;VIALE DELLA PRIMAVERA;all'intersezione con;PIAZZALE DELLE GARDENIE;PIAZZALE DELLE GARDENIE;;;Scontro frontale/laterale SX fra veicoli in marcia;Incrocio;Pi� di due carreggiate;Asciutto;Asfaltata;Verticale ed orizzontale;Sereno;Scarso;Sufficiente;;0;0;0;2;12.5612;41.886;-1;2;Motociclo a solo;In marcia / fermata / arresto;Conducente;M;Illeso;0;;Non accertato;
6051373;6;15/07/2022 00:40:00;Strada Urbana;VIALE PALMIRO TOGLIATTI;in prossimit�;;del civico n.;516;;Tamponamento;Rettilineo;Pi� di due carreggiate;Asciutto;Asfaltata;Verticale ed orizzontale;Sereno;Scarso;Sufficiente;;0;0;0;3;12.5704;41.8745;-1;1;Autovettura privata;In marcia / fermata / arresto;Conducente;M;Illeso;0;;Non accertato;Inesploso
6051373;6;15/07/2022 00:40:00;Strada Urbana;VIALE PALMIRO TOGLIATTI;in prossimit�;;del civico n.;516;;Tamponamento;Rettilineo;Pi� di due carreggiate;Asciutto;Asfaltata;Verticale ed orizzontale;Sereno;Scarso;Sufficiente;;0;0;0;3;12.5704;41.8745;-1;2;Autovettura privata;In marcia / fermata / arresto;Conducente;F;Illeso;0;;Non accertato;Inesploso
6051373;6;15/07/2022 00:40:00;Strada Urbana;VIALE PALMIRO TOGLIATTI;in prossimit�;;del civico n.;516;;Tamponamento;Rettilineo;Pi� di due carreggiate;Asciutto;Asfaltata;Verticale ed orizzontale;Sereno;Scarso;Sufficiente;;0;0;0;3;12.5704;41.8745;-1;2;Autovettura privata;In marcia / fermata / arresto;Passeggero;M;Illeso;0;;Non accertato;Inesploso
6051373;6;15/07/2022 00:40:00;Strada Urbana;VIALE PALMIRO TOGLIATTI;in prossimit�;;del civico n.;516;;Tamponamento;Rettilineo;Pi� di due carreggiate;Asciutto;Asfaltata;Verticale ed orizzontale;Sereno;Scarso;Sufficiente;;0;0;0;3;12.5704;41.8745;-1;3;Autovettura privata;Sosta;;;;;;;
6051373;6;15/07/2022 00:40:00;Strada Urbana;VIALE PALMIRO TOGLIATTI;in prossimit�;;del civico n.;516;;Tamponamento;Rettilineo;Pi� di due carreggiate;Asciutto;Asfaltata;Verticale ed orizzontale;Sereno;Scarso;Sufficiente;;0;0;0;3;12.5704;41.8745;-1;4;Autovettura privata;Sosta;;;;;;;
6051387;17;14/07/2022 19:50:00;Strada Urbana;VIALE DELLE MEDAGLIE D'ORO;in prossimit�;;del civico n.;42;;Investimento di pedone;Rettilineo;Una carreggiata a doppio senso;Asciutto;Asfaltata;Verticale ed orizzontale;Sereno;Normale;Buona;;1;0;0;1;12.4467;41.9107;-1;;;;Pedone;M;Rimandato;0;NON DECEDUTO;;
6051387;17;14/07/2022 19:50:00;Strada Urbana;VIALE DELLE MEDAGLIE D'ORO;in prossimit�;;del civico n.;42;;Investimento di pedone;Rettilineo;Una carreggiata a doppio senso;Asciutto;Asfaltata;Verticale ed orizzontale;Sereno;Normale;Buona;;1;0;0;1;12.4467;41.9107;-1;1;Motociclo a solo;In marcia / fermata / arresto;Conducente;M;Illeso;0;;;
6051390;7;14/07/2022 10:30:00;Strada Urbana;VIA DEI GELSI;in corrispondenza;;del civico n.;140;;Infortunio per sola frenata improvvisa;Rettilineo;Una carreggiata a doppio senso;Asciutto;Asfaltata;Verticale ed orizzontale;Sereno;Normale;Buona;;1;0;0;2;12.5726;41.8899;-1;1;Motociclo a solo;In marcia / fermata / arresto;Conducente;F;Rimandato;0;NON DECEDUTO;Non accertato;
6051390;7;14/07/2022 10:30:00;Strada Urbana;VIA DEI GELSI;in corrispondenza;;del civico n.;140;;Infortunio per sola frenata improvvisa;Rettilineo;Una carreggiata a doppio senso;Asciutto;Asfaltata;Verticale ed orizzontale;Sereno;Normale;Buona;;1;0;0;2;12.5726;41.8899;-1;2;Autovettura privata;In marcia / fermata / arresto;Conducente;M;Illeso;0;;Non accertato;Inesploso
6051390;7;14/07/2022 10:30:00;Strada Urbana;VIA DEI GELSI;in corrispondenza;;del civico n.;140;;Infortunio per sola frenata improvvisa;Rettilineo;Una carreggiata a doppio senso;Asciutto;Asfaltata;Verticale ed orizzontale;Sereno;Normale;Buona;;1;0;0;2;12.5726;41.8899;-1;2;Autovettura privata;In marcia / fermata / arresto;Passeggero;M;Illeso;0;;Non accertato;Inesploso
6051406;19;14/07/2022 19:00:00;Strada Urbana;VIA DELLA BALDUINA;da specificare;;;;fronte civico 120/C;Investimento di pedone;Curva a visuale libera;Una carreggiata a doppio senso;Asciutto;Asfaltata;Verticale ed orizzontale;Sereno;Normale;Buona;;1;0;0;0;12.4404;41.9207;-1;;;;Pedone;F;Rimandato;0;NON DECEDUTO;;
6051406;19;14/07/2022 19:00:00;Strada Urbana;VIA DELLA BALDUINA;da specificare;;;;fronte civico 120/C;Investimento di pedone;Curva a visuale libera;Una carreggiata a doppio senso;Asciutto;Asfaltata;Verticale ed orizzontale;Sereno;Normale;Buona;;1;0;0;0;12.4404;41.9207;-1;1;Autovettura privata;Sosta;;;;;;;
6051406;19;14/07/2022 19:00:00;Strada Urbana;VIA DELLA BALDUINA;da specificare;;;;fronte civico 120/C;Investimento di pedone;Curva a visuale libera;Una carreggiata a doppio senso;Asciutto;Asfaltata;Verticale ed orizzontale;Sereno;Normale;Buona;;1;0;0;0;12.4404;41.9207;-1;2;Autovettura privata;Sosta;;;;;;;
6051406;19;14/07/2022 19:00:00;Strada Urbana;VIA DELLA BALDUINA;da specificare;;;;fronte civico 120/C;Investimento di pedone;Curva a visuale libera;Una carreggiata a doppio senso;Asciutto;Asfaltata;Verticale ed orizzontale;Sereno;Normale;Buona;;1;0;0;0;12.4404;41.9207;-1;3;Autovettura privata;Allontanatosi;;;;;;;
6051407;6;15/07/2022 09:05:00;Strada Urbana;PIAZZALE PRENESTINO;in corrispondenza;;del civico n.;35;;Investimento di pedone;Rettilineo;Una carreggiata a doppio senso;Asciutto;Asfaltata;Verticale ed orizzontale;Sereno;Normale;Buona;;1;0;0;1;12.5267;41.8909;-1;;;;Pedone;F;Rimandato;0;NON DECEDUTO;;
6051407;6;15/07/2022 09:05:00;Strada Urbana;PIAZZALE PRENESTINO;in corrispondenza;;del civico n.;35;;Investimento di pedone;Rettilineo;Una carreggiata a doppio senso;Asciutto;Asfaltata;Verticale ed orizzontale;Sereno;Normale;Buona;;1;0;0;1;12.5267;41.8909;-1;1;Autovettura privata;In marcia / fermata / arresto;Conducente;F;Illeso;0;;Non accertato;Inesploso
6051443;12;13/07/2022 22:43:00;Strada Urbana;VIALE DEL PATTINAGGIO;da specificare;;;;alt. Sheraton, dir. Viadotto della Magliana;Tamponamento Multiplo;Rettilineo;Una carreggiata a senso unico di marcia;Asciutto;Asfaltata;Verticale ed orizzontale;Sereno;Scarso;Buona;;0;0;0;4;12.472;41.8417;-1;1;Autovettura privata;In marcia / fermata / arresto;Conducente;M;Illeso;0;;Non accertato;Inesploso
6051443;12;13/07/2022 22:43:00;Strada Urbana;VIALE DEL PATTINAGGIO;da specificare;;;;alt. Sheraton, dir. Viadotto della Magliana;Tamponamento Multiplo;Rettilineo;Una carreggiata a senso unico di marcia;Asciutto;Asfaltata;Verticale ed orizzontale;Sereno;Scarso;Buona;;0;0;0;4;12.472;41.8417;-1;2;Autovettura privata;In marcia / fermata / arresto;Conducente;M;Illeso;0;;;
6051443;12;13/07/2022 22:43:00;Strada Urbana;VIALE DEL PATTINAGGIO;da specificare;;;;alt. Sheraton, dir. Viadotto della Magliana;Tamponamento Multiplo;Rettilineo;Una carreggiata a senso unico di marcia;Asciutto;Asfaltata;Verticale ed orizzontale;Sereno;Scarso;Buona;;0;0;0;4;12.472;41.8417;-1;2;Autovettura privata;In marcia / fermata / arresto;Passeggero;M;Illeso;0;;Non accertato;Inesploso
6051443;12;13/07/2022 22:43:00;Strada Urbana;VIALE DEL PATTINAGGIO;da specificare;;;;alt. Sheraton, dir. Viadotto della Magliana;Tamponamento Multiplo;Rettilineo;Una carreggiata a senso unico di marcia;Asciutto;Asfaltata;Verticale ed orizzontale;Sereno;Scarso;Buona;;0;0;0;4;12.472;41.8417;-1;3;Autocarro inferiore 35 q.;In marcia / fermata / arresto;Conducente;M;Illeso;0;;Non accertato;Inesploso
6051486;12;14/07/2022 17:30:00;Strada Urbana;VIALE DELL'AERONAUTICA;in corrispondenza;;del civico n.;61;;Ribaltamento senza urto contro ostacolo fisso;Rettilineo;Una carreggiata a doppio senso;Asciutto;Asfaltata;Verticale ed orizzontale;Sereno;Normale;Buona;;0;0;0;1;12.4762;41.8261;-1;1;Autovettura privata;In marcia / fermata / arresto;Conducente;M;Illeso;0;;;
6051512;1;14/07/2022 10:00:00;Strada Urbana;VIA DEL FORO OLITORIO;all'intersezione semaforizzata con;VIA LUIGI PETROSELLI;VIA LUIGI PETROSELLI;;;Scontro laterale fra veicoli in marcia;Intersezione semaforizzata;Una carreggiata a doppio senso;Asciutto;Acciotolata;Verticale ed orizzontale;Sereno;Normale;Buona;;1;0;0;1;12.4795;41.8907;-1;1;Motociclo a solo;In marcia / fermata / arresto;Conducente;M;Rimandato;0;NON DECEDUTO;Non accertato;
6051512;1;14/07/2022 10:00:00;Strada Urbana;VIA DEL FORO OLITORIO;all'intersezione semaforizzata con;VIA LUIGI PETROSELLI;VIA LUIGI PETROSELLI;;;Scontro laterale fra veicoli in marcia;Intersezione semaforizzata;Una carreggiata a doppio senso;Asciutto;Acciotolata;Verticale ed orizzontale;Sereno;Normale;Buona;;1;0;0;1;12.4795;41.8907;-1;2;Autovettura privata;In marcia / fermata / arresto;Conducente;M;Illeso;0;;Non accertato;Inesploso
6051518;12;14/07/2022 15:55:00;Strada Urbana;VIA CRISTOFORO COLOMBO;all'intersezione semaforizzata con;VIALE AMERICA;VIALE AMERICA;;;Scontro laterale fra veicoli in marcia;Intersezione semaforizzata;Due carreggiate;Asciutto;Asfaltata;Verticale ed orizzontale;Sereno;Intenso;Buona;;1;0;0;2;12.4115;41.7858;-1;1;Autovettura privata;In marcia / fermata / arresto;Conducente;M;Illeso;0;;Utilizzato;
6051518;12;14/07/2022 15:55:00;Strada Urbana;VIA CRISTOFORO COLOMBO;all'intersezione semaforizzata con;VIALE AMERICA;VIALE AMERICA;;;Scontro laterale fra veicoli in marcia;Intersezione semaforizzata;Due carreggiate;Asciutto;Asfaltata;Verticale ed orizzontale;Sereno;Intenso;Buona;;1;0;0;2;12.4115;41.7858;-1;1;Autovettura privata;In marcia / fermata / arresto;Passeggero;F;Illeso;0;;Utilizzato;
6051518;12;14/07/2022 15:55:00;Strada Urbana;VIA CRISTOFORO COLOMBO;all'intersezione semaforizzata con;VIALE AMERICA;VIALE AMERICA;;;Scontro laterale fra veicoli in marcia;Intersezione semaforizzata;Due carreggiate;Asciutto;Asfaltata;Verticale ed orizzontale;Sereno;Intenso;Buona;;1;0;0;2;12.4115;41.7858;-1;2;Motociclo a solo;In marcia / fermata / arresto;Conducente;M;Rimandato;0;NON DECEDUTO;;
6051565;17;14/07/2022 13:00:00;Strada Urbana;VIA PIETRO COSSA;in corrispondenza;;del civico n.;7;;Tamponamento;Rettilineo;Una carreggiata a senso unico di marcia;Asciutto;Asfaltata;Verticale ed orizzontale;Sereno;Normale;Buona;;0;0;0;2;12.4728;41.9068;-1;1;Autocarro inferiore 35 q.;In marcia / fermata / arresto;Conducente;M;Illeso;0;;;
6051565;17;14/07/2022 13:00:00;Strada Urbana;VIA PIETRO COSSA;in corrispondenza;;del civico n.;7;;Tamponamento;Rettilineo;Una carreggiata a senso unico di marcia;Asciutto;Asfaltata;Verticale ed orizzontale;Sereno;Normale;Buona;;0;0;0;2;12.4728;41.9068;-1;2;Motociclo a solo;In marcia / fermata / arresto;Conducente;M;Illeso;0;;;
6051572;1;14/07/2022 21:10:00;Strada Urbana;VIA CAVOUR;da specificare;;;;civico 254;Infortunio per sola frenata improvvisa;Rettilineo;Una carreggiata a doppio senso;Asciutto;Asfaltata;Verticale ed orizzontale;Sereno;Normale;Buona;;1;0;0;2;12.4944;41.896;-1;1;Autovettura privata;In marcia / fermata / arresto;Conducente;M;Illeso;0;;;
6051572;1;14/07/2022 21:10:00;Strada Urbana;VIA CAVOUR;da specificare;;;;civico 254;Infortunio per sola frenata improvvisa;Rettilineo;Una carreggiata a doppio senso;Asciutto;Asfaltata;Verticale ed orizzontale;Sereno;Normale;Buona;;1;0;0;2;12.4944;41.896;-1;1;Autovettura privata;In marcia / fermata / arresto;Passeggero;F;Illeso;0;;;
6051572;1;14/07/2022 21:10:00;Strada Urbana;VIA CAVOUR;da specificare;;;;civico 254;Infortunio per sola frenata improvvisa;Rettilineo;Una carreggiata a doppio senso;Asciutto;Asfaltata;Verticale ed orizzontale;Sereno;Normale;Buona;;1;0;0;2;12.4944;41.896;-1;2;Motociclo a solo;In marcia / fermata / arresto;Conducente;M;Rimandato;0;NON DECEDUTO;;
6051589;19;15/07/2022 07:15:00;Strada Urbana;PIAZZA DI NOSTRA SIGNORA DI GUADALUPE;in prossimit�;;del civico n.;9;;Veicolo in marcia contro veicolo in sosta;Rettilineo;Una carreggiata a senso unico di marcia;Asciutto;Asfaltata;Assente;Sereno;Scarso;Buona;;0;0;0;1;12.4235;41.9435;-1;1;Autocarro inferiore 35 q.;In marcia / fermata / arresto;Conducente;M;Illeso;0;;;
6051589;19;15/07/2022 07:15:00;Strada Urbana;PIAZZA DI NOSTRA SIGNORA DI GUADALUPE;in prossimit�;;del civico n.;9;;Veicolo in marcia contro veicolo in sosta;Rettilineo;Una carreggiata a senso unico di marcia;Asciutto;Asfaltata;Assente;Sereno;Scarso;Buona;;0;0;0;1;12.4235;41.9435;-1;2;Autovettura privata;Sosta;;;;;;;
6051607;16;14/07/2022 09:20:00;Strada Urbana;VIALE DEI COLLI PORTUENSI;in prossimit�;;del civico n.;226;;Scontro laterale fra veicoli in marcia;Rettilineo;Due carreggiate;Asciutto;Asfaltata;Verticale ed orizzontale;Sereno;Normale;Buona;;1;0;0;0;12.4431;41.8692;-1;1;Motociclo a solo;In marcia / fermata / arresto;Conducente;M;Rimandato;0;NON DECEDUTO;Non accertato;
6051607;16;14/07/2022 09:20:00;Strada Urbana;VIALE DEI COLLI PORTUENSI;in prossimit�;;del civico n.;226;;Scontro laterale fra veicoli in marcia;Rettilineo;Due carreggiate;Asciutto;Asfaltata;Verticale ed orizzontale;Sereno;Normale;Buona;;1;0;0;0;12.4431;41.8692;-1;2;Autovettura privata;Allontanatosi;;;;;;;
6051611;1;14/07/2022 10:10:00;Strada Urbana;VIA FRANCESCO CRISPI;in prossimit�;;del civico n.;6;;Infortunio per sola frenata improvvisa;Rettilineo;Una carreggiata a senso unico di marcia;Asciutto;In cubetti di porfido;Verticale ed orizzontale;Sereno;Normale;Buona;;1;0;0;0;;;0;1;Motociclo a solo;In marcia / fermata / arresto;Conducente;M;Rifiuta cure immediate;0;NON DECEDUTO;;