Protocollo;Gruppo;DataOraIncidente;Localizzazione1;STRADA1;Localizzazione2;STRADA2;Strada02;Chilometrica;DaSpecificare;NaturaIncidente;particolaritastrade;TipoStrada;FondoStradale;Pavimentazione;Segnaletica;CondizioneAtmosferica;Traffico;Visibilita;Illuminazione;NUM_FERITI;NUM_RISERVATA;NUM_MORTI;NUM_ILLESI;Longitude;Latitude;Confermato;Progressivo;TipoVeicolo;StatoVeicolo;TipoPersona;Sesso;Tipolesione;Deceduto;DecedutoDopo;CinturaCascoUtilizzato;Airbag;
6052612;1;14/07/2022 13:10:00;Strada Urbana;VIA DI S. MARCO;all'intersezione semaforizzata con;PIAZZA DELL'ARA COELI;PIAZZA DELL'ARA COELI;;;Scontro frontale/laterale DX fra veicoli in marcia;Intersezione semaforizzata;Pi� di due carreggiate;Asciutto;Asfaltata;Verticale ed orizzontale;Sereno;Normale;Buona;;1;0;0;0;12.4801;41.895;0;1;Velocipede;In marcia / fermata / arresto;Conducente;M;Rimandato;0;NON DECEDUTO;Esente;
6052612;1;14/07/2022 13:10:00;Strada Urbana;VIA DI S. MARCO;all'intersezione semaforizzata con;PIAZZA DELL'ARA COELI;PIAZZA DELL'ARA COELI;;;Scontro frontale/laterale DX fra veicoli in marcia;Intersezione semaforizzata;Pi� di due carreggiate;Asciutto;Asfaltata;Verticale ed orizzontale;Sereno;Normale;Buona;;1;0;0;0;12.4801;41.895;0;2;Motociclo a solo;Allontanatosi;;;;;;;
6052625;1;15/07/2022 16:10:00;Strada Urbana;VIA DELLO STATUTO;all'intersezione con;LARGO BRANCACCIO;LARGO BRANCACCIO;;;Scontro laterale fra veicoli in marcia;Intersezione semaforizzata;Una carreggiata a doppio senso;Asciutto;Asfaltata;Assente;Sereno;Normale;Buona;;0;0;0;2;12.5014;41.8949;-1;1;Autovettura privata;In marcia / fermata / arresto;Conducente;M;Illeso;0;;;
6052625;1;15/07/2022 16:10:00;Strada Urbana;VIA DELLO STATUTO;all'intersezione con;LARGO BRANCACCIO;LARGO BRANCACCIO;;;Scontro laterale fra veicoli in marcia;Intersezione semaforizzata;Una carreggiata a doppio senso;Asciutto;Asfaltata;Assente;Sereno;Normale;Buona;;0;0;0;2;12.5014;41.8949;-1;2;Motociclo a solo;In marcia / fermata / arresto;Conducente;M;Illeso;0;;;
6052643;1;16/07/2022 01:20:00;Strada Urbana;VIA GIOVANNI GIOLITTI;in corrispondenza;;del civico n.;403;;Veicolo in marcia contro ostacolo fisso;Curva a visuale libera;Pi� di due carreggiate;Asciutto;Asfaltata;Verticale ed orizzontale;Sereno;Scarso;Buona;;1;0;0;0;12.5115;41.8938;-1;1;Motociclo a solo;In marcia / fermata / arresto;Conducente;M;Rimandato;0;NON DECEDUTO;;
6052646;10;15/07/2022 08:15:00;Strada Urbana;VIA TUSCOLANA;da specificare;;;;fr. civ. 859;Scontro laterale fra veicoli in marcia;Rettilineo;Due carreggiate;Asciutto;Asfaltata;Verticale ed orizzontale;Sereno;Normale;Buona;;1;0;0;1;12.5923;41.8396;-1;1;Autovettura privata;In marcia / fermata / arresto;Conducente;F;Illeso;0;;;
6052646;10;15/07/2022 08:15:00;Strada Urbana;VIA TUSCOLANA;da specificare;;;;fr. civ. 859;Scontro laterale fra veicoli in marcia;Rettilineo;Due carreggiate;Asciutto;Asfaltata;Verticale ed orizzontale;Sereno;Normale;Buona;;1;0;0;1;12.5923;41.8396;-1;2;Motociclo a solo;In marcia / fermata / arresto;Conducente;M;Ricoverato;0;NON DECEDUTO;Non accertato;
6052646;10;15/07/2022 08:15:00;Strada Urbana;VIA TUSCOLANA;da specificare;;;;fr. civ. 859;Scontro laterale fra veicoli in marcia;Rettilineo;Due carreggiate;Asciutto;Asfaltata;Verticale ed orizzontale;Sereno;Normale;Buona;;1;0;0;1;12.5923;41.8396;-1;3;Autovettura privata;Sosta;;;;;;;
6052655;10;15/07/2022 11:20:00;Strada Urbana;VIA APPIA PIGNATELLI;in corrispondenza;;del civico n.;298;;Tamponamento;Rettilineo;Una carreggiata a doppio senso;Asciutto;Asfaltata;Verticale ed orizzontale;Sereno;Normale;Buona;;1;0;0;2;12.5405;41.8432;-1;1;Autocarro inferiore 35 q.;In marcia / fermata / arresto;Conducente;M;Illeso;0;;Non accertato;Inesploso
6052655;10;15/07/2022 11:20:00;Strada Urbana;VIA APPIA PIGNATELLI;in corrispondenza;;del civico n.;298;;Tamponamento;Rettilineo;Una carreggiata a doppio senso;Asciutto;Asfaltata;Verticale ed orizzontale;Sereno;Normale;Buona;;1;0;0;2;12.5405;41.8432;-1;1;Autocarro inferiore 35 q.;In marcia / fermata / arresto;Passeggero;M;Illeso;0;;Non accertato;Inesploso
6052655;10;15/07/2022 11:20:00;Strada Urbana;VIA APPIA PIGNATELLI;in corrispondenza;;del civico n.;298;;Tamponamento;Rettilineo;Una carreggiata a doppio senso;Asciutto;Asfaltata;Verticale ed orizzontale;Sereno;Normale;Buona;;1;0;0;2;12.5405;41.8432;-1;2;Motociclo a solo;In marcia / fermata / arresto;Conducente;M;Rimandato;0;NON DECEDUTO;Non accertato;
6052658;1;15/07/2022 13:05:00;Strada Urbana;VIA CARLO ALBERTO;in prossimit�;;del civico n.;35;;Scontro frontale/laterale SX fra veicoli in marcia;Rettilineo;Una carreggiata a doppio senso;Asciutto;In cubetti di porfido;Verticale ed orizzontale;Sereno;Normale;Buona;;1;0;0;1;12.5008;41.8966;-1;1;Autovettura privata;In marcia / fermata / arresto;Conducente;M;Illeso;0;;;
6052658;1;15/07/2022 13:05:00;Strada Urbana;VIA CARLO ALBERTO;in prossimit�;;del civico n.;35;;Scontro frontale/laterale SX fra veicoli in marcia;Rettilineo;Una carreggiata a doppio senso;Asciutto;In cubetti di porfido;Verticale ed orizzontale;Sereno;Normale;Buona;;1;0;0;1;12.5008;41.8966;-1;2;Motociclo a solo;In marcia / fermata / arresto;Conducente;M;Rimandato;0;NON DECEDUTO;;
6052675;11;16/07/2022 05:00:00;Strada Urbana;VIA CRISTOFORO COLOMBO;in prossimit�;;del civico n.;38;;Infortunio per caduta del veicolo;Rettilineo;Pi� di due carreggiate;Asciutto;Asfaltata;Verticale ed orizzontale;Sereno;Scarso;Buona;;1;0;0;0;12.496;41.8702;-1;1;Motociclo a solo;In marcia / fermata / arresto;Conducente;M;Rimandato;0;NON DECEDUTO;;
6052686;10;15/07/2022 18:50:00;Strada Urbana;VIA SERRATA;da specificare;;;;pross. palo Acea 1;Veicolo in marcia contro veicoli in sosta;Rettilineo;Una carreggiata a doppio senso;Asciutto;Asfaltata;Verticale;Sereno;Scarso;Buona;;0;0;0;1;12.6164;41.8097;-1;1;Autovettura privata;In marcia / fermata / arresto;Conducente;F;Illeso;0;;Non accertato;Inesploso
6052686;10;15/07/2022 18:50:00;Strada Urbana;VIA SERRATA;da specificare;;;;pross. palo Acea 1;Veicolo in marcia contro veicoli in sosta;Rettilineo;Una carreggiata a doppio senso;Asciutto;Asfaltata;Verticale;Sereno;Scarso;Buona;;0;0;0;1;12.6164;41.8097;-1;2;Autovettura privata;Sosta;;;;;;;
6052686;10;15/07/2022 18:50:00;Strada Urbana;VIA SERRATA;da specificare;;;;pross. palo Acea 1;Veicolo in marcia contro veicoli in sosta;Rettilineo;Una carreggiata a doppio senso;Asciutto;Asfaltata;Verticale;Sereno;Scarso;Buona;;0;0;0;1;12.6164;41.8097;-1;3;Autovettura privata;Sosta;;;;;;;
6052696;20;16/07/2022 04:20:00;Strada Urbana;CORSO SEMPIONE;da specificare;;;;ALTEZZA VIA MONTE SUBASIO;Investimento di pedone;Rettilineo;Una carreggiata a senso unico di marcia;Asciutto;Asfaltata;Verticale ed orizzontale;Sereno;Scarso;Sufficiente;;1;0;0;1;12.5342;41.9353;-1;;;;Pedone;M;Rimandato;0;NON DECEDUTO;;
6052696;20;16/07/2022 04:20:00;Strada Urbana;CORSO SEMPIONE;da specificare;;;;ALTEZZA VIA MONTE SUBASIO;Investimento di pedone;Rettilineo;Una carreggiata a senso unico di marcia;Asciutto;Asfaltata;Verticale ed orizzontale;Sereno;Scarso;Sufficiente;;1;0;0;1;12.5342;41.9353;-1;1;Autovettura privata;In marcia / fermata / arresto;Conducente;M;Illeso;0;;;
6052704;10;16/07/2022 02:05:00;Strada Urbana;VIA DELLE CAPANNELLE;da specificare;;;;Palo Acea 91;Investimento di pedone;Rettilineo;Una carreggiata a doppio senso;Asciutto;Asfaltata;Verticale ed orizzontale;Sereno;Normale;Sufficiente;;1;0;0;1;12.5749;41.8451;-1;;;;Pedone;M;Rimandato;0;NON DECEDUTO;;
6052704;10;16/07/2022 02:05:00;Strada Urbana;VIA DELLE CAPANNELLE;da specificare;;;;Palo Acea 91;Investimento di pedone;Rettilineo;Una carreggiata a doppio senso;Asciutto;Asfaltata;Verticale ed orizzontale;Sereno;Normale;Sufficiente;;1;0;0;1;12.5749;41.8451;-1;1;Motociclo a solo;In marcia / fermata / arresto;Conducente;M;Illeso;0;;Non accertato;
6052704;10;16/07/2022 02:05:00;Strada Urbana;VIA DELLE CAPANNELLE;da specificare;;;;Palo Acea 91;Investimento di pedone;Rettilineo;Una carreggiata a doppio senso;Asciutto;Asfaltata;Verticale ed orizzontale;Sereno;Normale;Sufficiente;;1;0;0;1;12.5749;41.8451;-1;2;Autovettura privata;Sosta;;;;;;;
6052713;1;15/07/2022 17:40:00;Strada Urbana;VIA CAIROLI;in corrispondenza;;del civico n.;24;;Veicolo in marcia contro veicolo in sosta;Rettilineo;Una carreggiata a senso unico di marcia;Asciutto;Asfaltata;Verticale ed orizzontale;Sereno;Scarso;Buona;;0;0;0;1;12.5061;41.8927;-1;1;Autovettura privata;Sosta;;;;;;;
6052713;1;15/07/2022 17:40:00;Strada Urbana;VIA CAIROLI;in corrispondenza;;del civico n.;24;;Veicolo in marcia contro veicolo in sosta;Rettilineo;Una carreggiata a senso unico di marcia;Asciutto;Asfaltata;Verticale ed orizzontale;Sereno;Scarso;Buona;;0;0;0;1;12.5061;41.8927;-1;2;Autovettura privata;In marcia / fermata / arresto;Conducente;M;Illeso;0;;;
6052725;1;16/07/2022 07:00:00;Strada Urbana;VIA DI PORTA MAGGIORE;in corrispondenza;;del civico n.;83;;Scontro laterale fra veicoli in marcia;Rettilineo;Pi� di due carreggiate;Asciutto;Asfaltata;Verticale ed orizzontale;Sereno;Scarso;Buona;;1;0;0;1;12.5134;41.8921;-1;1;Autovettura privata;In marcia / fermata / arresto;Conducente;M;Illeso;0;;;
6052725;1;16/07/2022 07:00:00;Strada Urbana;VIA DI PORTA MAGGIORE;in corrispondenza;;del civico n.;83;;Scontro laterale fra veicoli in marcia;Rettilineo;Pi� di due carreggiate;Asciutto;Asfaltata;Verticale ed orizzontale;Sereno;Scarso;Buona;;1;0;0;1;12.5134;41.8921;-1;2;Velocipede;In marcia / fermata / arresto;Conducente;M;Rimandato;0;NON DECEDUTO;Esente;
6052807;8;15/07/2022 18:40:00;Strada Urbana;VIA DEL FUOCO SACRO;da specificare;;;;prossimit� civ. 58;Veicolo in marcia contro ostacolo fisso;Cavalcavia;Una carreggiata a doppio senso;Asciutto;Asfaltata;Verticale ed orizzontale;Sereno;Normale;Buona;;1;0;0;0;12.6411;41.8648;-1;1;Motociclo a solo;In marcia / fermata / arresto;Conducente;M;Ricoverato;0;NON DECEDUTO;Utilizzato;
6052830;1;16/07/2022 09:05:00;Strada Urbana;VIALE PRETORIANO;in corrispondenza;;del civico n.;7/d;;Tamponamento;Rettilineo;Una carreggiata a doppio senso;Asciutto;Asfaltata;Verticale ed orizzontale;Sereno;Normale;Buona;;0;0;0;3;12.5081;41.9008;-1;1;Autovettura privata;In marcia / fermata / arresto;Conducente;F;Illeso;0;;;
6052830;1;16/07/2022 09:05:00;Strada Urbana;VIALE PRETORIANO;in corrispondenza;;del civico n.;7/d;;Tamponamento;Rettilineo;Una carreggiata a doppio senso;Asciutto;Asfaltata;Verticale ed orizzontale;Sereno;Normale;Buona;;0;0;0;3;12.5081;41.9008;-1;1;Autovettura privata;In marcia / fermata / arresto;Passeggero;F;Illeso;0;;;
6052830;1;16/07/2022 09:05:00;Strada Urbana;VIALE PRETORIANO;in corrispondenza;;del civico n.;7/d;;Tamponamento;Rettilineo;Una carreggiata a doppio senso;Asciutto;Asfaltata;Verticale ed orizzontale;Sereno;Normale;Buona;;0;0;0;3;12.5081;41.9008;-1;2;Autovettura privata;In marcia / fermata / arresto;Conducente;M;Illeso;0;;;
6052851;8;15/07/2022 17:00:00;Strada Urbana;VIA DEI RUDERI DI TORRENOVA;all'intersezione con;VIA CASILINA;VIA CASILINA;;;Scontro laterale fra veicoli in marcia;Intersezione semaforizzata;Una carreggiata a doppio senso;Asciutto;Asfaltata;Verticale ed orizzontale;Sereno;Normale;Buona;;0;0;0;4;12.6053;41.8683;-1;1;Autoarticolato;In marcia / fermata / arresto;Conducente;M;Illeso;0;;;
6052851;8;15/07/2022 17:00:00;Strada Urbana;VIA DEI RUDERI DI TORRENOVA;all'intersezione con;VIA CASILINA;VIA CASILINA;;;Scontro laterale fra veicoli in marcia;Intersezione semaforizzata;Una carreggiata a doppio senso;Asciutto;Asfaltata;Verticale ed orizzontale;Sereno;Normale;Buona;;0;0;0;4;12.6053;41.8683;-1;2;Rimorchio;In marcia / fermata / arresto;Conducente;M;Illeso;0;;;
6052851;8;15/07/2022 17:00:00;Strada Urbana;VIA DEI RUDERI DI TORRENOVA;all'intersezione con;VIA CASILINA;VIA CASILINA;;;Scontro laterale fra veicoli in marcia;Intersezione semaforizzata;Una carreggiata a doppio senso;Asciutto;Asfaltata;Verticale ed orizzontale;Sereno;Normale;Buona;;0;0;0;4;12.6053;41.8683;-1;3;Autovettura privata;In marcia / fermata / arresto;Conducente;M;Illeso;0;;;
6052851;8;15/07/2022 17:00:00;Strada Urbana;VIA DEI RUDERI DI TORRENOVA;all'intersezione con;VIA CASILINA;VIA CASILINA;;;Scontro laterale fra veicoli in marcia;Intersezione semaforizzata;Una carreggiata a doppio senso;Asciutto;Asfaltata;Verticale ed orizzontale;Sereno;Normale;Buona;;0;0;0;4;12.6053;41.8683;-1;3;Autovettura privata;In marcia / fermata / arresto;Passeggero;F;Illeso;0;;;
6052863;15;15/07/2022 15:45:00;Strada Urbana;VIA PORTUENSE;in prossimit�;;del civico n.;301C;;Veicolo in marcia contro ostacolo fisso;Curva a visuale libera;Due carreggiate;Asciutto;Asfaltata;Verticale ed orizzontale;Sereno;Normale;Buona;;0;0;0;1;12.4645;41.867;-1;1;Motociclo a solo;In marcia / fermata / arresto;Conducente;M;Illeso;0;;Non accertato;
6052866;8;15/07/2022 10:00:00;Strada Urbana;VIALE DELLA SORBONA;da specificare;;;;ALTEZZA PALO LUCE 90;Tamponamento;Rettilineo;Due carreggiate;Asciutto;Asfaltata;Orizzontale;Sereno;Normale;Buona;;2;0;0;0;12.612;41.8546;-1;1;Autovettura privata;In marcia / fermata / arresto;Conducente;F;Rimandato;0;NON DECEDUTO;Non accertato;Esploso
6052866;8;15/07/2022 10:00:00;Strada Urbana;VIALE DELLA SORBONA;da specificare;;;;ALTEZZA PALO LUCE 90;Tamponamento;Rettilineo;Due carreggiate;Asciutto;Asfaltata;Orizzontale;Sereno;Normale;Buona;;2;0;0;0;12.612;41.8546;-1;2;Autocarro inferiore 35 q.;In marcia / fermata / arresto;Conducente;M;Rifiuta cure immediate;0;NON DECEDUTO;Non accertato;Inesploso
6052868;15;15/07/2022 19:00:00;Strada Urbana;VIA PORTUENSE;in corrispondenza;;del civico n.;712E;;Scontro laterale fra veicoli in marcia;Rettilineo;Una carreggiata a doppio senso;Asciutto;Asfaltata;Orizzontale;Sereno;Normale;Buona;;1;0;0;4;12.4343;41.852;-1;1;Autovettura privata;In marcia / fermata / arresto;Conducente;F;Illeso;0;;Non accertato;Inesploso
6052868;15;15/07/2022 19:00:00;Strada Urbana;VIA PORTUENSE;in corrispondenza;;del civico n.;712E;;Scontro laterale fra veicoli in marcia;Rettilineo;Una carreggiata a doppio senso;Asciutto;Asfaltata;Orizzontale;Sereno;Normale;Buona;;1;0;0;4;12.4343;41.852;-1;1;Autovettura privata;In marcia / fermata / arresto;Passeggero;M;Illeso;0;;Non accertato;Inesploso
6052868;15;15/07/2022 19:00:00;Strada Urbana;VIA PORTUENSE;in corrispondenza;;del civico n.;712E;;Scontro laterale fra veicoli in marcia;Rettilineo;Una carreggiata a doppio senso;Asciutto;Asfaltata;Orizzontale;Sereno;Normale;Buona;;1;0;0;4;12.4343;41.852;-1;2;Motociclo a solo;In marcia / fermata / arresto;Conducente;M;Illeso;0;;Non accertato;
6052868;15;15/07/2022 19:00:00;Strada Urbana;VIA PORTUENSE;in corrispondenza;;del civico n.;712E;;Scontro laterale fra veicoli in marcia;Rettilineo;Una carreggiata a doppio senso;Asciutto;Asfaltata;Orizzontale;Sereno;Normale;Buona;;1;0;0;4;12.4343;41.852;-1;3;Motociclo a solo;In marcia / fermata / arresto;Conducente;M;Rifiuta cure immediate;0;NON DECEDUTO;Non accertato;
6052868;15;15/07/2022 19:00:00;Strada Urbana;VIA PORTUENSE;in corrispondenza;;del civico n.;712E;;Scontro laterale fra veicoli in marcia;Rettilineo;Una carreggiata a doppio senso;Asciutto;Asfaltata;Orizzontale;Sereno;Normale;Buona;;1;0;0;4;12.4343;41.852;-1;4;Autovettura privata;In marcia / fermata / arresto;Conducente;M;Illeso;0;;Non accertato;Inesploso
6052873;15;15/07/2022 21:15:00;Strada Urbana;VIA DI MALAFEDE;all'intersezione semaforizzata con;VIA CRISTOFORO COLOMBO;VIA CRISTOFORO COLOMBO;;;Scontro laterale fra veicoli in marcia;Incrocio;Pi� di due carreggiate;Asciutto;Asfaltata;Verticale ed orizzontale;Sereno;Normale;Buona;;2;0;0;0;12.4127;41.7778;-1;1;Motociclo a solo;In marcia / fermata / arresto;Conducente;M;Ricoverato;0;NON DECEDUTO;Non accertato;
6052873;15;15/07/2022 21:15:00;Strada Urbana;VIA DI MALAFEDE;all'intersezione semaforizzata con;VIA CRISTOFORO COLOMBO;VIA CRISTOFORO COLOMBO;;;Scontro laterale fra veicoli in marcia;Incrocio;Pi� di due carreggiate;Asciutto;Asfaltata;Verticale ed orizzontale;Sereno;Normale;Buona;;2;0;0;0;12.4127;41.7778;-1;2;Motociclo a solo;In marcia / fermata / arresto;Conducente;M;Ricoverato;0;NON DECEDUTO;Non accertato;
6052874;12;15/07/2022 19:30:00;Strada Urbana;VIALE DELL'UMANESIMO;all'intersezione semaforizzata con;PIAZZALE DELL'UMANESIMO;PIAZZALE DELL'UMANESIMO;;;Scontro frontale/laterale SX fra veicoli in marcia;Intersezione semaforizzata;Una carreggiata a doppio senso;Asciutto;Asfaltata;Verticale ed orizzontale;Sereno;Normale;Buona;;1;0;0;1;12.4699;41.8231;-1;1;Autocarro inferiore 35 q.;In marcia / fermata / arresto;Conducente;M;Rimandato;0;NON DECEDUTO;Non accertato;Esploso
6052874;12;15/07/2022 19:30:00;Strada Urbana;VIALE DELL'UMANESIMO;all'intersezione semaforizzata con;PIAZZALE DELL'UMANESIMO;PIAZZALE DELL'UMANESIMO;;;Scontro frontale/laterale SX fra veicoli in marcia;Intersezione semaforizzata;Una carreggiata a doppio senso;Asciutto;Asfaltata;Verticale ed orizzontale;Sereno;Normale;Buona;;1;0;0;1;12.4699;41.8231;-1;2;Autovettura privata;In marcia / fermata / arresto;Conducente;M;Illeso;0;;Non accertato;Esploso
6052879;15;16/07/2022 07:30:00;Strada Urbana;VIA PORTUENSE;in corrispondenza;;del civico n.;553/A;;Veicolo in marcia contro veicoli in sosta;Rettilineo;Una carreggiata a doppio senso;Asciutto;Asfaltata;Orizzontale;Sereno;Scarso;Buona;;0;0;0;1;12.4466;41.8565;-1;1;Autovettura privata;In marcia / fermata / arresto;Conducente;M;Illeso;0;;Non accertato;Inesploso
6052879;15;16/07/2022 07:30:00;Strada Urbana;VIA PORTUENSE;in corrispondenza;;del civico n.;553/A;;Veicolo in marcia contro veicoli in sosta;Rettilineo;Una carreggiata a doppio senso;Asciutto;Asfaltata;Orizzontale;Sereno;Scarso;Buona;;0;0;0;1;12.4466;41.8565;-1;2;Autovettura privata;Sosta;;;;;;;
6052879;15;16/07/2022 07:30:00;Strada Urbana;VIA PORTUENSE;in corrispondenza;;del civico n.;553/A;;Veicolo in marcia contro veicoli in sosta;Rettilineo;Una carreggiata a doppio senso;Asciutto;Asfaltata;Orizzontale;Sereno;Scarso;Buona;;0;0;0;1;12.4466;41.8565;-1;3;Autovettura privata;Sosta;;;;;;;
6052887;8;15/07/2022 10:20:00;Strada Urbana;VIA MONTPELLIER;da specificare;;;;AREA PARCHEGGI FACOLTA'  MEDICINA;Scontro frontale/laterale SX fra veicoli in marcia;Rettilineo;Due carreggiate;Asciutto;Asfaltata;Assente;Sereno;Scarso;Buona;;0;0;0;2;12.6325;41.8559;-1;1;Autovettura privata;In marcia / fermata / arresto;Conducente;F;Illeso;0;;;
6052887;8;15/07/2022 10:20:00;Strada Urbana;VIA MONTPELLIER;da specificare;;;;AREA PARCHEGGI FACOLTA'  MEDICINA;Scontro frontale/laterale SX fra veicoli in marcia;Rettilineo;Due carreggiate;Asciutto;Asfaltata;Assente;Sereno;Scarso;Buona;;0;0;0;2;12.6325;41.8559;-1;2;Autovettura privata;In marcia / fermata / arresto;Conducente;F;Illeso;0;;;
6052900;8;15/07/2022 16:50:00;Strada Urbana;VIA DI TOR BELLA MONACA;all'intersezione con;VIALE PAOLO FERDINANDO QUAGLIA;VIALE PAOLO FERDINANDO QUAGLIA;;;Scontro frontale/laterale SX fra veicoli in marcia;Incrocio;Due carreggiate;Asciutto;Asfaltata;Verticale ed orizzontale;Sereno;Normale;Buona;;2;0;0;3;12.6385;41.8669;-1;1;Autovettura privata;In marcia / fermata / arresto;Conducente;M;Rifiuta cure immediate;0;NON DECEDUTO;Non accertato;Inesploso
6052900;8;15/07/2022 16:50:00;Strada Urbana;VIA DI TOR BELLA MONACA;all'intersezione con;VIALE PAOLO FERDINANDO QUAGLIA;VIALE PAOLO FERDINANDO QUAGLIA;;;Scontro frontale/laterale SX fra veicoli in marcia;Incrocio;Due carreggiate;Asciutto;Asfaltata;Verticale ed orizzontale;Sereno;Normale;Buona;;2;0;0;3;12.6385;41.8669;-1;2;Autovettura privata;In marcia / fermata / arresto;Conducente;M;Illeso;0;;Non accertato;Inesploso
6052900;8;15/07/2022 16:50:00;Strada Urbana;VIA DI TOR BELLA MONACA;all'intersezione con;VIALE PAOLO FERDINANDO QUAGLIA;VIALE PAOLO FERDINANDO QUAGLIA;;;Scontro frontale/laterale SX fra veicoli in marcia;Incrocio;Due carreggiate;Asciutto;Asfaltata;Verticale ed orizzontale;Sereno;Normale;Buona;;2;0;0;3;12.6385;41.8669;-1;3;Autovettura privata;In marcia / fermata / arresto;Conducente;M;Illeso;0;;Non accertato;Inesploso
6052900;8;15/07/2022 16:50:00;Strada Urbana;VIA DI TOR BELLA MONACA;all'intersezione con;VIALE PAOLO FERDINANDO QUAGLIA;VIALE PAOLO FERDINANDO QUAGLIA;;;Scontro frontale/laterale SX fra veicoli in marcia;Incrocio;Due carreggiate;Asciutto;Asfaltata;Verticale ed orizzontale;Sereno;Normale;Buona;;2;0;0;3;12.6385;41.8669;-1;3;Autovettura privata;In marcia / fermata / arresto;Passeggero;F;Illeso;0;;Non accertato;Inesploso
6052900;8;15/07/2022 16:50:00;Strada Urbana;VIA DI TOR BELLA MONACA;all'intersezione con;VIALE PAOLO FERDINANDO QUAGLIA;VIALE PAOLO FERDINANDO QUAGLIA;;;Scontro frontale/laterale SX fra veicoli in marcia;Incrocio;Due carreggiate;Asciutto;Asfaltata;Verticale ed orizzontale;Sereno;Normale;Buona;;2;0;0;3;12.6385;41.8669;-1;3;Autovettura privata;In marcia / fermata / arresto;Passeggero;M;Rifiuta cure immediate;0;NON DECEDUTO;Non accertato;Inesploso
6052939;8;15/07/2022 01:55:00;Strada Urbana;VIALE PALMIRO TOGLIATTI;in corrispondenza;;del civico n.;782;;Veicolo in marcia contro veicoli in sosta;Rettilineo;Una carreggiata a senso unico di marcia;Asciutto;Asfaltata;Verticale ed orizzontale;Sereno;Normale;Buona;;0;0;0;0;12.5737;41.8839;-1;1;Autovettura privata;In marcia / fermata / arresto;;;;;;;
6052939;8;15/07/2022 01:55:00;Strada Urbana;VIALE PALMIRO TOGLIATTI;in corrispondenza;;del civico n.;782;;Veicolo in marcia contro veicoli in sosta;Rettilineo;Una carreggiata a senso unico di marcia;Asciutto;Asfaltata;Verticale ed orizzontale;Sereno;Normale;Buona;;0;0;0;0;12.5737;41.8839;-1;2;Autovettura privata;Sosta;;;;;;;
6052939;8;15/07/2022 01:55:00;Strada Urbana;VIALE PALMIRO TOGLIATTI;in corrispondenza;;del civico n.;782;;Veicolo in marcia contro veicoli in sosta;Rettilineo;Una carreggiata a senso unico di marcia;Asciutto;Asfaltata;Verticale ed orizzontale;Sereno;Normale;Buona;;0;0;0;0;12.5737;41.8839;-1;3;Autovettura privata;Sosta;;;;;;;
6052939;8;15/07/2022 01:55:00;Strada Urbana;VIALE PALMIRO TOGLIATTI;in corrispondenza;;del civico n.;782;;Veicolo in marcia contro veicoli in sosta;Rettilineo;Una carreggiata a senso unico di marcia;Asciutto;Asfaltata;Verticale ed orizzontale;Sereno;Normale;Buona;;0;0;0;0;12.5737;41.8839;-1;4;Autovettura privata;Sosta;;;;;;;
6052958;15;16/07/2022 12:15:00;Strada Urbana;VIA PORTUENSE;in corrispondenza;;del civico n.;718;;Tamponamento;Rettilineo;Una carreggiata a doppio senso;Asciutto;Asfaltata;Verticale ed orizzontale;Sereno;Normale;Buona;;0;0;0;2;12.433;41.8519;-1;1;Autogru;In marcia / fermata / arresto;Conducente;M;Illeso;0;;Non accertato;Inesploso
6052958;15;16/07/2022 12:15:00;Strada Urbana;VIA PORTUENSE;in corrispondenza;;del civico n.;718;;Tamponamento;Rettilineo;Una carreggiata a doppio senso;Asciutto;Asfaltata;Verticale ed orizzontale;Sereno;Normale;Buona;;0;0;0;2;12.433;41.8519;-1;2;Autovettura privata;In marcia / fermata / arresto;Conducente;F;Illeso;0;;Non accertato;Inesploso
6052981;12;16/07/2022 03:50:00;Strada Urbana;VIA DI MEZZOCAMMINO;in corrispondenza;;del palo luce n.;38;;Fuoriuscita dalla sede stradale;Curva senza visuale libera;Una carreggiata a doppio senso;Bagnato (umidit� in atto);Asfaltata;Verticale ed orizzontale;Sereno;Scarso;Sufficiente;;0;0;0;3;12.4375;41.79;-1;1;Autovettura privata;In marcia / fermata / arresto;Conducente;M;Illeso;0;;Utilizzato;Esploso
6052981;12;16/07/2022 03:50:00;Strada Urbana;VIA DI MEZZOCAMMINO;in corrispondenza;;del palo luce n.;38;;Fuoriuscita dalla sede stradale;Curva senza visuale libera;Una carreggiata a doppio senso;Bagnato (umidit� in atto);Asfaltata;Verticale ed orizzontale;Sereno;Scarso;Sufficiente;;0;0;0;3;12.4375;41.79;-1;1;Autovettura privata;In marcia / fermata / arresto;Passeggero;M;Illeso;0;;Utilizzato;Esploso
6052981;12;16/07/2022 03:50:00;Strada Urbana;VIA DI MEZZOCAMMINO;in corrispondenza;;del palo luce n.;38;;Fuoriuscita dalla sede stradale;Curva senza visuale libera;Una carreggiata a doppio senso;Bagnato (umidit� in atto);Asfaltata;Verticale ed orizzontale;Sereno;Scarso;Sufficiente;;0;0;0;3;12.4375;41.79;-1;1;Autovettura privata;In marcia / fermata / arresto;Passeggero;M;Illeso;0;;Utilizzato;Esploso
6052983;10;16/07/2022 13:00:00;Strada Urbana;VIA ANAGNINA;in corrispondenza;;del civico n.;380;;Scontro frontale/laterale SX fra veicoli in marcia;Rettilineo;Una carreggiata a doppio senso;Asciutto;Asfaltata;Verticale ed orizzontale;Sereno;Normale;Buona;;2;0;0;1;12.6173;41.8155;-1;1;Autovettura privata;In marcia / fermata / arresto;Conducente;F;Rimandato;0;NON DECEDUTO;;