Protocollo;Gruppo;DataOraIncidente;Localizzazione1;STRADA1;Localizzazione2;STRADA2;Strada02;Chilometrica;DaSpecificare;NaturaIncidente;particolaritastrade;TipoStrada;FondoStradale;Pavimentazione;Segnaletica;CondizioneAtmosferica;Traffico;Visibilita;Illuminazione;NUM_FERITI;NUM_RISERVATA;NUM_MORTI;NUM_ILLESI;Longitude;Latitude;Confermato;Progressivo;TipoVeicolo;StatoVeicolo;TipoPersona;Sesso;Tipolesione;Deceduto;DecedutoDopo;CinturaCascoUtilizzato;Airbag;
6053751;9;16/07/2022 23:30:00;Strada Urbana;PIAZZA CESARE CANTU';all'intersezione semaforizzata con;VIA DELLE CAVE;VIA DELLE CAVE;;;Scontro laterale fra veicoli in marcia;Intersezione semaforizzata;Due carreggiate;Asciutto;Asfaltata;Verticale ed orizzontale;Sereno;Scarso;Buona;;0;0;0;6;12.527;41.8716;-1;1;Autovettura privata;In marcia / fermata / arresto;Conducente;M;Illeso;0;;Non accertato;Inesploso
6053751;9;16/07/2022 23:30:00;Strada Urbana;PIAZZA CESARE CANTU';all'intersezione semaforizzata con;VIA DELLE CAVE;VIA DELLE CAVE;;;Scontro laterale fra veicoli in marcia;Intersezione semaforizzata;Due carreggiate;Asciutto;Asfaltata;Verticale ed orizzontale;Sereno;Scarso;Buona;;0;0;0;6;12.527;41.8716;-1;1;Autovettura privata;In marcia / fermata / arresto;Passeggero;M;Illeso;0;;Non accertato;Inesploso
6053751;9;16/07/2022 23:30:00;Strada Urbana;PIAZZA CESARE CANTU';all'intersezione semaforizzata con;VIA DELLE CAVE;VIA DELLE CAVE;;;Scontro laterale fra veicoli in marcia;Intersezione semaforizzata;Due carreggiate;Asciutto;Asfaltata;Verticale ed orizzontale;Sereno;Scarso;Buona;;0;0;0;6;12.527;41.8716;-1;2;Autovettura privata;In marcia / fermata / arresto;Conducente;M;Illeso;0;;Non accertato;Esploso
6053751;9;16/07/2022 23:30:00;Strada Urbana;PIAZZA CESARE CANTU';all'intersezione semaforizzata con;VIA DELLE CAVE;VIA DELLE CAVE;;;Scontro laterale fra veicoli in marcia;Intersezione semaforizzata;Due carreggiate;Asciutto;Asfaltata;Verticale ed orizzontale;Sereno;Scarso;Buona;;0;0;0;6;12.527;41.8716;-1;2;Autovettura privata;In marcia / fermata / arresto;Passeggero;F;Illeso;0;;Non accertato;Inesploso
6053751;9;16/07/2022 23:30:00;Strada Urbana;PIAZZA CESARE CANTU';all'intersezione semaforizzata con;VIA DELLE CAVE;VIA DELLE CAVE;;;Scontro laterale fra veicoli in marcia;Intersezione semaforizzata;Due carreggiate;Asciutto;Asfaltata;Verticale ed orizzontale;Sereno;Scarso;Buona;;0;0;0;6;12.527;41.8716;-1;2;Autovettura privata;In marcia / fermata / arresto;Passeggero;F;Illeso;0;;Non accertato;Inesploso
6053751;9;16/07/2022 23:30:00;Strada Urbana;PIAZZA CESARE CANTU';all'intersezione semaforizzata con;VIA DELLE CAVE;VIA DELLE CAVE;;;Scontro laterale fra veicoli in marcia;Intersezione semaforizzata;Due carreggiate;Asciutto;Asfaltata;Verticale ed orizzontale;Sereno;Scarso;Buona;;0;0;0;6;12.527;41.8716;-1;2;Autovettura privata;In marcia / fermata / arresto;Passeggero;F;Illeso;0;;Non accertato;Inesploso
6053758;9;17/07/2022 03:20:00;Strada Urbana;VIA DI PORTA FURBA;in corrispondenza;;del civico n.;4;;Veicolo in marcia contro veicoli in sosta;Rettilineo;Una carreggiata a doppio senso;Asciutto;Asfaltata;Verticale ed orizzontale;Sereno;Scarso;Sufficiente;;0;0;0;1;12.5385;41.8693;-1;1;Autovettura privata;In marcia / fermata / arresto;Conducente;M;Illeso;0;;Non accertato;Inesploso
6053758;9;17/07/2022 03:20:00;Strada Urbana;VIA DI PORTA FURBA;in corrispondenza;;del civico n.;4;;Veicolo in marcia contro veicoli in sosta;Rettilineo;Una carreggiata a doppio senso;Asciutto;Asfaltata;Verticale ed orizzontale;Sereno;Scarso;Sufficiente;;0;0;0;1;12.5385;41.8693;-1;2;Autovettura privata;Sosta;;;;;;;
6053758;9;17/07/2022 03:20:00;Strada Urbana;VIA DI PORTA FURBA;in corrispondenza;;del civico n.;4;;Veicolo in marcia contro veicoli in sosta;Rettilineo;Una carreggiata a doppio senso;Asciutto;Asfaltata;Verticale ed orizzontale;Sereno;Scarso;Sufficiente;;0;0;0;1;12.5385;41.8693;-1;3;Autovettura privata;Sosta;;;;;;;
6053763;6;16/07/2022 22:30:00;Strada Urbana;VIALE PALMIRO TOGLIATTI;in prossimit�;;del civico n.;162;;Veicolo in marcia contro veicoli in sosta;Rettilineo;Due carreggiate;Asciutto;Asfaltata;Verticale ed orizzontale;Sereno;Scarso;Sufficiente;;0;0;0;0;12.5705;41.8597;-1;1;Autoarticolato;Allontanatosi;;;;;;;
6053763;6;16/07/2022 22:30:00;Strada Urbana;VIALE PALMIRO TOGLIATTI;in prossimit�;;del civico n.;162;;Veicolo in marcia contro veicoli in sosta;Rettilineo;Due carreggiate;Asciutto;Asfaltata;Verticale ed orizzontale;Sereno;Scarso;Sufficiente;;0;0;0;0;12.5705;41.8597;-1;2;Autovettura privata;Sosta;;;;;;;
6053763;6;16/07/2022 22:30:00;Strada Urbana;VIALE PALMIRO TOGLIATTI;in prossimit�;;del civico n.;162;;Veicolo in marcia contro veicoli in sosta;Rettilineo;Due carreggiate;Asciutto;Asfaltata;Verticale ed orizzontale;Sereno;Scarso;Sufficiente;;0;0;0;0;12.5705;41.8597;-1;3;Autovettura privata;Sosta;;;;;;;
6053763;6;16/07/2022 22:30:00;Strada Urbana;VIALE PALMIRO TOGLIATTI;in prossimit�;;del civico n.;162;;Veicolo in marcia contro veicoli in sosta;Rettilineo;Due carreggiate;Asciutto;Asfaltata;Verticale ed orizzontale;Sereno;Scarso;Sufficiente;;0;0;0;0;12.5705;41.8597;-1;4;Autovettura privata;Sosta;;;;;;;
6053769;19;16/07/2022 16:55:00;Strada Urbana;VIA DELLA PINETA SACCHETTI;in prossimit�;;del civico n.;229d;;Veicolo in marcia contro veicolo fermo;Rettilineo;Due carreggiate;Asciutto;Asfaltata;Verticale ed orizzontale;Sereno;Scarso;Buona;;0;0;0;2;12.4248;41.929;-1;1;Autovettura privata;In marcia / fermata / arresto;Conducente;F;Illeso;0;;;
6053769;19;16/07/2022 16:55:00;Strada Urbana;VIA DELLA PINETA SACCHETTI;in prossimit�;;del civico n.;229d;;Veicolo in marcia contro veicolo fermo;Rettilineo;Due carreggiate;Asciutto;Asfaltata;Verticale ed orizzontale;Sereno;Scarso;Buona;;0;0;0;2;12.4248;41.929;-1;2;Autocarro inferiore 35 q.;In marcia / fermata / arresto;Conducente;F;Illeso;0;;;
6053774;19;16/07/2022 12:00:00;Strada Urbana;VIA DELLA BALDUINA;in prossimit�;;del civico n.;112 b;;Veicolo in marcia contro veicoli in sosta;Rettilineo;Una carreggiata a doppio senso;Asciutto;Asfaltata;Orizzontale;Sereno;Scarso;Buona;;0;0;0;1;12.4411;41.9203;-1;1;Autovettura privata;Sosta;;;;;;;
6053774;19;16/07/2022 12:00:00;Strada Urbana;VIA DELLA BALDUINA;in prossimit�;;del civico n.;112 b;;Veicolo in marcia contro veicoli in sosta;Rettilineo;Una carreggiata a doppio senso;Asciutto;Asfaltata;Orizzontale;Sereno;Scarso;Buona;;0;0;0;1;12.4411;41.9203;-1;2;Autovettura privata;In marcia / fermata / arresto;Conducente;F;Illeso;0;;;
6053780;18;17/07/2022 10:10:00;Strada Urbana;VIA BALDO DEGLI UBALDI;in corrispondenza;;del civico n.;115;;Investimento di pedone;Pendenza;Due carreggiate;Asciutto;Asfaltata;Verticale ed orizzontale;Sereno;Normale;Buona;;1;0;0;0;12.4339;41.8992;0;;;;Pedone;F;Rimandato;0;NON DECEDUTO;;
6053784;19;16/07/2022 19:00:00;Strada Urbana;VIA COGOLETO;in prossimit�;;del civico n.;135 b;;Scontro laterale fra veicoli in marcia;Curva a visuale libera;Una carreggiata a doppio senso;Asciutto;Asfaltata;Orizzontale;Sereno;Scarso;Buona;;0;0;0;3;12.4232;41.9269;-1;1;Autovettura privata;In marcia / fermata / arresto;Conducente;F;Illeso;0;;;
6053784;19;16/07/2022 19:00:00;Strada Urbana;VIA COGOLETO;in prossimit�;;del civico n.;135 b;;Scontro laterale fra veicoli in marcia;Curva a visuale libera;Una carreggiata a doppio senso;Asciutto;Asfaltata;Orizzontale;Sereno;Scarso;Buona;;0;0;0;3;12.4232;41.9269;-1;1;Autovettura privata;In marcia / fermata / arresto;Passeggero;M;Illeso;0;;;
6053784;19;16/07/2022 19:00:00;Strada Urbana;VIA COGOLETO;in prossimit�;;del civico n.;135 b;;Scontro laterale fra veicoli in marcia;Curva a visuale libera;Una carreggiata a doppio senso;Asciutto;Asfaltata;Orizzontale;Sereno;Scarso;Buona;;0;0;0;3;12.4232;41.9269;-1;2;Motociclo a solo;In marcia / fermata / arresto;Conducente;M;Illeso;0;;;
6053793;19;16/07/2022 21:50:00;Strada Urbana;LARGO ANDREA BARBAZZA;in corrispondenza;;del civico n.;25;;Veicolo in marcia contro veicolo in sosta;Rettilineo;Una carreggiata a senso unico di marcia;Asciutto;Asfaltata;Assente;Sereno;Scarso;Buona;;0;0;0;1;12.4121;41.9203;-1;1;Autovettura privata;Sosta;;;;;;;
6053793;19;16/07/2022 21:50:00;Strada Urbana;LARGO ANDREA BARBAZZA;in corrispondenza;;del civico n.;25;;Veicolo in marcia contro veicolo in sosta;Rettilineo;Una carreggiata a senso unico di marcia;Asciutto;Asfaltata;Assente;Sereno;Scarso;Buona;;0;0;0;1;12.4121;41.9203;-1;2;Motociclo a solo;In marcia / fermata / arresto;Conducente;M;Illeso;0;;;
6053795;7;17/07/2022 05:30:00;Strada Urbana;VIA FRANCESCO VITALINI;all'intersezione con;VIA VALERICO LACCETTI;VIA VALERICO LACCETTI;;;Scontro frontale/laterale DX fra veicoli in marcia;Incrocio;Una carreggiata a senso unico di marcia;Asciutto;Asfaltata;Orizzontale;Sereno;Scarso;Buona;;0;0;0;2;12.6123;41.9087;-1;1;Autovettura privata;In marcia / fermata / arresto;Conducente;M;Illeso;0;;Non accertato;Inesploso
6053795;7;17/07/2022 05:30:00;Strada Urbana;VIA FRANCESCO VITALINI;all'intersezione con;VIA VALERICO LACCETTI;VIA VALERICO LACCETTI;;;Scontro frontale/laterale DX fra veicoli in marcia;Incrocio;Una carreggiata a senso unico di marcia;Asciutto;Asfaltata;Orizzontale;Sereno;Scarso;Buona;;0;0;0;2;12.6123;41.9087;-1;2;Autovettura privata;In marcia / fermata / arresto;Conducente;F;Illeso;0;;Non accertato;Inesploso
6053827;7;17/07/2022 08:30:00;Strada Urbana;VIALE FRANCO ANGELI;in prossimit�;;del civico n.;13;;Veicolo in marcia contro veicolo in sosta;Rettilineo;Una carreggiata a senso unico di marcia;Asciutto;Asfaltata;Verticale ed orizzontale;Sereno;Scarso;Buona;;0;0;0;1;12.5772;41.8961;-1;1;Autovettura privata;In marcia / fermata / arresto;Conducente;M;Illeso;0;;Non accertato;Inesploso
6053827;7;17/07/2022 08:30:00;Strada Urbana;VIALE FRANCO ANGELI;in prossimit�;;del civico n.;13;;Veicolo in marcia contro veicolo in sosta;Rettilineo;Una carreggiata a senso unico di marcia;Asciutto;Asfaltata;Verticale ed orizzontale;Sereno;Scarso;Buona;;0;0;0;1;12.5772;41.8961;-1;2;Autovettura privata;Sosta;;;;;;;
6053851;20;16/07/2022 06:10:00;Strada Urbana;VIA CASSIA NUOVA;in corrispondenza;;del palo luce n.;2;;Tamponamento;Rettilineo;Due carreggiate;Asciutto;Asfaltata;Orizzontale;Sereno;Scarso;Buona;;1;0;0;1;12.4638;41.9545;-1;1;Autobus di linea;In marcia / fermata / arresto;Conducente;M;Illeso;0;;;
6053851;20;16/07/2022 06:10:00;Strada Urbana;VIA CASSIA NUOVA;in corrispondenza;;del palo luce n.;2;;Tamponamento;Rettilineo;Due carreggiate;Asciutto;Asfaltata;Orizzontale;Sereno;Scarso;Buona;;1;0;0;1;12.4638;41.9545;-1;2;Autovettura privata;In marcia / fermata / arresto;Conducente;M;Rimandato;0;NON DECEDUTO;;
6053865;20;16/07/2022 15:00:00;Strada Urbana;LUNGOTEVERE MARESCIALLO CADORNA;da specificare;;;;FRONTE LARGO DE BOSIS;Scontro laterale fra veicoli in marcia;Rettilineo;Due carreggiate;Asciutto;Asfaltata;Verticale ed orizzontale;Sereno;Normale;Buona;;0;0;0;5;12.4582;41.9279;-1;1;Autovettura privata;In marcia / fermata / arresto;Conducente;M;Illeso;0;;;
6053865;20;16/07/2022 15:00:00;Strada Urbana;LUNGOTEVERE MARESCIALLO CADORNA;da specificare;;;;FRONTE LARGO DE BOSIS;Scontro laterale fra veicoli in marcia;Rettilineo;Due carreggiate;Asciutto;Asfaltata;Verticale ed orizzontale;Sereno;Normale;Buona;;0;0;0;5;12.4582;41.9279;-1;1;Autovettura privata;In marcia / fermata / arresto;Passeggero;F;Illeso;0;;;
6053865;20;16/07/2022 15:00:00;Strada Urbana;LUNGOTEVERE MARESCIALLO CADORNA;da specificare;;;;FRONTE LARGO DE BOSIS;Scontro laterale fra veicoli in marcia;Rettilineo;Due carreggiate;Asciutto;Asfaltata;Verticale ed orizzontale;Sereno;Normale;Buona;;0;0;0;5;12.4582;41.9279;-1;1;Autovettura privata;In marcia / fermata / arresto;Passeggero;M;Illeso;0;;;
6053865;20;16/07/2022 15:00:00;Strada Urbana;LUNGOTEVERE MARESCIALLO CADORNA;da specificare;;;;FRONTE LARGO DE BOSIS;Scontro laterale fra veicoli in marcia;Rettilineo;Due carreggiate;Asciutto;Asfaltata;Verticale ed orizzontale;Sereno;Normale;Buona;;0;0;0;5;12.4582;41.9279;-1;2;Autovettura privata;In marcia / fermata / arresto;Conducente;M;Illeso;0;;;
6053865;20;16/07/2022 15:00:00;Strada Urbana;LUNGOTEVERE MARESCIALLO CADORNA;da specificare;;;;FRONTE LARGO DE BOSIS;Scontro laterale fra veicoli in marcia;Rettilineo;Due carreggiate;Asciutto;Asfaltata;Verticale ed orizzontale;Sereno;Normale;Buona;;0;0;0;5;12.4582;41.9279;-1;2;Autovettura privata;In marcia / fermata / arresto;Passeggero;M;Illeso;0;;;
6053884;20;16/07/2022 16:10:00;Strada Urbana;VIA DI VIGNA STELLUTI;da specificare;;;;FRONTE CIV. 8;Scontro frontale/laterale SX fra veicoli in marcia;Rettilineo;Una carreggiata a doppio senso;Asciutto;Asfaltata;Orizzontale;Sereno;Scarso;Buona;;0;0;0;3;12.4662;41.9476;-1;1;Autovettura privata;In marcia / fermata / arresto;Conducente;F;Illeso;0;;Non accertato;Inesploso
6053884;20;16/07/2022 16:10:00;Strada Urbana;VIA DI VIGNA STELLUTI;da specificare;;;;FRONTE CIV. 8;Scontro frontale/laterale SX fra veicoli in marcia;Rettilineo;Una carreggiata a doppio senso;Asciutto;Asfaltata;Orizzontale;Sereno;Scarso;Buona;;0;0;0;3;12.4662;41.9476;-1;1;Autovettura privata;In marcia / fermata / arresto;Passeggero;M;Illeso;0;;;
6053884;20;16/07/2022 16:10:00;Strada Urbana;VIA DI VIGNA STELLUTI;da specificare;;;;FRONTE CIV. 8;Scontro frontale/laterale SX fra veicoli in marcia;Rettilineo;Una carreggiata a doppio senso;Asciutto;Asfaltata;Orizzontale;Sereno;Scarso;Buona;;0;0;0;3;12.4662;41.9476;-1;2;Motociclo a solo;In marcia / fermata / arresto;Conducente;M;Illeso;0;;Non accertato;
6053886;8;16/07/2022 13:15:00;Strada Urbana;VIA GIARRATANA;in corrispondenza;;del civico n.;126;;Veicolo in marcia contro veicolo in sosta;Rettilineo;Una carreggiata a senso unico di marcia;Asciutto;Asfaltata;Verticale ed orizzontale;Sereno;Normale;Buona;;0;0;0;1;12.6543;41.8691;-1;1;Autovettura privata;Sosta;;;;;;;
6053886;8;16/07/2022 13:15:00;Strada Urbana;VIA GIARRATANA;in corrispondenza;;del civico n.;126;;Veicolo in marcia contro veicolo in sosta;Rettilineo;Una carreggiata a senso unico di marcia;Asciutto;Asfaltata;Verticale ed orizzontale;Sereno;Normale;Buona;;0;0;0;1;12.6543;41.8691;-1;2;Autovettura privata;In marcia / fermata / arresto;Conducente;M;Illeso;0;;;
6053895;20;16/07/2022 19:00:00;Strada Urbana;VIA GIOVANNI PALATUCCI;all'intersezione con;VIA DELLA STAZIONE DI CESANO;VIA DELLA STAZIONE DI CESANO;;;Scontro laterale fra veicoli in marcia;Intersezione stradale segnalata;Una carreggiata a doppio senso;Asciutto;Asfaltata;Orizzontale;Sereno;Normale;Buona;;0;0;0;5;12.3335;42.0649;-1;1;Autovettura privata;In marcia / fermata / arresto;Conducente;M;Illeso;0;;Non accertato;Inesploso
6053895;20;16/07/2022 19:00:00;Strada Urbana;VIA GIOVANNI PALATUCCI;all'intersezione con;VIA DELLA STAZIONE DI CESANO;VIA DELLA STAZIONE DI CESANO;;;Scontro laterale fra veicoli in marcia;Intersezione stradale segnalata;Una carreggiata a doppio senso;Asciutto;Asfaltata;Orizzontale;Sereno;Normale;Buona;;0;0;0;5;12.3335;42.0649;-1;1;Autovettura privata;In marcia / fermata / arresto;Passeggero;F;Illeso;0;;Non accertato;Inesploso
6053895;20;16/07/2022 19:00:00;Strada Urbana;VIA GIOVANNI PALATUCCI;all'intersezione con;VIA DELLA STAZIONE DI CESANO;VIA DELLA STAZIONE DI CESANO;;;Scontro laterale fra veicoli in marcia;Intersezione stradale segnalata;Una carreggiata a doppio senso;Asciutto;Asfaltata;Orizzontale;Sereno;Normale;Buona;;0;0;0;5;12.3335;42.0649;-1;2;Autovettura privata;In marcia / fermata / arresto;Conducente;M;Illeso;0;;Non accertato;Inesploso
6053895;20;16/07/2022 19:00:00;Strada Urbana;VIA GIOVANNI PALATUCCI;all'intersezione con;VIA DELLA STAZIONE DI CESANO;VIA DELLA STAZIONE DI CESANO;;;Scontro laterale fra veicoli in marcia;Intersezione stradale segnalata;Una carreggiata a doppio senso;Asciutto;Asfaltata;Orizzontale;Sereno;Normale;Buona;;0;0;0;5;12.3335;42.0649;-1;2;Autovettura privata;In marcia / fermata / arresto;Passeggero;F;Illeso;0;;Non accertato;Inesploso
6053895;20;16/07/2022 19:00:00;Strada Urbana;VIA GIOVANNI PALATUCCI;all'intersezione con;VIA DELLA STAZIONE DI CESANO;VIA DELLA STAZIONE DI CESANO;;;Scontro laterale fra veicoli in marcia;Intersezione stradale segnalata;Una carreggiata a doppio senso;Asciutto;Asfaltata;Orizzontale;Sereno;Normale;Buona;;0;0;0;5;12.3335;42.0649;-1;2;Autovettura privata;In marcia / fermata / arresto;Passeggero;F;Illeso;0;;;
6053896;8;16/07/2022 21:50:00;Strada Urbana;VIA MERI;all'intersezione con;VIA SERRA PEDACE;VIA SERRA PEDACE;;;Scontro frontale/laterale DX fra veicoli in marcia;Intersezione stradale segnalata;Una carreggiata a doppio senso;Asciutto;Asfaltata;Verticale ed orizzontale;Sereno;Scarso;Sufficiente;;0;0;0;3;12.6875;41.8682;-1;1;Autovettura privata;In marcia / fermata / arresto;Conducente;F;Illeso;0;;Non accertato;Inesploso
6053896;8;16/07/2022 21:50:00;Strada Urbana;VIA MERI;all'intersezione con;VIA SERRA PEDACE;VIA SERRA PEDACE;;;Scontro frontale/laterale DX fra veicoli in marcia;Intersezione stradale segnalata;Una carreggiata a doppio senso;Asciutto;Asfaltata;Verticale ed orizzontale;Sereno;Scarso;Sufficiente;;0;0;0;3;12.6875;41.8682;-1;2;Autovettura privata;In marcia / fermata / arresto;Conducente;M;Illeso;0;;Non accertato;Inesploso
6053896;8;16/07/2022 21:50:00;Strada Urbana;VIA MERI;all'intersezione con;VIA SERRA PEDACE;VIA SERRA PEDACE;;;Scontro frontale/laterale DX fra veicoli in marcia;Intersezione stradale segnalata;Una carreggiata a doppio senso;Asciutto;Asfaltata;Verticale ed orizzontale;Sereno;Scarso;Sufficiente;;0;0;0;3;12.6875;41.8682;-1;2;Autovettura privata;In marcia / fermata / arresto;Passeggero;M;Illeso;0;;Non accertato;Inesploso
6053915;7;17/07/2022 01:00:00;Strada Urbana;LARGO GIACOMO BRESADOLA;all'intersezione con;VIA VINCENZO CESATI;VIA VINCENZO CESATI;;;Veicolo in marcia contro veicolo in sosta;Incrocio;Due carreggiate;Asciutto;Asfaltata;Assente;Sereno;Scarso;Buona;;0;0;0;0;12.5638;41.8935;-1;2;Autovettura privata;Sosta;;;;;;;
6053919;8;16/07/2022 17:15:00;Strada Urbana;VIA DI PRATOLUNGO CASILINO;all'intersezione con;VIA PRENESTINA;VIA PRENESTINA;;;Scontro laterale fra veicoli in marcia;Incrocio;Una carreggiata a doppio senso;Asciutto;Asfaltata;Verticale;Sereno;Normale;Buona;;0;0;0;2;12.6639;41.8871;-1;1;Autovettura privata;In marcia / fermata / arresto;Conducente;F;Illeso;0;;;
6053919;8;16/07/2022 17:15:00;Strada Urbana;VIA DI PRATOLUNGO CASILINO;all'intersezione con;VIA PRENESTINA;VIA PRENESTINA;;;Scontro laterale fra veicoli in marcia;Incrocio;Una carreggiata a doppio senso;Asciutto;Asfaltata;Verticale;Sereno;Normale;Buona;;0;0;0;2;12.6639;41.8871;-1;1;Autovettura privata;In marcia / fermata / arresto;Passeggero;M;Illeso;0;;;
6053919;8;16/07/2022 17:15:00;Strada Urbana;VIA DI PRATOLUNGO CASILINO;all'intersezione con;VIA PRENESTINA;VIA PRENESTINA;;;Scontro laterale fra veicoli in marcia;Incrocio;Una carreggiata a doppio senso;Asciutto;Asfaltata;Verticale;Sereno;Normale;Buona;;0;0;0;2;12.6639;41.8871;-1;2;Autocarro inferiore 35 q.;Allontanatosi;;;;;;;
6053934;8;17/07/2022 02:30:00;Strada Urbana;VIA DEL FOSSO SCILICINO;in prossimit�;;del civico n.;64;;Veicolo in marcia contro ostacolo fisso;Rettilineo;Una carreggiata a doppio senso;Asciutto;Asfaltata;Verticale ed orizzontale;Sereno;Scarso;Buona;;0;0;0;1;12.6792;41.9016;-1;1;Autovettura privata;In marcia / fermata / arresto;Conducente;M;Illeso;0;;Non accertato;Esploso
6053961;12;16/07/2022 23:00:00;Strada Urbana;VIALE DEL PATTINAGGIO;in corrispondenza;;del civico n.;100;;Ribaltamento senza urto contro ostacolo fisso;Rettilineo;Una carreggiata a senso unico di marcia;Asciutto;Asfaltata;Verticale ed orizzontale;Sereno;Normale;Buona;;0;0;0;1;12.4712;41.8431;-1;1;Autovettura privata;In marcia / fermata / arresto;Conducente;M;Illeso;0;;;
6053965;12;17/07/2022 02:40:00;Strada Urbana;VIA DI ACQUA ACETOSA OSTIENSE;in corrispondenza;;del palo luce n.;70;;Ribaltamento senza urto contro ostacolo fisso;Curva senza visuale libera;Una carreggiata a doppio senso;Asciutto;Asfaltata;Verticale ed orizzontale;Sereno;Scarso;Sufficiente;;0;0;0;1;12.4674;41.8048;-1;1;Autovettura privata;In marcia / fermata / arresto;Conducente;F;Illeso;0;;;
6053991;15;17/07/2022 01:30:00;Strada Urbana;VIA BERNARDO QUARANTA;in prossimit�;;del civico n.;34;;Veicolo in marcia contro veicoli in sosta;Rettilineo;Una carreggiata a doppio senso;Asciutto;Asfaltata;Assente;Sereno;Scarso;Sufficiente;;1;0;0;0;12.3086;41.7654;-1;1;Autovettura privata;In marcia / fermata / arresto;Conducente;F;Rimandato;0;NON DECEDUTO;Non accertato;Inesploso
6053991;15;17/07/2022 01:30:00;Strada Urbana;VIA BERNARDO QUARANTA;in prossimit�;;del civico n.;34;;Veicolo in marcia contro veicoli in sosta;Rettilineo;Una carreggiata a doppio senso;Asciutto;Asfaltata;Assente;Sereno;Scarso;Sufficiente;;1;0;0;0;12.3086;41.7654;-1;2;Autovettura privata;Sosta;;;;;;;
6053991;15;17/07/2022 01:30:00;Strada Urbana;VIA BERNARDO QUARANTA;in prossimit�;;del civico n.;34;;Veicolo in marcia contro veicoli in sosta;Rettilineo;Una carreggiata a doppio senso;Asciutto;Asfaltata;Assente;Sereno;Scarso;Sufficiente;;1;0;0;0;12.3086;41.7654;-1;3;Autovettura privata;Sosta;;;;;;;
6054036;12;16/07/2022 20:00:00;Strada Urbana;VIALE EGEO;in corrispondenza;;del civico n.;14;;Fuoriuscita dalla sede stradale;Curva a visuale libera;Una carreggiata a senso unico di marcia;Asciutto;Asfaltata;Verticale ed orizzontale;Sereno;Scarso;Buona;;0;1;0;0;12.4616;41.8359;-1;1;Motociclo a solo;In marcia / fermata / arresto;Conducente;M;Prognosi riservata;0;NON DECEDUTO;Utilizzato;
6054135;8;15/07/2022 12:15:00;Strada Urbana;VIA RAFFAELE DE FERRARI;in corrispondenza;;del civico n.;88;;Veicolo in marcia contro veicoli in sosta;Rettilineo;Una carreggiata a doppio senso;Asciutto;Asfaltata;Verticale ed orizzontale;Sereno;Scarso;Buona;;0;0;0;0;12.6506;41.8637;-1;1;Autocarro inferiore 35 q.;In marcia / fermata / arresto;;;;;;;
6054135;8;15/07/2022 12:15:00;Strada Urbana;VIA RAFFAELE DE FERRARI;in corrispondenza;;del civico n.;88;;Veicolo in marcia contro veicoli in sosta;Rettilineo;Una carreggiata a doppio senso;Asciutto;Asfaltata;Verticale ed orizzontale;Sereno;Scarso;Buona;;0;0;0;0;12.6506;41.8637;-1;2;Autovettura privata;Sosta;;;;;;;
6054135;8;15/07/2022 12:15:00;Strada Urbana;VIA RAFFAELE DE FERRARI;in corrispondenza;;del civico n.;88;;Veicolo in marcia contro veicoli in sosta;Rettilineo;Una carreggiata a doppio senso;Asciutto;Asfaltata;Verticale ed orizzontale;Sereno;Scarso;Buona;;0;0;0;0;12.6506;41.8637;-1;3;Autovettura privata;Sosta;;;;;;;
6054159;12;17/07/2022 19:15:00;Provinciale entro l'abitato;VIA PONTINA;da specificare;;;;per via di Vallerano;Infortunio per caduta del veicolo;Rettilineo;Una carreggiata a doppio senso;Asciutto;Asfaltata;Verticale ed orizzontale;Sereno;Normale;Buona;;1;0;0;0;12.4509;41.7884;-1;1;Motociclo con passeggero;In marcia / fermata / arresto;Conducente;M;Rimandato;0;NON DECEDUTO;;
6054164;12;17/07/2022 18:15:00;Strada Urbana;VIALE BEETHOVEN;da specificare;;;;PER VIALE DELL'ASTRONOMIA ;Scontro frontale/laterale DX fra veicoli in marcia;Pendenza;Una carreggiata a doppio senso;Asciutto;Asfaltata;Verticale ed orizzontale;Sereno;Normale;Buona;;1;0;0;2;12.4669;41.8333;-1;1;Autovettura privata;In marcia / fermata / arresto;Conducente;F;Illeso;0;;Non accertato;
6054164;12;17/07/2022 18:15:00;Strada Urbana;VIALE BEETHOVEN;da specificare;;;;PER VIALE DELL'ASTRONOMIA ;Scontro frontale/laterale DX fra veicoli in marcia;Pendenza;Una carreggiata a doppio senso;Asciutto;Asfaltata;Verticale ed orizzontale;Sereno;Normale;Buona;;1;0;0;2;12.4669;41.8333;-1;1;Autovettura privata;In marcia / fermata / arresto;Passeggero;F;Rimandato;0;NON DECEDUTO;Non accertato;Inesploso
6054164;12;17/07/2022 18:15:00;Strada Urbana;VIALE BEETHOVEN;da specificare;;;;PER VIALE DELL'ASTRONOMIA ;Scontro frontale/laterale DX fra veicoli in marcia;Pendenza;Una carreggiata a doppio senso;Asciutto;Asfaltata;Verticale ed orizzontale;Sereno;Normale;Buona;;1;0;0;2;12.4669;41.8333;-1;2;Autovettura privata;In marcia / fermata / arresto;Conducente;M;Illeso;0;;Utilizzato;Inesploso
6054180;12;17/07/2022 16:00:00;Strada Urbana;VIA CRISTOFORO COLOMBO;da specificare;;;;prox km 16,000 dir. Roma Centro  ;Scontro laterale fra veicoli in marcia;Rettilineo;Una carreggiata a senso unico di marcia;Asciutto;Asfaltata;Verticale ed orizzontale;Sereno;Scarso;Buona;;0;0;0;3;12.4115;41.7858;-1;1;Autovettura privata;In marcia / fermata / arresto;Conducente;F;Illeso;0;;Non accertato;Inesploso