Protocollo;Gruppo;DataOraIncidente;Localizzazione1;STRADA1;Localizzazione2;STRADA2;Strada02;Chilometrica;DaSpecificare;NaturaIncidente;particolaritastrade;TipoStrada;FondoStradale;Pavimentazione;Segnaletica;CondizioneAtmosferica;Traffico;Visibilita;Illuminazione;NUM_FERITI;NUM_RISERVATA;NUM_MORTI;NUM_ILLESI;Longitude;Latitude;Confermato;Progressivo;TipoVeicolo;StatoVeicolo;TipoPersona;Sesso;Tipolesione;Deceduto;DecedutoDopo;CinturaCascoUtilizzato;Airbag;
6054180;12;17/07/2022 16:00:00;Strada Urbana;VIA CRISTOFORO COLOMBO;da specificare;;;;prox km 16,000 dir. Roma Centro  ;Scontro laterale fra veicoli in marcia;Rettilineo;Una carreggiata a senso unico di marcia;Asciutto;Asfaltata;Verticale ed orizzontale;Sereno;Scarso;Buona;;0;0;0;3;12.4115;41.7858;-1;1;Autovettura privata;In marcia / fermata / arresto;Passeggero;M;Illeso;0;;;
6054180;12;17/07/2022 16:00:00;Strada Urbana;VIA CRISTOFORO COLOMBO;da specificare;;;;prox km 16,000 dir. Roma Centro  ;Scontro laterale fra veicoli in marcia;Rettilineo;Una carreggiata a senso unico di marcia;Asciutto;Asfaltata;Verticale ed orizzontale;Sereno;Scarso;Buona;;0;0;0;3;12.4115;41.7858;-1;2;Autovettura privata;In marcia / fermata / arresto;Conducente;M;Illeso;0;;Non accertato;Inesploso
6054397;1;18/07/2022 00:15:00;Strada Urbana;LUNGOTEVERE DELLA FARNESINA;da specificare;;;;altezza parcometro n. 50060;Scontro laterale fra veicoli in marcia;Rettilineo;Una carreggiata a senso unico di marcia;Asciutto;Asfaltata;Orizzontale;Sereno;Scarso;Sufficiente;;0;0;0;3;12.4677;41.8939;-1;1;Autovettura privata;In marcia / fermata / arresto;Conducente;M;Illeso;0;;Non accertato;Inesploso
6054397;1;18/07/2022 00:15:00;Strada Urbana;LUNGOTEVERE DELLA FARNESINA;da specificare;;;;altezza parcometro n. 50060;Scontro laterale fra veicoli in marcia;Rettilineo;Una carreggiata a senso unico di marcia;Asciutto;Asfaltata;Orizzontale;Sereno;Scarso;Sufficiente;;0;0;0;3;12.4677;41.8939;-1;1;Autovettura privata;In marcia / fermata / arresto;Passeggero;F;Illeso;0;;Non accertato;Inesploso
6054397;1;18/07/2022 00:15:00;Strada Urbana;LUNGOTEVERE DELLA FARNESINA;da specificare;;;;altezza parcometro n. 50060;Scontro laterale fra veicoli in marcia;Rettilineo;Una carreggiata a senso unico di marcia;Asciutto;Asfaltata;Orizzontale;Sereno;Scarso;Sufficiente;;0;0;0;3;12.4677;41.8939;-1;2;Autovettura privata;In marcia / fermata / arresto;Conducente;F;Illeso;0;;Non accertato;
6054407;15;17/07/2022 16:00:00;Strada Urbana;VIA GIOVANNI VOLPATO;in prossimit�;;del civico n.;35;;Veicolo in marcia contro veicolo in sosta;Rettilineo;Due carreggiate;Asciutto;Asfaltata;Verticale ed orizzontale;Sereno;Normale;Buona;;1;0;0;0;12.4677;41.8712;-1;1;Autovettura privata;In marcia / fermata / arresto;Conducente;M;Rimandato;0;NON DECEDUTO;Non accertato;Inesploso
6054407;15;17/07/2022 16:00:00;Strada Urbana;VIA GIOVANNI VOLPATO;in prossimit�;;del civico n.;35;;Veicolo in marcia contro veicolo in sosta;Rettilineo;Due carreggiate;Asciutto;Asfaltata;Verticale ed orizzontale;Sereno;Normale;Buona;;1;0;0;0;12.4677;41.8712;-1;2;Autovettura privata;Sosta;;;;;;;
6054421;9;17/07/2022 14:40:00;Strada Urbana;PIAZZA DEI RE DI ROMA;da specificare;;;;prox civ. 81;Investimento di pedone;Rotatoria;Una carreggiata a senso unico di marcia;Asciutto;Asfaltata;Verticale ed orizzontale;Sereno;Scarso;Buona;;1;0;0;1;12.5148;41.8815;-1;;;;Pedone;F;Rimandato;0;NON DECEDUTO;;
6054421;9;17/07/2022 14:40:00;Strada Urbana;PIAZZA DEI RE DI ROMA;da specificare;;;;prox civ. 81;Investimento di pedone;Rotatoria;Una carreggiata a senso unico di marcia;Asciutto;Asfaltata;Verticale ed orizzontale;Sereno;Scarso;Buona;;1;0;0;1;12.5148;41.8815;-1;1;Motociclo a solo;In marcia / fermata / arresto;Conducente;F;Illeso;0;;Non accertato;
6054432;20;17/07/2022 16:30:00;Strada Urbana;LARGO FEDERICO FELLINI;all'intersezione semaforizzata con;PONTE DUCA D'AOSTA;PONTE DUCA D'AOSTA;;;Scontro frontale/laterale SX fra veicoli in marcia;Intersezione semaforizzata;Due carreggiate;Asciutto;Asfaltata;Verticale ed orizzontale;Sereno;Normale;Buona;;0;0;0;4;12.4884;41.9093;-1;1;Autovettura privata;In marcia / fermata / arresto;Conducente;M;Illeso;0;;;
6054432;20;17/07/2022 16:30:00;Strada Urbana;LARGO FEDERICO FELLINI;all'intersezione semaforizzata con;PONTE DUCA D'AOSTA;PONTE DUCA D'AOSTA;;;Scontro frontale/laterale SX fra veicoli in marcia;Intersezione semaforizzata;Due carreggiate;Asciutto;Asfaltata;Verticale ed orizzontale;Sereno;Normale;Buona;;0;0;0;4;12.4884;41.9093;-1;1;Autovettura privata;In marcia / fermata / arresto;Passeggero;F;Illeso;0;;;
6054432;20;17/07/2022 16:30:00;Strada Urbana;LARGO FEDERICO FELLINI;all'intersezione semaforizzata con;PONTE DUCA D'AOSTA;PONTE DUCA D'AOSTA;;;Scontro frontale/laterale SX fra veicoli in marcia;Intersezione semaforizzata;Due carreggiate;Asciutto;Asfaltata;Verticale ed orizzontale;Sereno;Normale;Buona;;0;0;0;4;12.4884;41.9093;-1;1;Autovettura privata;In marcia / fermata / arresto;Passeggero;M;Illeso;0;;;
6054432;20;17/07/2022 16:30:00;Strada Urbana;LARGO FEDERICO FELLINI;all'intersezione semaforizzata con;PONTE DUCA D'AOSTA;PONTE DUCA D'AOSTA;;;Scontro frontale/laterale SX fra veicoli in marcia;Intersezione semaforizzata;Due carreggiate;Asciutto;Asfaltata;Verticale ed orizzontale;Sereno;Normale;Buona;;0;0;0;4;12.4884;41.9093;-1;2;Motociclo a solo;In marcia / fermata / arresto;Conducente;M;Illeso;0;;;
6054445;11;16/07/2022 06:00:00;Strada Urbana;VIA DI TOR CARBONE;in corrispondenza;;del palo luce n.;20;;Veicolo in marcia contro ostacolo fisso;Rettilineo;Una carreggiata a doppio senso;Asciutto;Asfaltata;Verticale ed orizzontale;Sereno;Scarso;Buona;;0;0;0;1;12.5348;41.8324;-1;1;Autovettura privata;In marcia / fermata / arresto;Conducente;F;Illeso;0;;;
6054446;20;17/07/2022 11:00:00;Strada Urbana;LARGO FERRARIS IV;da specificare;;;;in pros.t� .le Stadio Olimpico;Veicolo in marcia contro ostacolo fisso;Curva a visuale libera;Pi� di due carreggiate;Asciutto;Asfaltata;Verticale ed orizzontale;Sereno;Normale;Buona;;1;0;0;0;12.4549;41.9359;-1;1;Autovettura privata;In marcia / fermata / arresto;Conducente;M;Rimandato;0;NON DECEDUTO;;
6054453;11;16/07/2022 20:00:00;Strada Urbana;VIA ALESSIO BALDOVINETTI;all'intersezione semaforizzata con;VIALE DEL TINTORETTO;VIALE DEL TINTORETTO;;;Scontro laterale fra veicoli in marcia;Intersezione semaforizzata;Due carreggiate;Asciutto;Asfaltata;Verticale ed orizzontale;Sereno;Scarso;Buona;;1;0;0;1;12.4948;41.8333;-1;1;Autovettura privata;In marcia / fermata / arresto;Conducente;M;Rimandato;0;NON DECEDUTO;;
6054453;11;16/07/2022 20:00:00;Strada Urbana;VIA ALESSIO BALDOVINETTI;all'intersezione semaforizzata con;VIALE DEL TINTORETTO;VIALE DEL TINTORETTO;;;Scontro laterale fra veicoli in marcia;Intersezione semaforizzata;Due carreggiate;Asciutto;Asfaltata;Verticale ed orizzontale;Sereno;Scarso;Buona;;1;0;0;1;12.4948;41.8333;-1;2;Autocarro inferiore 35 q.;In marcia / fermata / arresto;Conducente;M;Illeso;0;;;
6054468;20;17/07/2022 20:15:00;Regionale entro l'abitato;VIA CASSIA;in prossimit�;;del civico n.;902;;Investimento di pedone;Rettilineo;Una carreggiata a doppio senso;Asciutto;Asfaltata;Verticale ed orizzontale;Sereno;Normale;Sufficiente;;1;0;0;0;;;0;;;;Pedone;M;Rimandato;0;NON DECEDUTO;;
6054468;20;17/07/2022 20:15:00;Regionale entro l'abitato;VIA CASSIA;in prossimit�;;del civico n.;902;;Investimento di pedone;Rettilineo;Una carreggiata a doppio senso;Asciutto;Asfaltata;Verticale ed orizzontale;Sereno;Normale;Sufficiente;;1;0;0;0;;;0;1;Autovettura privata;Allontanatosi;;;;;;;
6054475;6;17/07/2022 20:10:00;Strada Urbana;VIA CASILINA;in corrispondenza;;del civico n.;361;;Veicolo in marcia contro veicolo in sosta;Rettilineo;Pi� di due carreggiate;Asciutto;Asfaltata;Verticale ed orizzontale;Sereno;Normale;Buona;;0;0;0;1;12.5374;41.8821;-1;1;Motociclo a solo;In marcia / fermata / arresto;Conducente;M;Illeso;0;;Non accertato;
6054475;6;17/07/2022 20:10:00;Strada Urbana;VIA CASILINA;in corrispondenza;;del civico n.;361;;Veicolo in marcia contro veicolo in sosta;Rettilineo;Pi� di due carreggiate;Asciutto;Asfaltata;Verticale ed orizzontale;Sereno;Normale;Buona;;0;0;0;1;12.5374;41.8821;-1;2;Autovettura privata;Sosta;;;;;;;
6054481;11;17/07/2022 11:30:00;Strada Urbana;VIA DI VIGNA MURATA;da specificare;;;;in prossimit� di Via Grotte d'Arcaccio;Veicolo in marcia contro ostacolo fisso;Curva a visuale libera;Due carreggiate;Asciutto;Asfaltata;Verticale ed orizzontale;Sereno;Scarso;Buona;;0;0;0;1;12.4968;41.8266;-1;1;Autovettura privata;In marcia / fermata / arresto;Conducente;M;Illeso;0;;;
6054482;10;16/07/2022 13:00:00;Strada Urbana;VIA TUSCOLANA;da specificare;;;;fronte al civico 1864 direzione G.R.A.;Veicolo in marcia contro ostacolo accidentale;Rettilineo;Una carreggiata a senso unico di marcia;Asciutto;Asfaltata;Verticale ed orizzontale;Sereno;Normale;Buona;;0;0;0;1;12.5871;41.8406;-1;1;Autovettura privata;In marcia / fermata / arresto;Conducente;F;Illeso;0;;Non accertato;Inesploso
6054486;11;17/07/2022 17:20:00;Strada Urbana;VIA ACCADEMIA DEGLI AGIATI;in corrispondenza;;del civico n.;53;;Scontro frontale/laterale DX fra veicoli in marcia;Rettilineo;Una carreggiata a senso unico di marcia;Asciutto;Asfaltata;Verticale ed orizzontale;Sereno;Normale;Buona;;1;0;0;2;12.4902;41.8509;-1;1;Autovettura privata;In marcia / fermata / arresto;Conducente;M;Illeso;0;;Non accertato;
6054486;11;17/07/2022 17:20:00;Strada Urbana;VIA ACCADEMIA DEGLI AGIATI;in corrispondenza;;del civico n.;53;;Scontro frontale/laterale DX fra veicoli in marcia;Rettilineo;Una carreggiata a senso unico di marcia;Asciutto;Asfaltata;Verticale ed orizzontale;Sereno;Normale;Buona;;1;0;0;2;12.4902;41.8509;-1;1;Autovettura privata;In marcia / fermata / arresto;Passeggero;F;Rimandato;0;NON DECEDUTO;Non accertato;
6054486;11;17/07/2022 17:20:00;Strada Urbana;VIA ACCADEMIA DEGLI AGIATI;in corrispondenza;;del civico n.;53;;Scontro frontale/laterale DX fra veicoli in marcia;Rettilineo;Una carreggiata a senso unico di marcia;Asciutto;Asfaltata;Verticale ed orizzontale;Sereno;Normale;Buona;;1;0;0;2;12.4902;41.8509;-1;2;Autovettura privata;In marcia / fermata / arresto;Conducente;M;Illeso;0;;Non accertato;
6054502;10;17/07/2022 19:05:00;Strada Urbana;VIA ANAGNINA;da specificare;;;;area parcheggio IKEA prox via FATTORIA RAMPA;Scontro frontale/laterale SX fra veicoli in marcia;Rettilineo;Una carreggiata a doppio senso;Asciutto;Asfaltata;Verticale ed orizzontale;Sereno;Normale;Buona;;2;0;0;5;12.5933;41.8351;-1;1;Autovettura privata;In marcia / fermata / arresto;Conducente;F;Rimandato;0;NON DECEDUTO;Non accertato;Inesploso
6054502;10;17/07/2022 19:05:00;Strada Urbana;VIA ANAGNINA;da specificare;;;;area parcheggio IKEA prox via FATTORIA RAMPA;Scontro frontale/laterale SX fra veicoli in marcia;Rettilineo;Una carreggiata a doppio senso;Asciutto;Asfaltata;Verticale ed orizzontale;Sereno;Normale;Buona;;2;0;0;5;12.5933;41.8351;-1;1;Autovettura privata;In marcia / fermata / arresto;Passeggero;F;Rimandato;0;NON DECEDUTO;Non accertato;Inesploso
6054502;10;17/07/2022 19:05:00;Strada Urbana;VIA ANAGNINA;da specificare;;;;area parcheggio IKEA prox via FATTORIA RAMPA;Scontro frontale/laterale SX fra veicoli in marcia;Rettilineo;Una carreggiata a doppio senso;Asciutto;Asfaltata;Verticale ed orizzontale;Sereno;Normale;Buona;;2;0;0;5;12.5933;41.8351;-1;1;Autovettura privata;In marcia / fermata / arresto;Passeggero;M;Illeso;0;;Non accertato;Inesploso
6054502;10;17/07/2022 19:05:00;Strada Urbana;VIA ANAGNINA;da specificare;;;;area parcheggio IKEA prox via FATTORIA RAMPA;Scontro frontale/laterale SX fra veicoli in marcia;Rettilineo;Una carreggiata a doppio senso;Asciutto;Asfaltata;Verticale ed orizzontale;Sereno;Normale;Buona;;2;0;0;5;12.5933;41.8351;-1;2;Autovettura privata;In marcia / fermata / arresto;Conducente;M;Illeso;0;;Non accertato;Inesploso
6054502;10;17/07/2022 19:05:00;Strada Urbana;VIA ANAGNINA;da specificare;;;;area parcheggio IKEA prox via FATTORIA RAMPA;Scontro frontale/laterale SX fra veicoli in marcia;Rettilineo;Una carreggiata a doppio senso;Asciutto;Asfaltata;Verticale ed orizzontale;Sereno;Normale;Buona;;2;0;0;5;12.5933;41.8351;-1;2;Autovettura privata;In marcia / fermata / arresto;Passeggero;F;Illeso;0;;Non accertato;Inesploso
6054502;10;17/07/2022 19:05:00;Strada Urbana;VIA ANAGNINA;da specificare;;;;area parcheggio IKEA prox via FATTORIA RAMPA;Scontro frontale/laterale SX fra veicoli in marcia;Rettilineo;Una carreggiata a doppio senso;Asciutto;Asfaltata;Verticale ed orizzontale;Sereno;Normale;Buona;;2;0;0;5;12.5933;41.8351;-1;2;Autovettura privata;In marcia / fermata / arresto;Passeggero;F;Illeso;0;;Non accertato;Inesploso
6054502;10;17/07/2022 19:05:00;Strada Urbana;VIA ANAGNINA;da specificare;;;;area parcheggio IKEA prox via FATTORIA RAMPA;Scontro frontale/laterale SX fra veicoli in marcia;Rettilineo;Una carreggiata a doppio senso;Asciutto;Asfaltata;Verticale ed orizzontale;Sereno;Normale;Buona;;2;0;0;5;12.5933;41.8351;-1;2;Autovettura privata;In marcia / fermata / arresto;Passeggero;M;Illeso;0;;Non accertato;Inesploso
6054505;1;16/07/2022 10:40:00;Strada Urbana;LUNGOTEVERE TOR DI NONA;all'intersezione con;PONTE UMBERTO I;PONTE UMBERTO I;;;Scontro laterale fra veicoli in marcia;Intersezione semaforizzata;Una carreggiata a senso unico di marcia;Asciutto;Asfaltata;Verticale ed orizzontale;Sereno;Normale;Buona;;1;0;0;1;12.4692;41.9015;0;1;Autocarro inferiore 35 q.;In marcia / fermata / arresto;Conducente;M;Illeso;0;;;
6054505;1;16/07/2022 10:40:00;Strada Urbana;LUNGOTEVERE TOR DI NONA;all'intersezione con;PONTE UMBERTO I;PONTE UMBERTO I;;;Scontro laterale fra veicoli in marcia;Intersezione semaforizzata;Una carreggiata a senso unico di marcia;Asciutto;Asfaltata;Verticale ed orizzontale;Sereno;Normale;Buona;;1;0;0;1;12.4692;41.9015;0;2;Motociclo a solo;In marcia / fermata / arresto;Conducente;M;Rimandato;0;NON DECEDUTO;;
6054512;11;17/07/2022 04:20:00;Strada Urbana;VIA BERTINORO;in prossimit�;;del civico n.;20;;Veicolo in marcia contro veicolo in sosta;Rettilineo;Una carreggiata a senso unico di marcia;Asciutto;Asfaltata;Verticale;Sereno;Scarso;Buona;;0;0;0;1;12.4069;41.7901;-1;1;Autovettura privata;In marcia / fermata / arresto;Conducente;M;Illeso;0;;;
6054512;11;17/07/2022 04:20:00;Strada Urbana;VIA BERTINORO;in prossimit�;;del civico n.;20;;Veicolo in marcia contro veicolo in sosta;Rettilineo;Una carreggiata a senso unico di marcia;Asciutto;Asfaltata;Verticale;Sereno;Scarso;Buona;;0;0;0;1;12.4069;41.7901;-1;2;Autovettura privata;Sosta;;;;;;;
6054514;10;16/07/2022 16:15:00;Strada Urbana;VIA TUSCOLANA;in prossimit�;;del civico n.;1864;;Tamponamento;Rettilineo;Una carreggiata a senso unico di marcia;Asciutto;Asfaltata;Verticale ed orizzontale;Sereno;Normale;Buona;;0;0;0;3;12.587;41.8406;-1;1;Autovettura privata;In marcia / fermata / arresto;Conducente;F;Illeso;0;;Non accertato;Inesploso
6054514;10;16/07/2022 16:15:00;Strada Urbana;VIA TUSCOLANA;in prossimit�;;del civico n.;1864;;Tamponamento;Rettilineo;Una carreggiata a senso unico di marcia;Asciutto;Asfaltata;Verticale ed orizzontale;Sereno;Normale;Buona;;0;0;0;3;12.587;41.8406;-1;2;Autovettura privata;In marcia / fermata / arresto;Conducente;F;Illeso;0;;Non accertato;Inesploso
6054514;10;16/07/2022 16:15:00;Strada Urbana;VIA TUSCOLANA;in prossimit�;;del civico n.;1864;;Tamponamento;Rettilineo;Una carreggiata a senso unico di marcia;Asciutto;Asfaltata;Verticale ed orizzontale;Sereno;Normale;Buona;;0;0;0;3;12.587;41.8406;-1;2;Autovettura privata;In marcia / fermata / arresto;Passeggero;F;Illeso;0;;Non accertato;Inesploso
6054552;10;16/07/2022 23:30:00;Strada Urbana;VIA TUSCOLANA;all'intersezione semaforizzata con;VIA DELL'ARCO DI TRAVERTINO;VIA DELL'ARCO DI TRAVERTINO;;;Tamponamento;Intersezione semaforizzata;Due carreggiate;Asciutto;Asfaltata;Verticale ed orizzontale;Sereno;Normale;Buona;;1;0;0;3;12.5382;41.8691;-1;1;Motociclo a solo;In marcia / fermata / arresto;Conducente;M;Rimandato;0;NON DECEDUTO;Non accertato;
6054552;10;16/07/2022 23:30:00;Strada Urbana;VIA TUSCOLANA;all'intersezione semaforizzata con;VIA DELL'ARCO DI TRAVERTINO;VIA DELL'ARCO DI TRAVERTINO;;;Tamponamento;Intersezione semaforizzata;Due carreggiate;Asciutto;Asfaltata;Verticale ed orizzontale;Sereno;Normale;Buona;;1;0;0;3;12.5382;41.8691;-1;2;Autovettura privata;In marcia / fermata / arresto;Conducente;M;Illeso;0;;Non accertato;Inesploso
6054552;10;16/07/2022 23:30:00;Strada Urbana;VIA TUSCOLANA;all'intersezione semaforizzata con;VIA DELL'ARCO DI TRAVERTINO;VIA DELL'ARCO DI TRAVERTINO;;;Tamponamento;Intersezione semaforizzata;Due carreggiate;Asciutto;Asfaltata;Verticale ed orizzontale;Sereno;Normale;Buona;;1;0;0;3;12.5382;41.8691;-1;2;Autovettura privata;In marcia / fermata / arresto;Passeggero;M;Illeso;0;;Non accertato;Inesploso
6054552;10;16/07/2022 23:30:00;Strada Urbana;VIA TUSCOLANA;all'intersezione semaforizzata con;VIA DELL'ARCO DI TRAVERTINO;VIA DELL'ARCO DI TRAVERTINO;;;Tamponamento;Intersezione semaforizzata;Due carreggiate;Asciutto;Asfaltata;Verticale ed orizzontale;Sereno;Normale;Buona;;1;0;0;3;12.5382;41.8691;-1;2;Autovettura privata;In marcia / fermata / arresto;Passeggero;M;Illeso;0;;Non accertato;Inesploso
6054568;12;18/07/2022 02:00:00;Strada Urbana;VIA DELLE COMETE;in prossimit�;;del palo luce n.;5;;Veicolo in marcia contro ostacolo fisso;Curva a visuale libera;Una carreggiata a doppio senso;Asciutto;Asfaltata;Verticale ed orizzontale;Sereno;Scarso;Buona;;0;0;0;1;12.4523;41.8115;-1;1;Autovettura privata;In marcia / fermata / arresto;Conducente;M;Illeso;0;;Non accertato;Inesistente
6054584;11;17/07/2022;Strada Urbana;VIA MARIO AGENO;in corrispondenza;;del palo luce n.;42;;Veicolo in marcia contro ostacolo fisso;Rettilineo;Una carreggiata a doppio senso;Asciutto;Asfaltata;Assente;Sereno;Scarso;Buona;;0;0;0;0;12.4658;41.8567;-1;1;Autovettura privata;In marcia / fermata / arresto;;;;;;;
6054585;1;17/07/2022 06:00:00;Strada Urbana;PONTE SUBLICIO;all'intersezione semaforizzata con;LUNGOTEVERE TESTACCIO;LUNGOTEVERE TESTACCIO;;;Scontro frontale/laterale SX fra veicoli in marcia;Intersezione semaforizzata;Una carreggiata a doppio senso;Asciutto;Asfaltata;Verticale ed orizzontale;Sereno;Scarso;Buona;;1;0;0;2;12.4757;41.8828;-1;1;Autovettura privata;In marcia / fermata / arresto;Conducente;M;Illeso;0;;;
6054585;1;17/07/2022 06:00:00;Strada Urbana;PONTE SUBLICIO;all'intersezione semaforizzata con;LUNGOTEVERE TESTACCIO;LUNGOTEVERE TESTACCIO;;;Scontro frontale/laterale SX fra veicoli in marcia;Intersezione semaforizzata;Una carreggiata a doppio senso;Asciutto;Asfaltata;Verticale ed orizzontale;Sereno;Scarso;Buona;;1;0;0;2;12.4757;41.8828;-1;1;Autovettura privata;In marcia / fermata / arresto;Passeggero;F;Illeso;0;;;
6054585;1;17/07/2022 06:00:00;Strada Urbana;PONTE SUBLICIO;all'intersezione semaforizzata con;LUNGOTEVERE TESTACCIO;LUNGOTEVERE TESTACCIO;;;Scontro frontale/laterale SX fra veicoli in marcia;Intersezione semaforizzata;Una carreggiata a doppio senso;Asciutto;Asfaltata;Verticale ed orizzontale;Sereno;Scarso;Buona;;1;0;0;2;12.4757;41.8828;-1;2;Autovettura pubblica;In marcia / fermata / arresto;Conducente;M;Rifiuta cure immediate;0;NON DECEDUTO;;
6054625;5;15/07/2022 08:30:00;Strada Urbana;VIA GIULIO VINCENZO BONA;da specificare;;;;prossimit� VIA C. PESENTI;Scontro laterale fra veicoli in marcia;Rettilineo;Una carreggiata a doppio senso;Asciutto;Asfaltata;Orizzontale;Sereno;Normale;Buona;;0;0;0;2;12.5992;41.9292;-1;1;Autovettura privata;In marcia / fermata / arresto;Conducente;M;Illeso;0;;Non accertato;
6054625;5;15/07/2022 08:30:00;Strada Urbana;VIA GIULIO VINCENZO BONA;da specificare;;;;prossimit� VIA C. PESENTI;Scontro laterale fra veicoli in marcia;Rettilineo;Una carreggiata a doppio senso;Asciutto;Asfaltata;Orizzontale;Sereno;Normale;Buona;;0;0;0;2;12.5992;41.9292;-1;2;Autovettura privata;In marcia / fermata / arresto;Conducente;F;Illeso;0;;Non accertato;
6054630;5;15/07/2022 09:00:00;Strada Urbana;LARGO ANTONIO BELTRAMELLI;in corrispondenza;;del civico n.;8;;Veicolo in marcia contro veicolo in sosta;Rettilineo;Una carreggiata a senso unico di marcia;Asciutto;Asfaltata;Verticale ed orizzontale;Sereno;Normale;Buona;;0;0;0;1;12.5379;41.9102;-1;1;Autovettura privata;In marcia / fermata / arresto;Conducente;M;Illeso;0;;Non accertato;
6054630;5;15/07/2022 09:00:00;Strada Urbana;LARGO ANTONIO BELTRAMELLI;in corrispondenza;;del civico n.;8;;Veicolo in marcia contro veicolo in sosta;Rettilineo;Una carreggiata a senso unico di marcia;Asciutto;Asfaltata;Verticale ed orizzontale;Sereno;Normale;Buona;;0;0;0;1;12.5379;41.9102;-1;2;Autovettura privata;Sosta;;;;;;;
6054637;1;17/07/2022 11:35:00;Strada Urbana;VIA DI S. MELANIA;all'intersezione con;VIA DI S. ANSELMO;VIA DI S. ANSELMO;;;Scontro laterale fra veicoli in marcia;Incrocio;Una carreggiata a senso unico di marcia;Asciutto;Asfaltata;Verticale ed orizzontale;Sereno;Scarso;Buona;;0;0;0;5;12.4804;41.8815;0;1;Autovettura privata;In marcia / fermata / arresto;Conducente;M;Illeso;0;;;
6054637;1;17/07/2022 11:35:00;Strada Urbana;VIA DI S. MELANIA;all'intersezione con;VIA DI S. ANSELMO;VIA DI S. ANSELMO;;;Scontro laterale fra veicoli in marcia;Incrocio;Una carreggiata a senso unico di marcia;Asciutto;Asfaltata;Verticale ed orizzontale;Sereno;Scarso;Buona;;0;0;0;5;12.4804;41.8815;0;1;Autovettura privata;In marcia / fermata / arresto;Passeggero;F;Illeso;0;;;
6054637;1;17/07/2022 11:35:00;Strada Urbana;VIA DI S. MELANIA;all'intersezione con;VIA DI S. ANSELMO;VIA DI S. ANSELMO;;;Scontro laterale fra veicoli in marcia;Incrocio;Una carreggiata a senso unico di marcia;Asciutto;Asfaltata;Verticale ed orizzontale;Sereno;Scarso;Buona;;0;0;0;5;12.4804;41.8815;0;2;Autovettura privata;In marcia / fermata / arresto;Conducente;M;Illeso;0;;;
6054637;1;17/07/2022 11:35:00;Strada Urbana;VIA DI S. MELANIA;all'intersezione con;VIA DI S. ANSELMO;VIA DI S. ANSELMO;;;Scontro laterale fra veicoli in marcia;Incrocio;Una carreggiata a senso unico di marcia;Asciutto;Asfaltata;Verticale ed orizzontale;Sereno;Scarso;Buona;;0;0;0;5;12.4804;41.8815;0;2;Autovettura privata;In marcia / fermata / arresto;Passeggero;M;Illeso;0;;;
6054638;5;15/07/2022 10:00:00;Strada Urbana;VIA DI PORTONACCIO;in prossimit�;;del civico n.;106;;Veicolo in marcia contro veicoli in sosta;Rettilineo;Due carreggiate;Asciutto;Asfaltata;Orizzontale;Sereno;Normale;Buona;;0;0;0;1;12.5369;41.9006;-1;1;Autovettura privata;In marcia / fermata / arresto;Conducente;M;Illeso;0;;Non accertato;Inesploso
6054638;5;15/07/2022 10:00:00;Strada Urbana;VIA DI PORTONACCIO;in prossimit�;;del civico n.;106;;Veicolo in marcia contro veicoli in sosta;Rettilineo;Due carreggiate;Asciutto;Asfaltata;Orizzontale;Sereno;Normale;Buona;;0;0;0;1;12.5369;41.9006;-1;2;Autovettura privata;Sosta;;;;;;;
6054638;5;15/07/2022 10:00:00;Strada Urbana;VIA DI PORTONACCIO;in prossimit�;;del civico n.;106;;Veicolo in marcia contro veicoli in sosta;Rettilineo;Due carreggiate;Asciutto;Asfaltata;Orizzontale;Sereno;Normale;Buona;;0;0;0;1;12.5369;41.9006;-1;3;Autovettura privata;Sosta;;;;;;;
6054646;5;15/07/2022 11:15:00;Strada Urbana;VIA DEL CASALE DI S. BASILIO;da specificare;;;;altezza civico 234;Ribaltamento senza urto contro ostacolo fisso;Rettilineo;Una carreggiata a doppio senso;Asciutto;Asfaltata;Verticale;Sereno;Intenso;Buona;;1;0;0;0;12.5818;41.9365;-1;1;Motociclo a solo;In marcia / fermata / arresto;Conducente;M;Rimandato;0;NON DECEDUTO;;
6054650;18;15/07/2022 10:00:00;Strada Urbana;VIA DI TORREVECCHIA;in prossimit�;;del civico n.;908;;Scontro frontale/laterale DX fra veicoli in marcia;Rettilineo;Una carreggiata a doppio senso;Asciutto;Lastricata;Assente;Sereno;Scarso;Buona;;1;0;0;1;12.4074;41.9153;-1;1;Autovettura privata;In marcia / fermata / arresto;Conducente;M;Illeso;0;;Non accertato;
6054650;18;15/07/2022 10:00:00;Strada Urbana;VIA DI TORREVECCHIA;in prossimit�;;del civico n.;908;;Scontro frontale/laterale DX fra veicoli in marcia;Rettilineo;Una carreggiata a doppio senso;Asciutto;Lastricata;Assente;Sereno;Scarso;Buona;;1;0;0;1;12.4074;41.9153;-1;2;Motociclo a solo;In marcia / fermata / arresto;Conducente;M;Rimandato;0;NON DECEDUTO;Non accertato;
6054652;5;15/07/2022 12:00:00;Strada Urbana;VIA FILIPPO MEDA;all'intersezione con;VIA ACHILLE TEDESCHI;VIA ACHILLE TEDESCHI;;;Scontro frontale/laterale DX fra veicoli in marcia;Incrocio;Una carreggiata a doppio senso;Asciutto;Asfaltata;Verticale ed orizzontale;Sereno;Scarso;Buona;;0;0;0;2;12.5403;41.9128;-1;1;Autovettura privata;In marcia / fermata / arresto;Conducente;M;Illeso;0;;;