Protocollo;Gruppo;DataOraIncidente;Localizzazione1;STRADA1;Localizzazione2;STRADA2;Strada02;Chilometrica;DaSpecificare;NaturaIncidente;particolaritastrade;TipoStrada;FondoStradale;Pavimentazione;Segnaletica;CondizioneAtmosferica;Traffico;Visibilita;Illuminazione;NUM_FERITI;NUM_RISERVATA;NUM_MORTI;NUM_ILLESI;Longitude;Latitude;Confermato;Progressivo;TipoVeicolo;StatoVeicolo;TipoPersona;Sesso;Tipolesione;Deceduto;DecedutoDopo;CinturaCascoUtilizzato;Airbag;
6057721;18;20/07/2022 10:00:00;Strada Urbana;VIA DELLA CELLULOSA;in prossimit�;;del civico n.;37;;Scontro laterale fra veicoli in marcia;Rettilineo;Una carreggiata a doppio senso;Asciutto;Asfaltata;Orizzontale;Sereno;Normale;Buona;;1;0;0;2;12.3661;41.9216;-1;1;Autovettura privata;In marcia / fermata / arresto;Conducente;M;Illeso;0;;;
6057721;18;20/07/2022 10:00:00;Strada Urbana;VIA DELLA CELLULOSA;in prossimit�;;del civico n.;37;;Scontro laterale fra veicoli in marcia;Rettilineo;Una carreggiata a doppio senso;Asciutto;Asfaltata;Orizzontale;Sereno;Normale;Buona;;1;0;0;2;12.3661;41.9216;-1;1;Autovettura privata;In marcia / fermata / arresto;Passeggero;F;Illeso;0;;Non accertato;
6057721;18;20/07/2022 10:00:00;Strada Urbana;VIA DELLA CELLULOSA;in prossimit�;;del civico n.;37;;Scontro laterale fra veicoli in marcia;Rettilineo;Una carreggiata a doppio senso;Asciutto;Asfaltata;Orizzontale;Sereno;Normale;Buona;;1;0;0;2;12.3661;41.9216;-1;2;Motociclo con passeggero;In marcia / fermata / arresto;Conducente;M;Ricoverato;0;NON DECEDUTO;Non accertato;
6057729;1;19/07/2022 16:45:00;Strada Urbana;VIA DEL TEATRO DI MARCELLO;da specificare;;;;altez. via montanara;Scontro frontale/laterale DX fra veicoli in marcia;Rettilineo;Una carreggiata a doppio senso;Asciutto;Asfaltata;Verticale ed orizzontale;Sereno;Normale;Buona;;0;0;0;2;12.4811;41.893;-1;1;Autovettura pubblica;In marcia / fermata / arresto;Conducente;M;Illeso;0;;;
6057729;1;19/07/2022 16:45:00;Strada Urbana;VIA DEL TEATRO DI MARCELLO;da specificare;;;;altez. via montanara;Scontro frontale/laterale DX fra veicoli in marcia;Rettilineo;Una carreggiata a doppio senso;Asciutto;Asfaltata;Verticale ed orizzontale;Sereno;Normale;Buona;;0;0;0;2;12.4811;41.893;-1;2;Autovettura privata;In marcia / fermata / arresto;Conducente;M;Illeso;0;;;
6057807;1;20/07/2022 09:55:00;Strada Urbana;PONTE CAVOUR;all'intersezione con;LUNGOTEVERE MARZIO;LUNGOTEVERE MARZIO;;;Scontro frontale/laterale DX fra veicoli in marcia;Incrocio;Una carreggiata a doppio senso;Asciutto;In cubetti di porfido;Verticale ed orizzontale;Sereno;Normale;Buona;;0;0;0;3;12.4743;41.905;-1;1;Autovettura privata;In marcia / fermata / arresto;Conducente;M;Illeso;0;;;
6057807;1;20/07/2022 09:55:00;Strada Urbana;PONTE CAVOUR;all'intersezione con;LUNGOTEVERE MARZIO;LUNGOTEVERE MARZIO;;;Scontro frontale/laterale DX fra veicoli in marcia;Incrocio;Una carreggiata a doppio senso;Asciutto;In cubetti di porfido;Verticale ed orizzontale;Sereno;Normale;Buona;;0;0;0;3;12.4743;41.905;-1;1;Autovettura privata;In marcia / fermata / arresto;Passeggero;F;Illeso;0;;;
6057807;1;20/07/2022 09:55:00;Strada Urbana;PONTE CAVOUR;all'intersezione con;LUNGOTEVERE MARZIO;LUNGOTEVERE MARZIO;;;Scontro frontale/laterale DX fra veicoli in marcia;Incrocio;Una carreggiata a doppio senso;Asciutto;In cubetti di porfido;Verticale ed orizzontale;Sereno;Normale;Buona;;0;0;0;3;12.4743;41.905;-1;2;Autocarro superiore 35 q.;In marcia / fermata / arresto;Conducente;M;Illeso;0;;;
6058016;12;20/07/2022 12:15:00;Strada Urbana;VIA DELLE TRE FONTANE;all'intersezione con;VIALE DEL PATTINAGGIO;VIALE DEL PATTINAGGIO;;;Veicolo in marcia contro ostacolo fisso;Intersezione semaforizzata;Una carreggiata a doppio senso;Asciutto;Asfaltata;Verticale ed orizzontale;Sereno;Normale;Buona;;1;0;0;0;12.4731;41.8395;-1;1;Autovettura privata;In marcia / fermata / arresto;Conducente;M;Rimandato;0;NON DECEDUTO;Non accertato;Esploso
6058033;17;17/07/2022 02:30:00;Strada Urbana;VIA MARMORATA;in prossimit�;;del civico n.;109;;Tamponamento Multiplo;Rettilineo;Pi� di due carreggiate;Asciutto;Asfaltata;Verticale ed orizzontale;Sereno;Intenso;Sufficiente;;0;0;0;3;12.4778;41.8803;-1;1;Autovettura privata;In marcia / fermata / arresto;Conducente;M;Illeso;0;;;
6058033;17;17/07/2022 02:30:00;Strada Urbana;VIA MARMORATA;in prossimit�;;del civico n.;109;;Tamponamento Multiplo;Rettilineo;Pi� di due carreggiate;Asciutto;Asfaltata;Verticale ed orizzontale;Sereno;Intenso;Sufficiente;;0;0;0;3;12.4778;41.8803;-1;2;Autovettura privata;In marcia / fermata / arresto;Conducente;M;Illeso;0;;;
6058033;17;17/07/2022 02:30:00;Strada Urbana;VIA MARMORATA;in prossimit�;;del civico n.;109;;Tamponamento Multiplo;Rettilineo;Pi� di due carreggiate;Asciutto;Asfaltata;Verticale ed orizzontale;Sereno;Intenso;Sufficiente;;0;0;0;3;12.4778;41.8803;-1;3;Autovettura privata;In marcia / fermata / arresto;Conducente;M;Illeso;0;;;
6058039;12;20/07/2022 09:15:00;Strada Urbana;VIA DI TOR PAGNOTTA;in prossimit�;;del civico n.;382;;Tamponamento;Rettilineo;Una carreggiata a doppio senso;Asciutto;Asfaltata;Verticale ed orizzontale;Sereno;Normale;Buona;;2;0;0;1;12.523;41.8079;-1;1;Autovettura privata;In marcia / fermata / arresto;Conducente;M;Rimandato;0;NON DECEDUTO;;
6058039;12;20/07/2022 09:15:00;Strada Urbana;VIA DI TOR PAGNOTTA;in prossimit�;;del civico n.;382;;Tamponamento;Rettilineo;Una carreggiata a doppio senso;Asciutto;Asfaltata;Verticale ed orizzontale;Sereno;Normale;Buona;;2;0;0;1;12.523;41.8079;-1;2;Autovettura privata;In marcia / fermata / arresto;Conducente;M;Illeso;0;;;
6058039;12;20/07/2022 09:15:00;Strada Urbana;VIA DI TOR PAGNOTTA;in prossimit�;;del civico n.;382;;Tamponamento;Rettilineo;Una carreggiata a doppio senso;Asciutto;Asfaltata;Verticale ed orizzontale;Sereno;Normale;Buona;;2;0;0;1;12.523;41.8079;-1;2;Autovettura privata;In marcia / fermata / arresto;Passeggero;F;Rimandato;0;NON DECEDUTO;;
6058061;17;17/07/2022 23:20:00;Strada Urbana;VIA MARCANTONIO BRAGADIN;all'intersezione con;VIA FRANCESCO SIVORI;VIA FRANCESCO SIVORI;;;Scontro frontale/laterale SX fra veicoli in marcia;Intersezione stradale segnalata;Una carreggiata a senso unico di marcia;Asciutto;Asfaltata;Verticale ed orizzontale;Sereno;Scarso;Buona;;0;0;0;2;12.4471;41.9057;0;1;Autovettura privata;In marcia / fermata / arresto;Conducente;F;Illeso;0;;;
6058061;17;17/07/2022 23:20:00;Strada Urbana;VIA MARCANTONIO BRAGADIN;all'intersezione con;VIA FRANCESCO SIVORI;VIA FRANCESCO SIVORI;;;Scontro frontale/laterale SX fra veicoli in marcia;Intersezione stradale segnalata;Una carreggiata a senso unico di marcia;Asciutto;Asfaltata;Verticale ed orizzontale;Sereno;Scarso;Buona;;0;0;0;2;12.4471;41.9057;0;2;Autovettura privata;In marcia / fermata / arresto;Conducente;M;Illeso;0;;;
6058071;17;18/07/2022 02:50:00;Strada Urbana;VIA CAVOUR;all'intersezione con;VIA FARINI;VIA FARINI;;;Veicolo in marcia contro ostacolo fisso;Intersezione semaforizzata;Una carreggiata a doppio senso;Asciutto;Asfaltata;Verticale ed orizzontale;Sereno;Scarso;Insufficiente;;0;0;0;2;12.4981;41.8992;0;1;Autovettura privata;In marcia / fermata / arresto;Conducente;M;Illeso;0;;;
6058071;17;18/07/2022 02:50:00;Strada Urbana;VIA CAVOUR;all'intersezione con;VIA FARINI;VIA FARINI;;;Veicolo in marcia contro ostacolo fisso;Intersezione semaforizzata;Una carreggiata a doppio senso;Asciutto;Asfaltata;Verticale ed orizzontale;Sereno;Scarso;Insufficiente;;0;0;0;2;12.4981;41.8992;0;1;Autovettura privata;In marcia / fermata / arresto;Passeggero;F;Illeso;0;;;
6058106;17;18/07/2022 01:00:00;Strada Urbana;LUNGOTEVERE AVENTINO;in prossimit�;;del civico n.;14;;Fuoriuscita dalla sede stradale;Rettilineo;Una carreggiata a doppio senso;Asciutto;Asfaltata;Verticale ed orizzontale;Sereno;Scarso;Buona;;0;0;0;2;12.4774;41.8842;0;1;Autovettura privata;In marcia / fermata / arresto;Conducente;F;Illeso;0;;;
6058106;17;18/07/2022 01:00:00;Strada Urbana;LUNGOTEVERE AVENTINO;in prossimit�;;del civico n.;14;;Fuoriuscita dalla sede stradale;Rettilineo;Una carreggiata a doppio senso;Asciutto;Asfaltata;Verticale ed orizzontale;Sereno;Scarso;Buona;;0;0;0;2;12.4774;41.8842;0;1;Autovettura privata;In marcia / fermata / arresto;Passeggero;M;Illeso;0;;;
6058106;17;18/07/2022 01:00:00;Strada Urbana;LUNGOTEVERE AVENTINO;in prossimit�;;del civico n.;14;;Fuoriuscita dalla sede stradale;Rettilineo;Una carreggiata a doppio senso;Asciutto;Asfaltata;Verticale ed orizzontale;Sereno;Scarso;Buona;;0;0;0;2;12.4774;41.8842;0;1;Autovettura privata;In marcia / fermata / arresto;Passeggero;F;Illeso;0;;;
6058125;12;20/07/2022 11:40:00;Strada Urbana;VIA ALFONSINE;in prossimit�;;del civico n.;15;;Tamponamento Multiplo;Rettilineo;Una carreggiata a doppio senso;Asciutto;Asfaltata;Verticale ed orizzontale;Sereno;Normale;Buona;;0;0;0;3;12.426;41.7876;-1;1;Autovettura privata;In marcia / fermata / arresto;Conducente;F;Illeso;0;;Non accertato;Inesploso
6058125;12;20/07/2022 11:40:00;Strada Urbana;VIA ALFONSINE;in prossimit�;;del civico n.;15;;Tamponamento Multiplo;Rettilineo;Una carreggiata a doppio senso;Asciutto;Asfaltata;Verticale ed orizzontale;Sereno;Normale;Buona;;0;0;0;3;12.426;41.7876;-1;2;Autovettura privata;In marcia / fermata / arresto;Conducente;M;Illeso;0;;Non accertato;Inesploso
6058125;12;20/07/2022 11:40:00;Strada Urbana;VIA ALFONSINE;in prossimit�;;del civico n.;15;;Tamponamento Multiplo;Rettilineo;Una carreggiata a doppio senso;Asciutto;Asfaltata;Verticale ed orizzontale;Sereno;Normale;Buona;;0;0;0;3;12.426;41.7876;-1;3;Autovettura privata;In marcia / fermata / arresto;Conducente;F;Illeso;0;;Non accertato;Inesploso
6058129;17;18/07/2022 14:50:00;Strada Urbana;PIAZZALE CLODIO;in prossimit�;;del civico n.;15;;Scontro frontale/laterale DX fra veicoli in marcia;Rettilineo;Due carreggiate;Asciutto;Asfaltata;Verticale ed orizzontale;Sereno;Normale;Buona;;0;0;0;3;12.4549;41.9167;-1;1;Autovettura privata;In marcia / fermata / arresto;Conducente;M;Illeso;0;;;
6058129;17;18/07/2022 14:50:00;Strada Urbana;PIAZZALE CLODIO;in prossimit�;;del civico n.;15;;Scontro frontale/laterale DX fra veicoli in marcia;Rettilineo;Due carreggiate;Asciutto;Asfaltata;Verticale ed orizzontale;Sereno;Normale;Buona;;0;0;0;3;12.4549;41.9167;-1;1;Autovettura privata;In marcia / fermata / arresto;Passeggero;M;Illeso;0;;;
6058129;17;18/07/2022 14:50:00;Strada Urbana;PIAZZALE CLODIO;in prossimit�;;del civico n.;15;;Scontro frontale/laterale DX fra veicoli in marcia;Rettilineo;Due carreggiate;Asciutto;Asfaltata;Verticale ed orizzontale;Sereno;Normale;Buona;;0;0;0;3;12.4549;41.9167;-1;2;Autocarro inferiore 35 q.;In marcia / fermata / arresto;Conducente;M;Illeso;0;;;
6058141;17;18/07/2022 23:00:00;Strada Urbana;LARGO TEMISTOCLE SOLERA;in corrispondenza;;del palo luce n.;11;;Veicolo in marcia contro ostacolo fisso;Curva a visuale libera;Una carreggiata a senso unico di marcia;Asciutto;Asfaltata;Verticale ed orizzontale;Sereno;Normale;Buona;;0;0;0;0;12.5128;41.9399;0;1;Quadriciclo leggero;In marcia / fermata / arresto;;;;;;;
6058149;10;20/07/2022 15:55:00;Strada Urbana;VIA TUSCOLANA;all'intersezione con;LARGO APPIO CLAUDIO;LARGO APPIO CLAUDIO;;;Scontro laterale fra veicoli in marcia;Intersezione non regolata/non segnalata;Due carreggiate;Asciutto;Asfaltata;Verticale ed orizzontale;Sereno;Normale;Buona;;0;0;0;2;12.5646;41.8554;-1;1;Autovettura privata;In marcia / fermata / arresto;Conducente;M;Illeso;0;;Non accertato;Inesploso
6058149;10;20/07/2022 15:55:00;Strada Urbana;VIA TUSCOLANA;all'intersezione con;LARGO APPIO CLAUDIO;LARGO APPIO CLAUDIO;;;Scontro laterale fra veicoli in marcia;Intersezione non regolata/non segnalata;Due carreggiate;Asciutto;Asfaltata;Verticale ed orizzontale;Sereno;Normale;Buona;;0;0;0;2;12.5646;41.8554;-1;2;Autovettura privata;In marcia / fermata / arresto;Conducente;M;Illeso;0;;Non accertato;Inesploso
6058171;17;18/07/2022 14:00:00;Strada Urbana;VIALE VATICANO;all'intersezione con;VIA SANTAMAURA;VIA SANTAMAURA;;;Veicolo in marcia contro veicolo arresto;Incrocio;Una carreggiata a doppio senso;Asciutto;Asfaltata;Verticale ed orizzontale;Sereno;Normale;Buona;;0;0;0;2;12.4543;41.9072;-1;1;Autovettura privata;In marcia / fermata / arresto;Conducente;F;Illeso;0;;;
6058171;17;18/07/2022 14:00:00;Strada Urbana;VIALE VATICANO;all'intersezione con;VIA SANTAMAURA;VIA SANTAMAURA;;;Veicolo in marcia contro veicolo arresto;Incrocio;Una carreggiata a doppio senso;Asciutto;Asfaltata;Verticale ed orizzontale;Sereno;Normale;Buona;;0;0;0;2;12.4543;41.9072;-1;2;Autovettura privata;In marcia / fermata / arresto;Conducente;M;Illeso;0;;;
6058323;15;20/07/2022 13:20:00;Provinciale;VIA PORTUENSE;da specificare;;;;prossimit� civico  n. 1645;Scontro laterale fra veicoli in marcia;Rettilineo;Una carreggiata a senso unico di marcia;Asciutto;Asfaltata;Verticale ed orizzontale;Sereno;Intenso;Buona;;0;0;0;2;12.414;41.8469;-1;1;Autobus di linea;In marcia / fermata / arresto;Conducente;M;Illeso;0;;Non accertato;Inesploso
6058323;15;20/07/2022 13:20:00;Provinciale;VIA PORTUENSE;da specificare;;;;prossimit� civico  n. 1645;Scontro laterale fra veicoli in marcia;Rettilineo;Una carreggiata a senso unico di marcia;Asciutto;Asfaltata;Verticale ed orizzontale;Sereno;Intenso;Buona;;0;0;0;2;12.414;41.8469;-1;2;Autovettura privata;In marcia / fermata / arresto;Conducente;F;Illeso;0;;Non accertato;Inesploso
6058325;12;20/07/2022 18:00:00;Strada Urbana;VIA ANDREA MILLEVOI;in prossimit�;;del civico n.;10;;Veicolo in marcia contro veicolo fermo;Rettilineo;Una carreggiata a doppio senso;Asciutto;Asfaltata;Verticale ed orizzontale;Sereno;Normale;Buona;;0;0;0;2;12.5184;41.8225;-1;1;Autovettura privata;In marcia / fermata / arresto;Conducente;M;Illeso;0;;Non accertato;Inesploso
6058325;12;20/07/2022 18:00:00;Strada Urbana;VIA ANDREA MILLEVOI;in prossimit�;;del civico n.;10;;Veicolo in marcia contro veicolo fermo;Rettilineo;Una carreggiata a doppio senso;Asciutto;Asfaltata;Verticale ed orizzontale;Sereno;Normale;Buona;;0;0;0;2;12.5184;41.8225;-1;2;Autovettura privata;In marcia / fermata / arresto;Conducente;M;Illeso;0;;;
6058341;10;20/07/2022 17:45:00;Strada Urbana;VIA DELLE VIGNE DI MORENA;in corrispondenza;;del civico n.;98;;Scontro frontale/laterale DX fra veicoli in marcia;Rettilineo;Una carreggiata a doppio senso;Asciutto;Asfaltata;Assente;Sereno;Normale;Buona;;0;0;0;2;12.6014;41.8132;-1;1;Autovettura privata;In marcia / fermata / arresto;Conducente;M;Illeso;0;;Non accertato;Inesploso
6058341;10;20/07/2022 17:45:00;Strada Urbana;VIA DELLE VIGNE DI MORENA;in corrispondenza;;del civico n.;98;;Scontro frontale/laterale DX fra veicoli in marcia;Rettilineo;Una carreggiata a doppio senso;Asciutto;Asfaltata;Assente;Sereno;Normale;Buona;;0;0;0;2;12.6014;41.8132;-1;2;Autovettura privata;In marcia / fermata / arresto;Conducente;M;Illeso;0;;Non accertato;Inesploso
6058341;10;20/07/2022 17:45:00;Strada Urbana;VIA DELLE VIGNE DI MORENA;in corrispondenza;;del civico n.;98;;Scontro frontale/laterale DX fra veicoli in marcia;Rettilineo;Una carreggiata a doppio senso;Asciutto;Asfaltata;Assente;Sereno;Normale;Buona;;0;0;0;2;12.6014;41.8132;-1;3;Autovettura privata;Sosta;;;;;;;
6058530;9;20/07/2022 17:40:00;Strada Urbana;VIA GENZANO;all'intersezione con;VIA ALBANO;VIA ALBANO;;;Scontro frontale/laterale SX fra veicoli in marcia;Intersezione stradale segnalata;Una carreggiata a doppio senso;Asciutto;Asfaltata;Verticale ed orizzontale;Sereno;Normale;Buona;;0;0;0;3;12.5329;41.8705;-1;1;Autovettura privata;In marcia / fermata / arresto;Conducente;M;Illeso;0;;Non accertato;Inesploso
6058530;9;20/07/2022 17:40:00;Strada Urbana;VIA GENZANO;all'intersezione con;VIA ALBANO;VIA ALBANO;;;Scontro frontale/laterale SX fra veicoli in marcia;Intersezione stradale segnalata;Una carreggiata a doppio senso;Asciutto;Asfaltata;Verticale ed orizzontale;Sereno;Normale;Buona;;0;0;0;3;12.5329;41.8705;-1;1;Autovettura privata;In marcia / fermata / arresto;Passeggero;F;Illeso;0;;Non accertato;Inesploso
6058530;9;20/07/2022 17:40:00;Strada Urbana;VIA GENZANO;all'intersezione con;VIA ALBANO;VIA ALBANO;;;Scontro frontale/laterale SX fra veicoli in marcia;Intersezione stradale segnalata;Una carreggiata a doppio senso;Asciutto;Asfaltata;Verticale ed orizzontale;Sereno;Normale;Buona;;0;0;0;3;12.5329;41.8705;-1;2;Autovettura privata;In marcia / fermata / arresto;Conducente;M;Illeso;0;;Non accertato;Inesploso
6058560;10;21/07/2022 04:45:00;Strada Urbana;VIA DI CIAMPINO;da specificare;;;;in curva, prossimit� civ. 111 (direzione Ciampino);Fuoriuscita dalla sede stradale;Curva senza visuale libera;Una carreggiata a doppio senso;Asciutto;Asfaltata;Orizzontale;Sereno;Scarso;Sufficiente;;3;0;0;0;12.5825;41.8111;-1;1;Autovettura privata;In marcia / fermata / arresto;Conducente;M;Rifiuta cure immediate;0;NON DECEDUTO;Non accertato;Inesploso
6058560;10;21/07/2022 04:45:00;Strada Urbana;VIA DI CIAMPINO;da specificare;;;;in curva, prossimit� civ. 111 (direzione Ciampino);Fuoriuscita dalla sede stradale;Curva senza visuale libera;Una carreggiata a doppio senso;Asciutto;Asfaltata;Orizzontale;Sereno;Scarso;Sufficiente;;3;0;0;0;12.5825;41.8111;-1;1;Autovettura privata;In marcia / fermata / arresto;Passeggero;M;Ricoverato;0;NON DECEDUTO;Non accertato;Inesploso
6058560;10;21/07/2022 04:45:00;Strada Urbana;VIA DI CIAMPINO;da specificare;;;;in curva, prossimit� civ. 111 (direzione Ciampino);Fuoriuscita dalla sede stradale;Curva senza visuale libera;Una carreggiata a doppio senso;Asciutto;Asfaltata;Orizzontale;Sereno;Scarso;Sufficiente;;3;0;0;0;12.5825;41.8111;-1;1;Autovettura privata;In marcia / fermata / arresto;Passeggero;M;Rimandato;0;NON DECEDUTO;Non accertato;Inesploso
6058574;8;20/07/2022 12:11:00;Strada Urbana;VIA ANTEO;in prossimit�;;del civico n.;23;;Veicolo in marcia contro veicolo in sosta;Rettilineo;Una carreggiata a senso unico di marcia;Asciutto;Asfaltata;Verticale;Sereno;Scarso;Buona;;0;0;0;1;12.6161;41.8805;-1;1;Autovettura privata;In marcia / fermata / arresto;Conducente;F;Illeso;0;;Non accertato;Inesploso
6058574;8;20/07/2022 12:11:00;Strada Urbana;VIA ANTEO;in prossimit�;;del civico n.;23;;Veicolo in marcia contro veicolo in sosta;Rettilineo;Una carreggiata a senso unico di marcia;Asciutto;Asfaltata;Verticale;Sereno;Scarso;Buona;;0;0;0;1;12.6161;41.8805;-1;2;Autocarro inferiore 35 q.;Sosta;;;;;;;
6058576;8;20/07/2022 15:30:00;Strada Urbana;VIA DI TORRENOVA;in corrispondenza;;del civico n.;186;;Veicolo in marcia contro veicolo in sosta;Rettilineo;Una carreggiata a doppio senso;Asciutto;Asfaltata;Verticale ed orizzontale;Sereno;Scarso;Buona;;0;0;0;1;12.6189;41.877;-1;1;Autovettura privata;In marcia / fermata / arresto;Conducente;F;Illeso;0;;Non accertato;Inesploso
6058576;8;20/07/2022 15:30:00;Strada Urbana;VIA DI TORRENOVA;in corrispondenza;;del civico n.;186;;Veicolo in marcia contro veicolo in sosta;Rettilineo;Una carreggiata a doppio senso;Asciutto;Asfaltata;Verticale ed orizzontale;Sereno;Scarso;Buona;;0;0;0;1;12.6189;41.877;-1;2;Motociclo con passeggero;Sosta;;;;;;;
6058578;8;20/07/2022 15:45:00;Strada Urbana;VIA COLLATINA;all'intersezione con;VIA CELESTINO ROSATELLI;VIA CELESTINO ROSATELLI;;;Scontro frontale/laterale DX fra veicoli in marcia;Intersezione stradale segnalata;Una carreggiata a doppio senso;Asciutto;Asfaltata;Verticale ed orizzontale;Sereno;Normale;Buona;;3;0;0;1;12.6111;41.9056;-1;1;Autovettura privata;In marcia / fermata / arresto;Conducente;M;Rifiuta cure immediate;0;NON DECEDUTO;Non accertato;Inesploso
6058578;8;20/07/2022 15:45:00;Strada Urbana;VIA COLLATINA;all'intersezione con;VIA CELESTINO ROSATELLI;VIA CELESTINO ROSATELLI;;;Scontro frontale/laterale DX fra veicoli in marcia;Intersezione stradale segnalata;Una carreggiata a doppio senso;Asciutto;Asfaltata;Verticale ed orizzontale;Sereno;Normale;Buona;;3;0;0;1;12.6111;41.9056;-1;1;Autovettura privata;In marcia / fermata / arresto;Passeggero;F;Rifiuta cure immediate;0;NON DECEDUTO;Non accertato;Inesploso
6058578;8;20/07/2022 15:45:00;Strada Urbana;VIA COLLATINA;all'intersezione con;VIA CELESTINO ROSATELLI;VIA CELESTINO ROSATELLI;;;Scontro frontale/laterale DX fra veicoli in marcia;Intersezione stradale segnalata;Una carreggiata a doppio senso;Asciutto;Asfaltata;Verticale ed orizzontale;Sereno;Normale;Buona;;3;0;0;1;12.6111;41.9056;-1;2;Autovettura privata;In marcia / fermata / arresto;Conducente;M;Illeso;0;;Non accertato;Inesploso
6058578;8;20/07/2022 15:45:00;Strada Urbana;VIA COLLATINA;all'intersezione con;VIA CELESTINO ROSATELLI;VIA CELESTINO ROSATELLI;;;Scontro frontale/laterale DX fra veicoli in marcia;Intersezione stradale segnalata;Una carreggiata a doppio senso;Asciutto;Asfaltata;Verticale ed orizzontale;Sereno;Normale;Buona;;3;0;0;1;12.6111;41.9056;-1;2;Autovettura privata;In marcia / fermata / arresto;Passeggero;F;Rifiuta cure immediate;0;NON DECEDUTO;Non accertato;Inesploso
6058582;8;20/07/2022 18:50:00;Strada Urbana;VIA MANDANICI;in corrispondenza;;del civico n.;142;;Veicolo in marcia contro veicolo in sosta;Rettilineo;Una carreggiata a doppio senso;Asciutto;Asfaltata;Assente;Sereno;Normale;Buona;;0;0;0;1;12.6825;41.8689;-1;1;Autocarro inferiore 35 q.;In marcia / fermata / arresto;Conducente;M;Illeso;0;;;
6058582;8;20/07/2022 18:50:00;Strada Urbana;VIA MANDANICI;in corrispondenza;;del civico n.;142;;Veicolo in marcia contro veicolo in sosta;Rettilineo;Una carreggiata a doppio senso;Asciutto;Asfaltata;Assente;Sereno;Normale;Buona;;0;0;0;1;12.6825;41.8689;-1;2;Autovettura privata;Sosta;;;;;;;
6058587;8;21/07/2022;Strada Urbana;VIA UBALDO COMANDINI;in corrispondenza;;del civico n.;70;;Veicolo in marcia contro ostacolo fisso;Rettilineo;Una carreggiata a doppio senso;Asciutto;Asfaltata;Assente;Sereno;Scarso;Buona;;0;0;0;1;12.5932;41.8445;-1;1;Autovettura privata;In marcia / fermata / arresto;Conducente;M;Illeso;0;;;
6058589;11;20/07/2022 08:30:00;Strada Urbana;VIA CRISTOFORO COLOMBO;all'intersezione semaforizzata con;VIA DI GROTTA PERFETTA;VIA DI GROTTA PERFETTA;;;Tamponamento;Incrocio;Pi� di due carreggiate;Asciutto;Asfaltata;Verticale ed orizzontale;Sereno;Normale;Buona;;0;0;0;2;12.4845;41.85;-1;1;Autovettura privata;In marcia / fermata / arresto;Conducente;F;Illeso;0;;Non accertato;
6058589;11;20/07/2022 08:30:00;Strada Urbana;VIA CRISTOFORO COLOMBO;all'intersezione semaforizzata con;VIA DI GROTTA PERFETTA;VIA DI GROTTA PERFETTA;;;Tamponamento;Incrocio;Pi� di due carreggiate;Asciutto;Asfaltata;Verticale ed orizzontale;Sereno;Normale;Buona;;0;0;0;2;12.4845;41.85;-1;2;Autovettura privata;In marcia / fermata / arresto;Conducente;M;Illeso;0;;Non accertato;
6058599;1;20/07/2022 22:30:00;Strada Urbana;VIA CAVOUR;in prossimit�;;del civico n.;93/a;;Investimento di pedone;Rettilineo;Una carreggiata a doppio senso;Asciutto;Asfaltata;Verticale ed orizzontale;Sereno;Scarso;Buona;;3;0;0;0;12.4958;41.8974;-1;;;;Pedone;F;Rimandato;0;NON DECEDUTO;;
6058599;1;20/07/2022 22:30:00;Strada Urbana;VIA CAVOUR;in prossimit�;;del civico n.;93/a;;Investimento di pedone;Rettilineo;Una carreggiata a doppio senso;Asciutto;Asfaltata;Verticale ed orizzontale;Sereno;Scarso;Buona;;3;0;0;0;12.4958;41.8974;-1;1;Motociclo con passeggero;In marcia / fermata / arresto;Conducente;M;Rimandato;0;NON DECEDUTO;Non accertato;
6058599;1;20/07/2022 22:30:00;Strada Urbana;VIA CAVOUR;in prossimit�;;del civico n.;93/a;;Investimento di pedone;Rettilineo;Una carreggiata a doppio senso;Asciutto;Asfaltata;Verticale ed orizzontale;Sereno;Scarso;Buona;;3;0;0;0;12.4958;41.8974;-1;1;Motociclo con passeggero;In marcia / fermata / arresto;Passeggero;F;Rimandato;0;NON DECEDUTO;Non accertato;
6058600;11;20/07/2022 16:10:00;Strada Urbana;VIA CRISTOFORO COLOMBO;da specificare;;;;CORSIA CENTRALE PROSSIMITA' PALO ACE 178;Tamponamento;Rettilineo;Pi� di due carreggiate;Asciutto;Asfaltata;Verticale ed orizzontale;Sereno;Intenso;Buona;;0;0;0;2;12.4924;41.8559;-1;1;Autovettura privata;In marcia / fermata / arresto;Conducente;M;Illeso;0;;;
6058600;11;20/07/2022 16:10:00;Strada Urbana;VIA CRISTOFORO COLOMBO;da specificare;;;;CORSIA CENTRALE PROSSIMITA' PALO ACE 178;Tamponamento;Rettilineo;Pi� di due carreggiate;Asciutto;Asfaltata;Verticale ed orizzontale;Sereno;Intenso;Buona;;0;0;0;2;12.4924;41.8559;-1;2;Autovettura privata;In marcia / fermata / arresto;Conducente;M;Illeso;0;;;
6058614;15;20/07/2022 16:30:00;Comunale extraurbana;VIA DEL PONTE DI MALNOME;all'intersezione con;VIA BENEDETTO LUIGI MONTEL;VIA BENEDETTO LUIGI MONTEL;;;Scontro frontale/laterale SX fra veicoli in marcia;Incrocio;Una carreggiata a doppio senso;Asciutto;Asfaltata;Verticale ed orizzontale;Sereno;Scarso;Buona;;1;0;0;1;12.3301;41.8452;-1;1;Autovettura privata;In marcia / fermata / arresto;Conducente;M;Rimandato;0;NON DECEDUTO;Non accertato;Esploso