Protocollo;Gruppo;DataOraIncidente;Localizzazione1;STRADA1;Localizzazione2;STRADA2;Strada02;Chilometrica;DaSpecificare;NaturaIncidente;particolaritastrade;TipoStrada;FondoStradale;Pavimentazione;Segnaletica;CondizioneAtmosferica;Traffico;Visibilita;Illuminazione;NUM_FERITI;NUM_RISERVATA;NUM_MORTI;NUM_ILLESI;Longitude;Latitude;Confermato;Progressivo;TipoVeicolo;StatoVeicolo;TipoPersona;Sesso;Tipolesione;Deceduto;DecedutoDopo;CinturaCascoUtilizzato;Airbag;
6058614;15;20/07/2022 16:30:00;Comunale extraurbana;VIA DEL PONTE DI MALNOME;all'intersezione con;VIA BENEDETTO LUIGI MONTEL;VIA BENEDETTO LUIGI MONTEL;;;Scontro frontale/laterale SX fra veicoli in marcia;Incrocio;Una carreggiata a doppio senso;Asciutto;Asfaltata;Verticale ed orizzontale;Sereno;Scarso;Buona;;1;0;0;1;12.3301;41.8452;-1;2;Autovettura privata;In marcia / fermata / arresto;Conducente;M;Illeso;0;;Non accertato;Esploso
6058626;15;20/07/2022 18:00:00;Strada Urbana;VIA TREQUANDA;all'intersezione con;VIA GREVE;VIA GREVE;;;Tamponamento;Intersezione stradale segnalata;Una carreggiata a senso unico di marcia;Asciutto;Asfaltata;Verticale ed orizzontale;Sereno;Scarso;Buona;;2;0;0;1;12.4548;41.8419;-1;1;Motociclo con passeggero;In marcia / fermata / arresto;Conducente;M;Rimandato;0;NON DECEDUTO;Non accertato;
6058626;15;20/07/2022 18:00:00;Strada Urbana;VIA TREQUANDA;all'intersezione con;VIA GREVE;VIA GREVE;;;Tamponamento;Intersezione stradale segnalata;Una carreggiata a senso unico di marcia;Asciutto;Asfaltata;Verticale ed orizzontale;Sereno;Scarso;Buona;;2;0;0;1;12.4548;41.8419;-1;1;Motociclo con passeggero;In marcia / fermata / arresto;Passeggero;F;Rimandato;0;NON DECEDUTO;Non accertato;
6058626;15;20/07/2022 18:00:00;Strada Urbana;VIA TREQUANDA;all'intersezione con;VIA GREVE;VIA GREVE;;;Tamponamento;Intersezione stradale segnalata;Una carreggiata a senso unico di marcia;Asciutto;Asfaltata;Verticale ed orizzontale;Sereno;Scarso;Buona;;2;0;0;1;12.4548;41.8419;-1;2;Autovettura privata;In marcia / fermata / arresto;Conducente;M;Illeso;0;;Non accertato;Inesploso
6058633;11;20/07/2022 13:55:00;Strada Urbana;VIA FRANCESCO ANTONIO PIGAFETTA;all'intersezione con;VIA GIROLAMO BENZONI;VIA GIROLAMO BENZONI;;;Veicolo in marcia contro veicolo fermo;Incrocio;Una carreggiata a senso unico di marcia;Asciutto;Asfaltata;Verticale;Sereno;Scarso;Buona;;0;0;0;2;12.4867;41.8699;-1;1;Autocarro inferiore 35 q.;In marcia / fermata / arresto;Conducente;M;Illeso;0;;;
6058633;11;20/07/2022 13:55:00;Strada Urbana;VIA FRANCESCO ANTONIO PIGAFETTA;all'intersezione con;VIA GIROLAMO BENZONI;VIA GIROLAMO BENZONI;;;Veicolo in marcia contro veicolo fermo;Incrocio;Una carreggiata a senso unico di marcia;Asciutto;Asfaltata;Verticale;Sereno;Scarso;Buona;;0;0;0;2;12.4867;41.8699;-1;2;Autovettura privata;In marcia / fermata / arresto;Conducente;F;Illeso;0;;;
6058634;5;20/07/2022 07:50:00;Strada Urbana;VIA TIBURTINA;in prossimit�;;del civico n.;1258;;Veicolo in marcia contro ostacolo fisso;Rettilineo;Due carreggiate;Asciutto;Asfaltata;Verticale ed orizzontale;Sereno;Normale;Buona;;0;0;0;1;12.6075;41.9343;-1;1;Autovettura privata;In marcia / fermata / arresto;Conducente;M;Illeso;0;;Non accertato;Inesploso
6058644;20;20/07/2022 11:00:00;Strada Urbana;VIA SANTI COSMA E DAMIANO;in prossimit�;;del civico n.;36;;Scontro laterale fra veicoli in marcia;Rettilineo;Una carreggiata a senso unico di marcia;Asciutto;Asfaltata;Verticale ed orizzontale;Sereno;Scarso;Buona;;0;0;0;1;12.4432;41.9671;-1;1;Autovettura privata;In marcia / fermata / arresto;Conducente;M;Illeso;0;;;
6058644;20;20/07/2022 11:00:00;Strada Urbana;VIA SANTI COSMA E DAMIANO;in prossimit�;;del civico n.;36;;Scontro laterale fra veicoli in marcia;Rettilineo;Una carreggiata a senso unico di marcia;Asciutto;Asfaltata;Verticale ed orizzontale;Sereno;Scarso;Buona;;0;0;0;1;12.4432;41.9671;-1;2;Autovettura privata;Allontanatosi;;;;;;;
6058646;20;20/07/2022 16:45:00;Strada Urbana;LUNGOLAGO DI POLLINE;in prossimit�;;del civico n.;220;;Veicolo in marcia contro ostacolo accidentale;Curva a visuale libera;Una carreggiata a doppio senso;Asciutto;Asfaltata;Verticale ed orizzontale;Sereno;Normale;Buona;;0;0;0;1;12.2845;42.1345;-1;1;Autovettura pubblica;In marcia / fermata / arresto;Conducente;M;Illeso;0;;;
6058647;19;20/07/2022 10:00:00;Strada Urbana;VIA ALFREDO FUSCO;in corrispondenza;;del civico n.;5;;Scontro frontale fra veicoli in marcia;Curva senza visuale libera;Una carreggiata a doppio senso;Asciutto;Asfaltata;Verticale ed orizzontale;Sereno;Normale;Buona;;0;0;0;4;12.4375;41.9228;-1;1;Autovettura privata;In marcia / fermata / arresto;Conducente;M;Illeso;0;;Non accertato;Inesploso
6058647;19;20/07/2022 10:00:00;Strada Urbana;VIA ALFREDO FUSCO;in corrispondenza;;del civico n.;5;;Scontro frontale fra veicoli in marcia;Curva senza visuale libera;Una carreggiata a doppio senso;Asciutto;Asfaltata;Verticale ed orizzontale;Sereno;Normale;Buona;;0;0;0;4;12.4375;41.9228;-1;1;Autovettura privata;In marcia / fermata / arresto;Passeggero;F;Illeso;0;;Non accertato;Inesploso
6058647;19;20/07/2022 10:00:00;Strada Urbana;VIA ALFREDO FUSCO;in corrispondenza;;del civico n.;5;;Scontro frontale fra veicoli in marcia;Curva senza visuale libera;Una carreggiata a doppio senso;Asciutto;Asfaltata;Verticale ed orizzontale;Sereno;Normale;Buona;;0;0;0;4;12.4375;41.9228;-1;1;Autovettura privata;In marcia / fermata / arresto;Passeggero;M;Illeso;0;;Non accertato;Inesploso
6058647;19;20/07/2022 10:00:00;Strada Urbana;VIA ALFREDO FUSCO;in corrispondenza;;del civico n.;5;;Scontro frontale fra veicoli in marcia;Curva senza visuale libera;Una carreggiata a doppio senso;Asciutto;Asfaltata;Verticale ed orizzontale;Sereno;Normale;Buona;;0;0;0;4;12.4375;41.9228;-1;2;Autovettura privata;In marcia / fermata / arresto;Conducente;M;Illeso;0;;Non accertato;Inesploso
6058663;11;20/07/2022 18:10:00;Strada Urbana;VIA DELLE SETTE CHIESE;in prossimit�;;del civico n.;109;;Investimento di pedone;Rettilineo;Una carreggiata a doppio senso;Asciutto;Asfaltata;Verticale ed orizzontale;Sereno;Scarso;Buona;;2;0;0;1;12.4935;41.8602;-1;;;;Pedone;M;Rimandato;0;NON DECEDUTO;;
6058663;11;20/07/2022 18:10:00;Strada Urbana;VIA DELLE SETTE CHIESE;in prossimit�;;del civico n.;109;;Investimento di pedone;Rettilineo;Una carreggiata a doppio senso;Asciutto;Asfaltata;Verticale ed orizzontale;Sereno;Scarso;Buona;;2;0;0;1;12.4935;41.8602;-1;;;;Pedone;F;Rimandato;0;NON DECEDUTO;;
6058663;11;20/07/2022 18:10:00;Strada Urbana;VIA DELLE SETTE CHIESE;in prossimit�;;del civico n.;109;;Investimento di pedone;Rettilineo;Una carreggiata a doppio senso;Asciutto;Asfaltata;Verticale ed orizzontale;Sereno;Scarso;Buona;;2;0;0;1;12.4935;41.8602;-1;1;Autovettura privata;In marcia / fermata / arresto;Conducente;F;Illeso;0;;Non accertato;
6058678;5;20/07/2022 17:15:00;Strada Urbana;VIA MORRO D'ORO;in corrispondenza;;del civico n.;11;;Veicolo in marcia che urta buche nella carreggiata;Rettilineo;Una carreggiata a senso unico di marcia;Asciutto;Asfaltata;Verticale ed orizzontale;Sereno;Scarso;Buona;;0;0;0;1;12.6494;41.9336;-1;1;Autobus di linea;In marcia / fermata / arresto;Conducente;M;Illeso;0;;Non accertato;Inesploso
6058683;15;20/07/2022 18:25:00;Strada Urbana;VIA GIOVANNI VOLPATO;in corrispondenza;;del civico n.;21;;Scontro laterale fra veicoli in marcia;Rettilineo;Due carreggiate;Asciutto;Asfaltata;Verticale;Sereno;Normale;Buona;;1;0;0;1;12.4677;41.8714;-1;1;Autovettura privata;In marcia / fermata / arresto;Conducente;M;Illeso;0;;Non accertato;Inesploso
6058683;15;20/07/2022 18:25:00;Strada Urbana;VIA GIOVANNI VOLPATO;in corrispondenza;;del civico n.;21;;Scontro laterale fra veicoli in marcia;Rettilineo;Due carreggiate;Asciutto;Asfaltata;Verticale;Sereno;Normale;Buona;;1;0;0;1;12.4677;41.8714;-1;2;Monopattino elettrico;In marcia / fermata / arresto;Conducente;F;Rimandato;0;NON DECEDUTO;;
6058693;5;20/07/2022 16:00:00;Strada Urbana;VIA COLLI SUL VELINO;all'intersezione con;VIA DI SALONE;VIA DI SALONE;;;Scontro frontale fra veicoli in marcia;Incrocio;Una carreggiata a senso unico di marcia;Asciutto;Asfaltata;Verticale ed orizzontale;Sereno;Normale;Buona;;1;0;0;1;12.6252;41.9351;-1;1;Autovettura privata;In marcia / fermata / arresto;Conducente;M;Illeso;0;;Non accertato;
6058693;5;20/07/2022 16:00:00;Strada Urbana;VIA COLLI SUL VELINO;all'intersezione con;VIA DI SALONE;VIA DI SALONE;;;Scontro frontale fra veicoli in marcia;Incrocio;Una carreggiata a senso unico di marcia;Asciutto;Asfaltata;Verticale ed orizzontale;Sereno;Normale;Buona;;1;0;0;1;12.6252;41.9351;-1;2;Autovettura privata;In marcia / fermata / arresto;Conducente;F;Rimandato;0;NON DECEDUTO;Non accertato;
6058698;5;20/07/2022 12:25:00;Strada Urbana;VIA RECANATI;in prossimit�;;del civico n.;33;;Investimento di pedone;Rettilineo;Una carreggiata a senso unico di marcia;Asciutto;Asfaltata;Verticale ed orizzontale;Sereno;Normale;Buona;;1;0;0;1;12.5825;41.9371;-1;;;;Pedone;M;Rimandato;0;NON DECEDUTO;;
6058698;5;20/07/2022 12:25:00;Strada Urbana;VIA RECANATI;in prossimit�;;del civico n.;33;;Investimento di pedone;Rettilineo;Una carreggiata a senso unico di marcia;Asciutto;Asfaltata;Verticale ed orizzontale;Sereno;Normale;Buona;;1;0;0;1;12.5825;41.9371;-1;1;Autovettura privata;In marcia / fermata / arresto;Conducente;M;Illeso;0;;Non accertato;Inesploso
6058705;19;20/07/2022 11:00:00;Strada Urbana;VIA DI SELVA CANDIDA;in corrispondenza;;del civico n.;522;;Veicolo in marcia contro veicolo in sosta;Rettilineo;Una carreggiata a doppio senso;Asciutto;Asfaltata;Orizzontale;Sereno;Normale;Buona;;1;0;0;1;12.3805;41.9435;-1;1;Autovettura privata;In marcia / fermata / arresto;Conducente;F;Illeso;0;;Non accertato;Esploso
6058705;19;20/07/2022 11:00:00;Strada Urbana;VIA DI SELVA CANDIDA;in corrispondenza;;del civico n.;522;;Veicolo in marcia contro veicolo in sosta;Rettilineo;Una carreggiata a doppio senso;Asciutto;Asfaltata;Orizzontale;Sereno;Normale;Buona;;1;0;0;1;12.3805;41.9435;-1;1;Autovettura privata;In marcia / fermata / arresto;Passeggero;F;Rimandato;0;NON DECEDUTO;Non accertato;Esploso
6058705;19;20/07/2022 11:00:00;Strada Urbana;VIA DI SELVA CANDIDA;in corrispondenza;;del civico n.;522;;Veicolo in marcia contro veicolo in sosta;Rettilineo;Una carreggiata a doppio senso;Asciutto;Asfaltata;Orizzontale;Sereno;Normale;Buona;;1;0;0;1;12.3805;41.9435;-1;2;Autovettura privata;Sosta;;;;;;;
6058710;5;20/07/2022 16:30:00;Strada Urbana;VIA FERONIA;da specificare;;;;prossimit� VIA MELISSA;Investimento di pedone;Rettilineo;Una carreggiata a senso unico di marcia;Asciutto;Asfaltata;Assente;Sereno;Scarso;Buona;;2;0;0;0;12.5522;41.9143;0;;;;Pedone;M;Rimandato;0;NON DECEDUTO;;
6058710;5;20/07/2022 16:30:00;Strada Urbana;VIA FERONIA;da specificare;;;;prossimit� VIA MELISSA;Investimento di pedone;Rettilineo;Una carreggiata a senso unico di marcia;Asciutto;Asfaltata;Assente;Sereno;Scarso;Buona;;2;0;0;0;12.5522;41.9143;0;;;;Pedone;F;Rimandato;0;NON DECEDUTO;;
6058710;5;20/07/2022 16:30:00;Strada Urbana;VIA FERONIA;da specificare;;;;prossimit� VIA MELISSA;Investimento di pedone;Rettilineo;Una carreggiata a senso unico di marcia;Asciutto;Asfaltata;Assente;Sereno;Scarso;Buona;;2;0;0;0;12.5522;41.9143;0;1;Autovettura privata;Allontanatosi;;;;;;;
6058712;12;21/07/2022;Strada Urbana;VIA VITTORIO ALPE;in corrispondenza;;del civico n.;44;;Veicolo in marcia contro ostacolo fisso;Rettilineo;Una carreggiata a doppio senso;Asciutto;Asfaltata;Verticale;Sereno;Scarso;Sufficiente;;1;0;0;1;12.5048;41.7275;-1;1;Autovettura privata;In marcia / fermata / arresto;Conducente;F;Rimandato;0;NON DECEDUTO;Utilizzato;Inesploso
6058712;12;21/07/2022;Strada Urbana;VIA VITTORIO ALPE;in corrispondenza;;del civico n.;44;;Veicolo in marcia contro ostacolo fisso;Rettilineo;Una carreggiata a doppio senso;Asciutto;Asfaltata;Verticale;Sereno;Scarso;Sufficiente;;1;0;0;1;12.5048;41.7275;-1;1;Autovettura privata;In marcia / fermata / arresto;Passeggero;F;Illeso;0;;Utilizzato;Inesploso
6058730;20;20/07/2022 22:45:00;Strada Urbana;VIALE DI TOR DI QUINTO;in corrispondenza;;del civico n.;119;;Tamponamento;Curva a visuale libera;Due carreggiate;Asciutto;Asfaltata;Verticale ed orizzontale;Sereno;Normale;Buona;;0;0;0;2;12.4863;41.9453;-1;1;Autovettura privata;In marcia / fermata / arresto;Conducente;M;Illeso;0;;;
6058730;20;20/07/2022 22:45:00;Strada Urbana;VIALE DI TOR DI QUINTO;in corrispondenza;;del civico n.;119;;Tamponamento;Curva a visuale libera;Due carreggiate;Asciutto;Asfaltata;Verticale ed orizzontale;Sereno;Normale;Buona;;0;0;0;2;12.4863;41.9453;-1;2;Autovettura privata;In marcia / fermata / arresto;Conducente;M;Illeso;0;;;
6058734;10;20/07/2022 09:00:00;Strada Urbana;VIA TUSCOLANA;da specificare;;;;altezza VIA DI CASAL FERRANTI direzione GRA;Veicolo in marcia contro ostacolo fisso;Rettilineo;Due carreggiate;Asciutto;Asfaltata;Verticale ed orizzontale;Sereno;Normale;Buona;;0;0;0;1;12.5869;41.8407;-1;1;Autovettura privata;In marcia / fermata / arresto;Conducente;F;Illeso;0;;Non accertato;Inesploso
6058736;17;18/07/2022 18:00:00;;VIA DARDANELLI;in corrispondenza;;del civico n.;58;;Fuoriuscita dalla sede stradale;;;;;;;;;;0;0;0;2;12.4568;41.9179;0;1;Autovettura privata;In marcia / fermata / arresto;Conducente;F;Illeso;0;;;
6058736;17;18/07/2022 18:00:00;;VIA DARDANELLI;in corrispondenza;;del civico n.;58;;Fuoriuscita dalla sede stradale;;;;;;;;;;0;0;0;2;12.4568;41.9179;0;1;Autovettura privata;In marcia / fermata / arresto;Passeggero;F;Illeso;0;;;
6058743;10;20/07/2022 19:00:00;Strada Urbana;VIA DI TOR VERGATA;all'intersezione con;VIA SANDRO PENNA;VIA SANDRO PENNA;;;Scontro laterale fra veicoli in marcia;Rotatoria;Due carreggiate;Asciutto;Asfaltata;Verticale ed orizzontale;Sereno;Normale;Buona;;0;0;0;4;12.6227;41.8417;-1;1;Autovettura privata;In marcia / fermata / arresto;Conducente;M;Illeso;0;;Non accertato;Inesploso
6058743;10;20/07/2022 19:00:00;Strada Urbana;VIA DI TOR VERGATA;all'intersezione con;VIA SANDRO PENNA;VIA SANDRO PENNA;;;Scontro laterale fra veicoli in marcia;Rotatoria;Due carreggiate;Asciutto;Asfaltata;Verticale ed orizzontale;Sereno;Normale;Buona;;0;0;0;4;12.6227;41.8417;-1;1;Autovettura privata;In marcia / fermata / arresto;Passeggero;F;Illeso;0;;Non accertato;Inesploso
6058743;10;20/07/2022 19:00:00;Strada Urbana;VIA DI TOR VERGATA;all'intersezione con;VIA SANDRO PENNA;VIA SANDRO PENNA;;;Scontro laterale fra veicoli in marcia;Rotatoria;Due carreggiate;Asciutto;Asfaltata;Verticale ed orizzontale;Sereno;Normale;Buona;;0;0;0;4;12.6227;41.8417;-1;2;Autovettura privata;In marcia / fermata / arresto;Conducente;F;Illeso;0;;Non accertato;Inesploso
6058743;10;20/07/2022 19:00:00;Strada Urbana;VIA DI TOR VERGATA;all'intersezione con;VIA SANDRO PENNA;VIA SANDRO PENNA;;;Scontro laterale fra veicoli in marcia;Rotatoria;Due carreggiate;Asciutto;Asfaltata;Verticale ed orizzontale;Sereno;Normale;Buona;;0;0;0;4;12.6227;41.8417;-1;2;Autovettura privata;In marcia / fermata / arresto;Passeggero;F;Illeso;0;;Non accertato;Inesploso
6058744;19;20/07/2022 21:20:00;Strada Urbana;PIAZZA CLEMENTE XI;da specificare;;;;altezza Forte Braschi;Scontro frontale/laterale DX fra veicoli in marcia;Rotatoria;Una carreggiata a senso unico di marcia;Asciutto;Asfaltata;Assente;Sereno;Scarso;Sufficiente;;0;0;0;2;12.4149;41.914;-1;1;Autovettura privata;In marcia / fermata / arresto;Conducente;M;Illeso;0;;Non accertato;Inesploso
6058744;19;20/07/2022 21:20:00;Strada Urbana;PIAZZA CLEMENTE XI;da specificare;;;;altezza Forte Braschi;Scontro frontale/laterale DX fra veicoli in marcia;Rotatoria;Una carreggiata a senso unico di marcia;Asciutto;Asfaltata;Assente;Sereno;Scarso;Sufficiente;;0;0;0;2;12.4149;41.914;-1;2;Autovettura privata;In marcia / fermata / arresto;Conducente;F;Illeso;0;;Non accertato;Inesploso
6058747;17;19/07/2022 07:55:00;Strada Urbana;VIA TRIONFALE;all'intersezione con;VIA TOMMASO CAMPANELLA;VIA TOMMASO CAMPANELLA;;;Scontro laterale fra veicoli in marcia;Intersezione stradale segnalata;Una carreggiata a senso unico di marcia;Asciutto;Asfaltata;Verticale ed orizzontale;Sereno;Normale;Buona;;1;0;0;1;12.4539;41.9111;-1;1;Autovettura privata;In marcia / fermata / arresto;Conducente;M;Illeso;0;;;
6058747;17;19/07/2022 07:55:00;Strada Urbana;VIA TRIONFALE;all'intersezione con;VIA TOMMASO CAMPANELLA;VIA TOMMASO CAMPANELLA;;;Scontro laterale fra veicoli in marcia;Intersezione stradale segnalata;Una carreggiata a senso unico di marcia;Asciutto;Asfaltata;Verticale ed orizzontale;Sereno;Normale;Buona;;1;0;0;1;12.4539;41.9111;-1;2;Motociclo a solo;In marcia / fermata / arresto;Conducente;M;Rimandato;0;NON DECEDUTO;;
6058750;17;19/07/2022 16:20:00;Strada Urbana;VIA FRANCESCO CARACCIOLO;in corrispondenza;;del civico n.;27;;Veicolo in marcia contro veicolo in sosta;Rettilineo;Una carreggiata a senso unico di marcia;Asciutto;Asfaltata;Verticale ed orizzontale;Sereno;Scarso;Buona;;0;0;0;1;12.4518;41.9089;-1;1;Autovettura privata;In marcia / fermata / arresto;Conducente;M;Illeso;0;;;
6058750;17;19/07/2022 16:20:00;Strada Urbana;VIA FRANCESCO CARACCIOLO;in corrispondenza;;del civico n.;27;;Veicolo in marcia contro veicolo in sosta;Rettilineo;Una carreggiata a senso unico di marcia;Asciutto;Asfaltata;Verticale ed orizzontale;Sereno;Scarso;Buona;;0;0;0;1;12.4518;41.9089;-1;2;Motociclo a solo;Sosta;;;;;;;
6058757;12;20/07/2022 20:00:00;Strada Urbana;VIA BRUNO DE FINETTI;in prossimit�;;del civico n.;157;;Veicolo in marcia contro veicoli in sosta;Rettilineo;Una carreggiata a senso unico di marcia;Asciutto;Asfaltata;Verticale ed orizzontale;Sereno;Scarso;Buona;;0;0;0;2;12.4846;41.7925;-1;1;Autovettura privata;In marcia / fermata / arresto;Conducente;M;Illeso;0;;Non accertato;Esploso
6058757;12;20/07/2022 20:00:00;Strada Urbana;VIA BRUNO DE FINETTI;in prossimit�;;del civico n.;157;;Veicolo in marcia contro veicoli in sosta;Rettilineo;Una carreggiata a senso unico di marcia;Asciutto;Asfaltata;Verticale ed orizzontale;Sereno;Scarso;Buona;;0;0;0;2;12.4846;41.7925;-1;2;Autovettura privata;Sosta;Passeggero;M;Illeso;0;;;
6058757;12;20/07/2022 20:00:00;Strada Urbana;VIA BRUNO DE FINETTI;in prossimit�;;del civico n.;157;;Veicolo in marcia contro veicoli in sosta;Rettilineo;Una carreggiata a senso unico di marcia;Asciutto;Asfaltata;Verticale ed orizzontale;Sereno;Scarso;Buona;;0;0;0;2;12.4846;41.7925;-1;3;Autovettura privata;Sosta;;;;;;;
6058757;12;20/07/2022 20:00:00;Strada Urbana;VIA BRUNO DE FINETTI;in prossimit�;;del civico n.;157;;Veicolo in marcia contro veicoli in sosta;Rettilineo;Una carreggiata a senso unico di marcia;Asciutto;Asfaltata;Verticale ed orizzontale;Sereno;Scarso;Buona;;0;0;0;2;12.4846;41.7925;-1;4;Autovettura privata;Sosta;;;;;;;
6058768;10;20/07/2022 22:35:00;Strada Urbana;VIA DELLE CAPANNELLE;in prossimit�;;del civico n.;93;;Scontro frontale/laterale DX fra veicoli in marcia;Rettilineo;Una carreggiata a doppio senso;Asciutto;Asfaltata;Verticale ed orizzontale;Sereno;Scarso;Sufficiente;;1;0;0;2;12.569;41.8331;-1;1;Autovettura privata;In marcia / fermata / arresto;Conducente;F;Illeso;0;;Non accertato;Inesploso
6058768;10;20/07/2022 22:35:00;Strada Urbana;VIA DELLE CAPANNELLE;in prossimit�;;del civico n.;93;;Scontro frontale/laterale DX fra veicoli in marcia;Rettilineo;Una carreggiata a doppio senso;Asciutto;Asfaltata;Verticale ed orizzontale;Sereno;Scarso;Sufficiente;;1;0;0;2;12.569;41.8331;-1;1;Autovettura privata;In marcia / fermata / arresto;Passeggero;M;Illeso;0;;Non accertato;Inesploso
6058768;10;20/07/2022 22:35:00;Strada Urbana;VIA DELLE CAPANNELLE;in prossimit�;;del civico n.;93;;Scontro frontale/laterale DX fra veicoli in marcia;Rettilineo;Una carreggiata a doppio senso;Asciutto;Asfaltata;Verticale ed orizzontale;Sereno;Scarso;Sufficiente;;1;0;0;2;12.569;41.8331;-1;2;Motociclo a solo;In marcia / fermata / arresto;Conducente;M;Rimandato;0;NON DECEDUTO;Non accertato;
6058786;18;20/07/2022 14:00:00;Strada Urbana;VIA DI BOCCEA;all'intersezione con;VIA VERNANTE;VIA VERNANTE;;;Tamponamento;Intersezione stradale segnalata;Una carreggiata a doppio senso;Asciutto;Asfaltata;Verticale ed orizzontale;Sereno;Normale;Buona;;1;0;0;1;12.3847;41.9149;-1;1;Motociclo a solo;In marcia / fermata / arresto;Conducente;M;Illeso;0;;Non accertato;
6058786;18;20/07/2022 14:00:00;Strada Urbana;VIA DI BOCCEA;all'intersezione con;VIA VERNANTE;VIA VERNANTE;;;Tamponamento;Intersezione stradale segnalata;Una carreggiata a doppio senso;Asciutto;Asfaltata;Verticale ed orizzontale;Sereno;Normale;Buona;;1;0;0;1;12.3847;41.9149;-1;2;Motociclo a solo;In marcia / fermata / arresto;Conducente;M;Rifiuta cure immediate;0;NON DECEDUTO;Non accertato;
6058802;18;20/07/2022 18:00:00;Strada Urbana;VIA NAZARETH;all'intersezione con;VIA LEONARDO BUONAFEDE;VIA LEONARDO BUONAFEDE;;;Scontro frontale/laterale SX fra veicoli in marcia;Intersezione stradale segnalata;Una carreggiata a doppio senso;Asciutto;Asfaltata;Verticale ed orizzontale;Sereno;Normale;Buona;;2;0;0;0;12.4027;41.9028;-1;1;Motociclo a solo;In marcia / fermata / arresto;Conducente;M;Rifiuta cure immediate;0;NON DECEDUTO;Non accertato;
6058802;18;20/07/2022 18:00:00;Strada Urbana;VIA NAZARETH;all'intersezione con;VIA LEONARDO BUONAFEDE;VIA LEONARDO BUONAFEDE;;;Scontro frontale/laterale SX fra veicoli in marcia;Intersezione stradale segnalata;Una carreggiata a doppio senso;Asciutto;Asfaltata;Verticale ed orizzontale;Sereno;Normale;Buona;;2;0;0;0;12.4027;41.9028;-1;2;Motociclo a solo;In marcia / fermata / arresto;Conducente;M;Rimandato;0;NON DECEDUTO;Non accertato;
6058814;12;21/07/2022 03:00:00;Provinciale entro l'abitato;VIA LAURENTINA;in prossimit�;;del civico n.;1800;;Veicolo in marcia contro ostacolo fisso;Rettilineo;Una carreggiata a doppio senso;Asciutto;Asfaltata;Verticale ed orizzontale;Sereno;Scarso;Buona;;1;0;0;0;12.5056;41.7271;-1;1;Motociclo con passeggero;In marcia / fermata / arresto;Conducente;M;Rimandato;0;NON DECEDUTO;;
6058839;17;20/07/2022 03:10:00;Strada Urbana;PIAZZA ADRIANA;da specificare;;;;fronte VIA ALBERICO II;Veicolo in marcia contro ostacolo fisso;Curva a visuale libera;Una carreggiata a senso unico di marcia;Asciutto;Asfaltata;Verticale ed orizzontale;Sereno;Scarso;Insufficiente;;0;0;0;1;12.4648;41.9046;-1;1;Autovettura privata;In marcia / fermata / arresto;Conducente;M;Illeso;0;;Non accertato;Esploso
6058862;17;19/07/2022 07:00:00;Strada Urbana;VIALE DELLE MEDAGLIE D'ORO;all'intersezione con;PIAZZALE DEGLI EROI;PIAZZALE DEGLI EROI;;;Scontro laterale fra veicoli in marcia;Intersezione semaforizzata;Una carreggiata a senso unico di marcia;Asciutto;Asfaltata;Verticale ed orizzontale;Sereno;Scarso;Buona;;0;0;0;2;12.4428;41.9168;-1;1;Autovettura privata;In marcia / fermata / arresto;Conducente;M;Illeso;0;;;
6058862;17;19/07/2022 07:00:00;Strada Urbana;VIALE DELLE MEDAGLIE D'ORO;all'intersezione con;PIAZZALE DEGLI EROI;PIAZZALE DEGLI EROI;;;Scontro laterale fra veicoli in marcia;Intersezione semaforizzata;Una carreggiata a senso unico di marcia;Asciutto;Asfaltata;Verticale ed orizzontale;Sereno;Scarso;Buona;;0;0;0;2;12.4428;41.9168;-1;2;Autovettura privata;In marcia / fermata / arresto;Conducente;M;Illeso;0;;;
6058874;16;19/07/2022 13:30:00;Strada Urbana;VIA OTTAVIO GASPARRI;da specificare;;;;prossimit� fronte civico 42;Tamponamento;Curva a visuale libera;Una carreggiata a senso unico di marcia;Asciutto;Asfaltata;Assente;Sereno;Scarso;Buona;;0;0;0;3;12.4419;41.8782;-1;1;Autovettura privata;In marcia / fermata / arresto;Conducente;M;Illeso;0;;Non accertato;Inesploso
6058874;16;19/07/2022 13:30:00;Strada Urbana;VIA OTTAVIO GASPARRI;da specificare;;;;prossimit� fronte civico 42;Tamponamento;Curva a visuale libera;Una carreggiata a senso unico di marcia;Asciutto;Asfaltata;Assente;Sereno;Scarso;Buona;;0;0;0;3;12.4419;41.8782;-1;2;Autocarro inferiore 35 q.;In marcia / fermata / arresto;Conducente;M;Illeso;0;;Non accertato;Inesploso
6058874;16;19/07/2022 13:30:00;Strada Urbana;VIA OTTAVIO GASPARRI;da specificare;;;;prossimit� fronte civico 42;Tamponamento;Curva a visuale libera;Una carreggiata a senso unico di marcia;Asciutto;Asfaltata;Assente;Sereno;Scarso;Buona;;0;0;0;3;12.4419;41.8782;-1;2;Autocarro inferiore 35 q.;In marcia / fermata / arresto;Passeggero;M;Illeso;0;;Non accertato;Inesploso