Protocollo;Gruppo;DataOraIncidente;Localizzazione1;STRADA1;Localizzazione2;STRADA2;Strada02;Chilometrica;DaSpecificare;NaturaIncidente;particolaritastrade;TipoStrada;FondoStradale;Pavimentazione;Segnaletica;CondizioneAtmosferica;Traffico;Visibilita;Illuminazione;NUM_FERITI;NUM_RISERVATA;NUM_MORTI;NUM_ILLESI;Longitude;Latitude;Confermato;Progressivo;TipoVeicolo;StatoVeicolo;TipoPersona;Sesso;Tipolesione;Deceduto;DecedutoDopo;CinturaCascoUtilizzato;Airbag;
6058875;18;20/07/2022 16:30:00;Strada Urbana;VIA DEL FORTE BRASCHI;in corrispondenza;;del civico n.;96;;Scontro laterale fra veicoli in marcia;Rettilineo;Una carreggiata a doppio senso;Asciutto;Asfaltata;Verticale ed orizzontale;Sereno;Normale;Buona;;0;0;0;2;12.4197;41.9133;-1;1;Autovettura privata;In marcia / fermata / arresto;Conducente;M;Illeso;0;;Non accertato;Inesploso
6058875;18;20/07/2022 16:30:00;Strada Urbana;VIA DEL FORTE BRASCHI;in corrispondenza;;del civico n.;96;;Scontro laterale fra veicoli in marcia;Rettilineo;Una carreggiata a doppio senso;Asciutto;Asfaltata;Verticale ed orizzontale;Sereno;Normale;Buona;;0;0;0;2;12.4197;41.9133;-1;2;Autovettura pubblica;In marcia / fermata / arresto;Conducente;M;Illeso;0;;Non accertato;Inesploso
6058880;17;20/07/2022 17:00:00;Strada Urbana;PIAZZA CAVOUR;in corrispondenza;;del civico n.;25;;Veicolo in marcia contro ostacolo fisso;Rettilineo;Una carreggiata a doppio senso;Asciutto;In cubetti di porfido;Verticale ed orizzontale;Sereno;Normale;Buona;;1;0;0;1;12.4985;41.8998;-1;1;Autovettura privata;In marcia / fermata / arresto;Conducente;F;Illeso;0;;;
6058880;17;20/07/2022 17:00:00;Strada Urbana;PIAZZA CAVOUR;in corrispondenza;;del civico n.;25;;Veicolo in marcia contro ostacolo fisso;Rettilineo;Una carreggiata a doppio senso;Asciutto;In cubetti di porfido;Verticale ed orizzontale;Sereno;Normale;Buona;;1;0;0;1;12.4985;41.8998;-1;2;Motociclo a solo;In marcia / fermata / arresto;Conducente;M;Rimandato;0;NON DECEDUTO;;
6058882;17;20/07/2022 15:00:00;Strada Urbana;VIALE GIUSEPPE MAZZINI;all'intersezione con;VIA GIUNIO BAZZONI;VIA GIUNIO BAZZONI;;;Scontro frontale/laterale DX fra veicoli in marcia;Intersezione stradale segnalata;Due carreggiate;Asciutto;Asfaltata;Verticale ed orizzontale;Sereno;Normale;Buona;;0;0;0;3;12.4626;41.9158;-1;1;Autovettura privata;In marcia / fermata / arresto;Conducente;M;Illeso;0;;;
6058882;17;20/07/2022 15:00:00;Strada Urbana;VIALE GIUSEPPE MAZZINI;all'intersezione con;VIA GIUNIO BAZZONI;VIA GIUNIO BAZZONI;;;Scontro frontale/laterale DX fra veicoli in marcia;Intersezione stradale segnalata;Due carreggiate;Asciutto;Asfaltata;Verticale ed orizzontale;Sereno;Normale;Buona;;0;0;0;3;12.4626;41.9158;-1;1;Autovettura privata;In marcia / fermata / arresto;Passeggero;F;Illeso;0;;;
6058882;17;20/07/2022 15:00:00;Strada Urbana;VIALE GIUSEPPE MAZZINI;all'intersezione con;VIA GIUNIO BAZZONI;VIA GIUNIO BAZZONI;;;Scontro frontale/laterale DX fra veicoli in marcia;Intersezione stradale segnalata;Due carreggiate;Asciutto;Asfaltata;Verticale ed orizzontale;Sereno;Normale;Buona;;0;0;0;3;12.4626;41.9158;-1;2;Motociclo a solo;In marcia / fermata / arresto;Conducente;M;Illeso;0;;;
6058897;16;20/07/2022 08:20:00;Strada Urbana;VIALE DEI COLLI PORTUENSI;in prossimit�;;del civico n.;121;;Scontro laterale fra veicoli in marcia;Rettilineo;Una carreggiata a senso unico di marcia;Asciutto;Asfaltata;Verticale ed orizzontale;Sereno;Normale;Buona;;1;0;0;1;12.4436;41.8726;-1;1;Motociclo a solo;In marcia / fermata / arresto;Conducente;M;Rimandato;0;NON DECEDUTO;Non accertato;
6058897;16;20/07/2022 08:20:00;Strada Urbana;VIALE DEI COLLI PORTUENSI;in prossimit�;;del civico n.;121;;Scontro laterale fra veicoli in marcia;Rettilineo;Una carreggiata a senso unico di marcia;Asciutto;Asfaltata;Verticale ed orizzontale;Sereno;Normale;Buona;;1;0;0;1;12.4436;41.8726;-1;2;Autocarro inferiore 35 q.;In marcia / fermata / arresto;Conducente;M;Illeso;0;;Non accertato;Inesploso
6058904;18;20/07/2022 23:10:00;Strada Urbana;VIA DI BOCCEA;da specificare;;;;in prossimit� di via del Quartaccio;Scontro laterale fra veicoli in marcia;Rettilineo;Una carreggiata a senso unico di marcia;Asciutto;Asfaltata;Verticale ed orizzontale;Sereno;Scarso;Sufficiente;;1;0;0;0;12.3847;41.9149;-1;1;Motociclo a solo;In marcia / fermata / arresto;Conducente;M;Rimandato;0;NON DECEDUTO;Non accertato;
6058930;23;19/07/2022 17:05:00;Strada Urbana;VIA DI DRAGONE;in prossimit�;;del civico n.;276;;Tamponamento;Rettilineo;Una carreggiata a doppio senso;Asciutto;Asfaltata;Verticale ed orizzontale;Sereno;Intenso;Buona;;3;0;0;1;12.3335;41.7822;-1;1;Autovettura privata;In marcia / fermata / arresto;Conducente;M;Illeso;0;;Esente;Inesploso
6058930;23;19/07/2022 17:05:00;Strada Urbana;VIA DI DRAGONE;in prossimit�;;del civico n.;276;;Tamponamento;Rettilineo;Una carreggiata a doppio senso;Asciutto;Asfaltata;Verticale ed orizzontale;Sereno;Intenso;Buona;;3;0;0;1;12.3335;41.7822;-1;2;Autovettura di polizia;In marcia / fermata / arresto;Conducente;M;Rimandato;0;NON DECEDUTO;Non accertato;Inesploso
6058930;23;19/07/2022 17:05:00;Strada Urbana;VIA DI DRAGONE;in prossimit�;;del civico n.;276;;Tamponamento;Rettilineo;Una carreggiata a doppio senso;Asciutto;Asfaltata;Verticale ed orizzontale;Sereno;Intenso;Buona;;3;0;0;1;12.3335;41.7822;-1;2;Autovettura di polizia;In marcia / fermata / arresto;Passeggero;M;Rimandato;0;NON DECEDUTO;Non accertato;Inesploso
6058930;23;19/07/2022 17:05:00;Strada Urbana;VIA DI DRAGONE;in prossimit�;;del civico n.;276;;Tamponamento;Rettilineo;Una carreggiata a doppio senso;Asciutto;Asfaltata;Verticale ed orizzontale;Sereno;Intenso;Buona;;3;0;0;1;12.3335;41.7822;-1;2;Autovettura di polizia;In marcia / fermata / arresto;Passeggero;F;Rimandato;0;NON DECEDUTO;Non accertato;Inesploso
6058941;10;21/07/2022 07:40:00;Strada Urbana;VIA CASILINA;all'intersezione con;PIAZZA SOR CAPANNA;PIAZZA SOR CAPANNA;;;Scontro frontale/laterale SX fra veicoli in marcia;Intersezione stradale segnalata;Una carreggiata a doppio senso;Asciutto;Asfaltata;Verticale ed orizzontale;Sereno;Normale;Buona;;1;0;0;1;12.5788;41.8714;-1;1;Autovettura privata;In marcia / fermata / arresto;Conducente;F;Illeso;0;;Non accertato;Inesploso
6058941;10;21/07/2022 07:40:00;Strada Urbana;VIA CASILINA;all'intersezione con;PIAZZA SOR CAPANNA;PIAZZA SOR CAPANNA;;;Scontro frontale/laterale SX fra veicoli in marcia;Intersezione stradale segnalata;Una carreggiata a doppio senso;Asciutto;Asfaltata;Verticale ed orizzontale;Sereno;Normale;Buona;;1;0;0;1;12.5788;41.8714;-1;2;Motociclo a solo;In marcia / fermata / arresto;Conducente;M;Ricoverato;0;NON DECEDUTO;Utilizzato;
6059013;7;20/07/2022 16:20:00;Strada Urbana;VIALE PALMIRO TOGLIATTI;in prossimit�;;del civico n.;997;;Tamponamento;Rettilineo;Due carreggiate;Asciutto;Asfaltata;Verticale ed orizzontale;Sereno;Normale;Buona;;1;0;0;0;12.5742;41.8943;-1;1;Motociclo a solo;In marcia / fermata / arresto;Conducente;M;Rimandato;0;NON DECEDUTO;Non accertato;
6059013;7;20/07/2022 16:20:00;Strada Urbana;VIALE PALMIRO TOGLIATTI;in prossimit�;;del civico n.;997;;Tamponamento;Rettilineo;Due carreggiate;Asciutto;Asfaltata;Verticale ed orizzontale;Sereno;Normale;Buona;;1;0;0;0;12.5742;41.8943;-1;2;Autovettura privata;Allontanatosi;;;;;;;
6059112;1;20/07/2022 13:00:00;Strada Urbana;VIA BONCOMPAGNI;all'intersezione con;VIA ABRUZZI;VIA ABRUZZI;;;Scontro frontale/laterale SX fra veicoli in marcia;Incrocio;Una carreggiata a doppio senso;Asciutto;Asfaltata;Verticale ed orizzontale;Sereno;Scarso;Buona;;1;0;0;1;12.4929;41.9082;-1;1;Autovettura privata;In marcia / fermata / arresto;Conducente;F;Illeso;0;;;
6059112;1;20/07/2022 13:00:00;Strada Urbana;VIA BONCOMPAGNI;all'intersezione con;VIA ABRUZZI;VIA ABRUZZI;;;Scontro frontale/laterale SX fra veicoli in marcia;Incrocio;Una carreggiata a doppio senso;Asciutto;Asfaltata;Verticale ed orizzontale;Sereno;Scarso;Buona;;1;0;0;1;12.4929;41.9082;-1;2;Motociclo a solo;In marcia / fermata / arresto;Conducente;M;Ricoverato;0;NON DECEDUTO;;
6059172;12;21/07/2022 05:50:00;Strada Urbana;VIALE DEL PATTINAGGIO;in prossimit�;;del civico n.;100;;Veicolo in marcia contro ostacolo accidentale;Curva senza visuale libera;Una carreggiata a senso unico di marcia;Asciutto;Asfaltata;Verticale ed orizzontale;Sereno;Scarso;Buona;;1;0;0;1;12.4712;41.8431;-1;1;Motociclo con passeggero;In marcia / fermata / arresto;Conducente;M;Rimandato;0;NON DECEDUTO;Non accertato;
6059172;12;21/07/2022 05:50:00;Strada Urbana;VIALE DEL PATTINAGGIO;in prossimit�;;del civico n.;100;;Veicolo in marcia contro ostacolo accidentale;Curva senza visuale libera;Una carreggiata a senso unico di marcia;Asciutto;Asfaltata;Verticale ed orizzontale;Sereno;Scarso;Buona;;1;0;0;1;12.4712;41.8431;-1;1;Motociclo con passeggero;In marcia / fermata / arresto;Passeggero;M;Illeso;0;;Non accertato;
6059195;1;20/07/2022 11:45:00;Strada Urbana;LUNGOTEVERE TESTACCIO;all'intersezione con;VIA GALILEO FERRARIS;VIA GALILEO FERRARIS;;;Scontro laterale fra veicoli in marcia;Incrocio;Una carreggiata a doppio senso;Asciutto;Asfaltata;Verticale ed orizzontale;Sereno;Normale;Buona;;1;0;0;1;12.4707;41.8777;-1;1;Autovettura privata;In marcia / fermata / arresto;Conducente;M;Illeso;0;;;
6059195;1;20/07/2022 11:45:00;Strada Urbana;LUNGOTEVERE TESTACCIO;all'intersezione con;VIA GALILEO FERRARIS;VIA GALILEO FERRARIS;;;Scontro laterale fra veicoli in marcia;Incrocio;Una carreggiata a doppio senso;Asciutto;Asfaltata;Verticale ed orizzontale;Sereno;Normale;Buona;;1;0;0;1;12.4707;41.8777;-1;2;Motociclo a solo;In marcia / fermata / arresto;Conducente;M;Rimandato;0;NON DECEDUTO;;
6059202;3;20/07/2022 19:15:00;Strada Urbana;VIA NOMENTANA;in prossimit�;;del civico n.;231;;Scontro laterale fra veicoli in marcia;Rettilineo;Pi� di due carreggiate;Asciutto;Asfaltata;Verticale ed orizzontale;Sereno;Normale;Buona;;1;0;0;4;12.508;41.9138;-1;1;Motociclo a solo;In marcia / fermata / arresto;Conducente;M;Ricoverato;0;NON DECEDUTO;Non accertato;
6059202;3;20/07/2022 19:15:00;Strada Urbana;VIA NOMENTANA;in prossimit�;;del civico n.;231;;Scontro laterale fra veicoli in marcia;Rettilineo;Pi� di due carreggiate;Asciutto;Asfaltata;Verticale ed orizzontale;Sereno;Normale;Buona;;1;0;0;4;12.508;41.9138;-1;2;Autovettura privata;In marcia / fermata / arresto;Conducente;M;Illeso;0;;;
6059202;3;20/07/2022 19:15:00;Strada Urbana;VIA NOMENTANA;in prossimit�;;del civico n.;231;;Scontro laterale fra veicoli in marcia;Rettilineo;Pi� di due carreggiate;Asciutto;Asfaltata;Verticale ed orizzontale;Sereno;Normale;Buona;;1;0;0;4;12.508;41.9138;-1;2;Autovettura privata;In marcia / fermata / arresto;Passeggero;F;Illeso;0;;;
6059202;3;20/07/2022 19:15:00;Strada Urbana;VIA NOMENTANA;in prossimit�;;del civico n.;231;;Scontro laterale fra veicoli in marcia;Rettilineo;Pi� di due carreggiate;Asciutto;Asfaltata;Verticale ed orizzontale;Sereno;Normale;Buona;;1;0;0;4;12.508;41.9138;-1;2;Autovettura privata;In marcia / fermata / arresto;Passeggero;F;Illeso;0;;;
6059202;3;20/07/2022 19:15:00;Strada Urbana;VIA NOMENTANA;in prossimit�;;del civico n.;231;;Scontro laterale fra veicoli in marcia;Rettilineo;Pi� di due carreggiate;Asciutto;Asfaltata;Verticale ed orizzontale;Sereno;Normale;Buona;;1;0;0;4;12.508;41.9138;-1;2;Autovettura privata;In marcia / fermata / arresto;Passeggero;M;Illeso;0;;;
6059221;16;21/07/2022 00:05:00;Strada Urbana;VIA LEONE XIII;da specificare;;;;fronte palo Acea n� 35 direzione p.za Bel Respiro;Veicolo in marcia contro veicolo in sosta;Rettilineo;Due carreggiate;Asciutto;Asfaltata;Verticale ed orizzontale;Sereno;Normale;Sufficiente;;1;0;0;0;12.4404;41.8869;-1;1;Motociclo a solo;In marcia / fermata / arresto;Conducente;M;Rimandato;0;NON DECEDUTO;;
6059221;16;21/07/2022 00:05:00;Strada Urbana;VIA LEONE XIII;da specificare;;;;fronte palo Acea n� 35 direzione p.za Bel Respiro;Veicolo in marcia contro veicolo in sosta;Rettilineo;Due carreggiate;Asciutto;Asfaltata;Verticale ed orizzontale;Sereno;Normale;Sufficiente;;1;0;0;0;12.4404;41.8869;-1;2;Autovettura privata;Sosta;;;;;;;
6059229;1;21/07/2022 07:40:00;Strada Urbana;VIA MARSALA;da specificare;;;;alt sottopasso turbigo;Scontro frontale fra veicoli in marcia;Rettilineo;Una carreggiata a doppio senso;Asciutto;Asfaltata;Verticale;Sereno;Normale;Buona;;0;0;0;2;12.5046;41.901;-1;1;Autovettura privata;In marcia / fermata / arresto;Conducente;M;Illeso;0;;;
6059229;1;21/07/2022 07:40:00;Strada Urbana;VIA MARSALA;da specificare;;;;alt sottopasso turbigo;Scontro frontale fra veicoli in marcia;Rettilineo;Una carreggiata a doppio senso;Asciutto;Asfaltata;Verticale;Sereno;Normale;Buona;;0;0;0;2;12.5046;41.901;-1;2;Monopattino elettrico;In marcia / fermata / arresto;Conducente;M;Illeso;0;;;
6059337;1;21/07/2022 11:42:00;Strada Urbana;VIA MARMORATA;all'intersezione con;VIA CAIO CESTIO;VIA CAIO CESTIO;;;Scontro laterale fra veicoli in marcia;Incrocio;Una carreggiata a doppio senso;Asciutto;Asfaltata;Verticale ed orizzontale;Sereno;Normale;Buona;;1;0;0;1;12.4785;41.8797;-1;1;Autovettura privata;In marcia / fermata / arresto;Conducente;M;Illeso;0;;;
6059337;1;21/07/2022 11:42:00;Strada Urbana;VIA MARMORATA;all'intersezione con;VIA CAIO CESTIO;VIA CAIO CESTIO;;;Scontro laterale fra veicoli in marcia;Incrocio;Una carreggiata a doppio senso;Asciutto;Asfaltata;Verticale ed orizzontale;Sereno;Normale;Buona;;1;0;0;1;12.4785;41.8797;-1;2;Motociclo a solo;In marcia / fermata / arresto;Conducente;M;Rifiuta cure immediate;0;NON DECEDUTO;;
6059352;8;21/07/2022 12:45:00;Strada Urbana;VIA DEL TORRACCIO DI TORRENOVA;in prossimit�;;del civico n.;117;;Investimento di pedone;Rettilineo;Una carreggiata a doppio senso;Asciutto;Asfaltata;Verticale ed orizzontale;Sereno;Normale;Buona;;1;0;0;0;12.6249;41.869;0;;;;Pedone;M;Rifiuta cure immediate;0;NON DECEDUTO;;
6059352;8;21/07/2022 12:45:00;Strada Urbana;VIA DEL TORRACCIO DI TORRENOVA;in prossimit�;;del civico n.;117;;Investimento di pedone;Rettilineo;Una carreggiata a doppio senso;Asciutto;Asfaltata;Verticale ed orizzontale;Sereno;Normale;Buona;;1;0;0;0;12.6249;41.869;0;1;Motociclo a solo;In marcia / fermata / arresto;;;;;;;
6059363;1;21/07/2022 12:45:00;Strada Urbana;VIA CAVOUR;in corrispondenza;;del civico n.;310;;Veicolo in marcia contro veicolo fermo;Rettilineo;Una carreggiata a doppio senso;Asciutto;Asfaltata;Verticale ed orizzontale;Sereno;Scarso;Buona;;0;0;0;1;;;0;1;Velocipede;In marcia / fermata / arresto;Conducente;F;Illeso;0;;Esente;
6059363;1;21/07/2022 12:45:00;Strada Urbana;VIA CAVOUR;in corrispondenza;;del civico n.;310;;Veicolo in marcia contro veicolo fermo;Rettilineo;Una carreggiata a doppio senso;Asciutto;Asfaltata;Verticale ed orizzontale;Sereno;Scarso;Buona;;0;0;0;1;;;0;2;Autovettura privata;Sosta;;;;;;;
6059399;20;21/07/2022 13:10:00;Strada Urbana;VIA FRASSINETO;in corrispondenza;;del civico n.;165;;Scontro frontale fra veicoli in marcia;Rettilineo;Una carreggiata a doppio senso;Asciutto;Asfaltata;Verticale ed orizzontale;Sereno;Scarso;Buona;;1;0;0;1;12.4856;42.0001;-1;1;Autovettura privata;In marcia / fermata / arresto;Conducente;F;Rimandato;0;NON DECEDUTO;Non accertato;Inesploso
6059399;20;21/07/2022 13:10:00;Strada Urbana;VIA FRASSINETO;in corrispondenza;;del civico n.;165;;Scontro frontale fra veicoli in marcia;Rettilineo;Una carreggiata a doppio senso;Asciutto;Asfaltata;Verticale ed orizzontale;Sereno;Scarso;Buona;;1;0;0;1;12.4856;42.0001;-1;2;Autovettura privata;In marcia / fermata / arresto;Conducente;F;Illeso;0;;Non accertato;Inesploso
6059403;1;20/07/2022 12:00:00;Strada Urbana;VIA SARDEGNA;in prossimit�;;del civico n.;40;;Veicolo in marcia contro veicolo fermo;Rettilineo;Una carreggiata a senso unico di marcia;Asciutto;Asfaltata;Verticale ed orizzontale;Sereno;Scarso;Buona;;0;0;0;2;12.4919;41.9097;-1;1;Autocarro inferiore 35 q.;In marcia / fermata / arresto;Conducente;M;Illeso;0;;;
6059403;1;20/07/2022 12:00:00;Strada Urbana;VIA SARDEGNA;in prossimit�;;del civico n.;40;;Veicolo in marcia contro veicolo fermo;Rettilineo;Una carreggiata a senso unico di marcia;Asciutto;Asfaltata;Verticale ed orizzontale;Sereno;Scarso;Buona;;0;0;0;2;12.4919;41.9097;-1;2;Motociclo a solo;In marcia / fermata / arresto;Conducente;M;Illeso;0;;;
6059405;6;21/07/2022 13:16:00;Strada Urbana;VIA PRENESTINA;in corrispondenza;;del civico n.;262;;Investimento di pedone;Rettilineo;Pi� di due carreggiate;Asciutto;Asfaltata;Verticale ed orizzontale;Sereno;Scarso;Buona;;2;0;0;0;12.5457;41.893;-1;;;;Pedone;F;Rimandato;0;NON DECEDUTO;;
6059405;6;21/07/2022 13:16:00;Strada Urbana;VIA PRENESTINA;in corrispondenza;;del civico n.;262;;Investimento di pedone;Rettilineo;Pi� di due carreggiate;Asciutto;Asfaltata;Verticale ed orizzontale;Sereno;Scarso;Buona;;2;0;0;0;12.5457;41.893;-1;1;Velocipede;In marcia / fermata / arresto;Conducente;M;Rifiuta cure immediate;0;NON DECEDUTO;Esente;
6059450;1;20/07/2022 15:30:00;Strada Urbana;VIA MARSALA;in prossimit�;;del civico n.;49;;Tamponamento;Rettilineo;Una carreggiata a senso unico di marcia;Asciutto;In cubetti di porfido;Verticale ed orizzontale;Sereno;Normale;Buona;;0;0;0;1;;;0;1;Autovettura privata;In marcia / fermata / arresto;Conducente;M;Illeso;0;;;
6059450;1;20/07/2022 15:30:00;Strada Urbana;VIA MARSALA;in prossimit�;;del civico n.;49;;Tamponamento;Rettilineo;Una carreggiata a senso unico di marcia;Asciutto;In cubetti di porfido;Verticale ed orizzontale;Sereno;Normale;Buona;;0;0;0;1;;;0;2;Autovettura privata;Allontanatosi;;;;;;;
6059518;19;20/07/2022 20:30:00;Strada Urbana;VIA ROMEO RODRIGUEZ PEREIRA;in corrispondenza;;del civico n.;242;;Veicolo in marcia contro veicolo in sosta;Rettilineo;Una carreggiata a doppio senso;Asciutto;Asfaltata;Verticale;Sereno;Scarso;Buona;;0;0;0;0;12.4372;41.9211;-1;1;Autovettura privata;Sosta;;;;;;;
6059518;19;20/07/2022 20:30:00;Strada Urbana;VIA ROMEO RODRIGUEZ PEREIRA;in corrispondenza;;del civico n.;242;;Veicolo in marcia contro veicolo in sosta;Rettilineo;Una carreggiata a doppio senso;Asciutto;Asfaltata;Verticale;Sereno;Scarso;Buona;;0;0;0;0;12.4372;41.9211;-1;2;Autovettura privata;In marcia / fermata / arresto;;;;;;;
6059534;19;21/07/2022 10:15:00;Strada Urbana;VIA REZZATO;in prossimit�;;del civico n.;162;;Veicolo in marcia contro veicoli in sosta;Rettilineo;Una carreggiata a doppio senso;Asciutto;Asfaltata;Assente;Sereno;Scarso;Buona;;0;0;0;2;12.3821;41.9552;-1;1;Autovettura privata;In marcia / fermata / arresto;Conducente;F;Illeso;0;;Non accertato;Esploso
6059534;19;21/07/2022 10:15:00;Strada Urbana;VIA REZZATO;in prossimit�;;del civico n.;162;;Veicolo in marcia contro veicoli in sosta;Rettilineo;Una carreggiata a doppio senso;Asciutto;Asfaltata;Assente;Sereno;Scarso;Buona;;0;0;0;2;12.3821;41.9552;-1;1;Autovettura privata;In marcia / fermata / arresto;Passeggero;F;Illeso;0;;Non accertato;Esploso
6059534;19;21/07/2022 10:15:00;Strada Urbana;VIA REZZATO;in prossimit�;;del civico n.;162;;Veicolo in marcia contro veicoli in sosta;Rettilineo;Una carreggiata a doppio senso;Asciutto;Asfaltata;Assente;Sereno;Scarso;Buona;;0;0;0;2;12.3821;41.9552;-1;2;Autovettura privata;Sosta;;;;;;;
6059550;9;21/07/2022 15:00:00;Strada Urbana;VIA URBINO;all'intersezione con;VIA RIMINI;VIA RIMINI;;;Tamponamento;Intersezione stradale segnalata;Una carreggiata a senso unico di marcia;Asciutto;Asfaltata;Verticale ed orizzontale;Sereno;Scarso;Buona;;0;0;0;2;12.5121;41.8844;-1;1;Autovettura privata;Allontanatosi;Conducente;F;Illeso;0;;Non accertato;Inesploso
6059550;9;21/07/2022 15:00:00;Strada Urbana;VIA URBINO;all'intersezione con;VIA RIMINI;VIA RIMINI;;;Tamponamento;Intersezione stradale segnalata;Una carreggiata a senso unico di marcia;Asciutto;Asfaltata;Verticale ed orizzontale;Sereno;Scarso;Buona;;0;0;0;2;12.5121;41.8844;-1;2;Autovettura privata;In marcia / fermata / arresto;Conducente;M;Illeso;0;;Non accertato;Inesploso
6059563;12;21/07/2022 13:30:00;Strada Urbana;VIALE DEGLI EROI DI CEFALONIA;in prossimit�;;del civico n.;121;;Scontro laterale fra veicoli in marcia;Rettilineo;Una carreggiata a senso unico di marcia;Asciutto;Asfaltata;Verticale ed orizzontale;Sereno;Normale;Buona;;0;0;0;3;12.4384;41.781;-1;1;Autocarro inferiore 35 q.;In marcia / fermata / arresto;Conducente;M;Illeso;0;;;
6059563;12;21/07/2022 13:30:00;Strada Urbana;VIALE DEGLI EROI DI CEFALONIA;in prossimit�;;del civico n.;121;;Scontro laterale fra veicoli in marcia;Rettilineo;Una carreggiata a senso unico di marcia;Asciutto;Asfaltata;Verticale ed orizzontale;Sereno;Normale;Buona;;0;0;0;3;12.4384;41.781;-1;1;Autocarro inferiore 35 q.;In marcia / fermata / arresto;Passeggero;M;Illeso;0;;;
6059563;12;21/07/2022 13:30:00;Strada Urbana;VIALE DEGLI EROI DI CEFALONIA;in prossimit�;;del civico n.;121;;Scontro laterale fra veicoli in marcia;Rettilineo;Una carreggiata a senso unico di marcia;Asciutto;Asfaltata;Verticale ed orizzontale;Sereno;Normale;Buona;;0;0;0;3;12.4384;41.781;-1;2;Autovettura privata;In marcia / fermata / arresto;Conducente;F;Illeso;0;;;
6059586;15;21/07/2022 05:00:00;Strada Urbana;VIA GIOVANNI VOLPATO;da specificare;;;;fronte civico 4;Investimento di pedone;Rettilineo;Una carreggiata a doppio senso;Asciutto;Asfaltata;Orizzontale;Sereno;Scarso;Buona;;2;0;0;0;12.4674;41.8714;-1;;;;Pedone;M;Ricoverato;0;NON DECEDUTO;;
6059586;15;21/07/2022 05:00:00;Strada Urbana;VIA GIOVANNI VOLPATO;da specificare;;;;fronte civico 4;Investimento di pedone;Rettilineo;Una carreggiata a doppio senso;Asciutto;Asfaltata;Orizzontale;Sereno;Scarso;Buona;;2;0;0;0;12.4674;41.8714;-1;1;Motociclo a solo;In marcia / fermata / arresto;Conducente;M;Ricoverato;0;NON DECEDUTO;Non accertato;
6059607;18;21/07/2022 17:45:00;Strada Urbana;VIA MARENTINO;all'intersezione con;VIA TOMMASO LUCHERINI;VIA TOMMASO LUCHERINI;;;Veicolo in marcia contro veicolo in sosta;Intersezione stradale segnalata;Una carreggiata a doppio senso;Asciutto;Asfaltata;Verticale;Sereno;Normale;Buona;;1;0;0;0;12.3893;41.9067;-1;1;Autovettura privata;Allontanatosi;;;;;;;
6059607;18;21/07/2022 17:45:00;Strada Urbana;VIA MARENTINO;all'intersezione con;VIA TOMMASO LUCHERINI;VIA TOMMASO LUCHERINI;;;Veicolo in marcia contro veicolo in sosta;Intersezione stradale segnalata;Una carreggiata a doppio senso;Asciutto;Asfaltata;Verticale;Sereno;Normale;Buona;;1;0;0;0;12.3893;41.9067;-1;2;Autovettura privata;In marcia / fermata / arresto;Conducente;M;Rimandato;0;NON DECEDUTO;;
6059607;18;21/07/2022 17:45:00;Strada Urbana;VIA MARENTINO;all'intersezione con;VIA TOMMASO LUCHERINI;VIA TOMMASO LUCHERINI;;;Veicolo in marcia contro veicolo in sosta;Intersezione stradale segnalata;Una carreggiata a doppio senso;Asciutto;Asfaltata;Verticale;Sereno;Normale;Buona;;1;0;0;0;12.3893;41.9067;-1;3;Autovettura privata;Sosta;;;;;;;
6059679;15;21/07/2022 08:00:00;Strada Urbana;VIA MARCO TULLIO ZANZUCCHI;da specificare;;;;prossimit� palo Acea 1;Veicolo in marcia contro ostacolo fisso;Rettilineo;Una carreggiata a senso unico di marcia;Asciutto;Asfaltata;Assente;Sereno;Normale;Buona;;0;0;0;1;12.4431;41.8423;-1;1;Autovettura privata;In marcia / fermata / arresto;Conducente;M;Illeso;0;;;
6059686;15;21/07/2022 08:44:00;Strada Urbana;VIA SAN CASCIANO DEI BAGNI;in prossimit�;;del civico n.;13;;Investimento di pedone;Rettilineo;Una carreggiata a senso unico di marcia;Asciutto;Asfaltata;Verticale ed orizzontale;Sereno;Scarso;Buona;;0;0;0;2;12.4617;41.8493;-1;;;;Pedone;M;Illeso;0;;;
6059686;15;21/07/2022 08:44:00;Strada Urbana;VIA SAN CASCIANO DEI BAGNI;in prossimit�;;del civico n.;13;;Investimento di pedone;Rettilineo;Una carreggiata a senso unico di marcia;Asciutto;Asfaltata;Verticale ed orizzontale;Sereno;Scarso;Buona;;0;0;0;2;12.4617;41.8493;-1;1;Autovettura privata;In marcia / fermata / arresto;Conducente;M;Illeso;0;;;
6059700;15;21/07/2022 10:00:00;Strada Urbana;VIA ALBERTO MANCINI;in corrispondenza;;del civico n.;61;;Veicolo in marcia contro ostacolo fisso;Curva a visuale libera;Una carreggiata a doppio senso;Asciutto;Asfaltata;Orizzontale;Sereno;Normale;Buona;;0;0;0;1;12.4551;41.8561;-1;1;Autovettura privata;In marcia / fermata / arresto;Conducente;M;Illeso;0;;Non accertato;Inesploso
6059712;15;21/07/2022 10:15:00;Strada Urbana;VIA ANTONIO PACINOTTI;all'intersezione semaforizzata con;VIA GIOVANNI VOLPATO;VIA GIOVANNI VOLPATO;;;Tamponamento;Intersezione semaforizzata;Due carreggiate;Asciutto;Asfaltata;Verticale ed orizzontale;Sereno;Normale;Buona;;1;0;0;1;12.4675;41.871;-1;1;Autovettura privata;In marcia / fermata / arresto;Conducente;F;Illeso;0;;Non accertato;Inesploso