Protocollo;Gruppo;DataOraIncidente;Localizzazione1;STRADA1;Localizzazione2;STRADA2;Strada02;Chilometrica;DaSpecificare;NaturaIncidente;particolaritastrade;TipoStrada;FondoStradale;Pavimentazione;Segnaletica;CondizioneAtmosferica;Traffico;Visibilita;Illuminazione;NUM_FERITI;NUM_RISERVATA;NUM_MORTI;NUM_ILLESI;Longitude;Latitude;Confermato;Progressivo;TipoVeicolo;StatoVeicolo;TipoPersona;Sesso;Tipolesione;Deceduto;DecedutoDopo;CinturaCascoUtilizzato;Airbag;
6059712;15;21/07/2022 10:15:00;Strada Urbana;VIA ANTONIO PACINOTTI;all'intersezione semaforizzata con;VIA GIOVANNI VOLPATO;VIA GIOVANNI VOLPATO;;;Tamponamento;Intersezione semaforizzata;Due carreggiate;Asciutto;Asfaltata;Verticale ed orizzontale;Sereno;Normale;Buona;;1;0;0;1;12.4675;41.871;-1;2;Motociclo a solo;In marcia / fermata / arresto;Conducente;M;Rimandato;0;NON DECEDUTO;Non accertato;
6059838;10;21/07/2022 23:00:00;Strada Urbana;VIA FILOMUSI GUELFI;in prossimit�;;del civico n.;41;;Veicolo in marcia contro veicoli in sosta;Rettilineo;Una carreggiata a doppio senso;Asciutto;Asfaltata;Orizzontale;Sereno;Normale;Sufficiente;;0;0;0;1;12.5715;41.8628;-1;1;Autovettura privata;In marcia / fermata / arresto;Conducente;M;Illeso;0;;Non accertato;Inesploso
6059838;10;21/07/2022 23:00:00;Strada Urbana;VIA FILOMUSI GUELFI;in prossimit�;;del civico n.;41;;Veicolo in marcia contro veicoli in sosta;Rettilineo;Una carreggiata a doppio senso;Asciutto;Asfaltata;Orizzontale;Sereno;Normale;Sufficiente;;0;0;0;1;12.5715;41.8628;-1;2;Autovettura privata;Sosta;;;;;;;
6059838;10;21/07/2022 23:00:00;Strada Urbana;VIA FILOMUSI GUELFI;in prossimit�;;del civico n.;41;;Veicolo in marcia contro veicoli in sosta;Rettilineo;Una carreggiata a doppio senso;Asciutto;Asfaltata;Orizzontale;Sereno;Normale;Sufficiente;;0;0;0;1;12.5715;41.8628;-1;3;Autovettura privata;Sosta;;;;;;;
6059838;10;21/07/2022 23:00:00;Strada Urbana;VIA FILOMUSI GUELFI;in prossimit�;;del civico n.;41;;Veicolo in marcia contro veicoli in sosta;Rettilineo;Una carreggiata a doppio senso;Asciutto;Asfaltata;Orizzontale;Sereno;Normale;Sufficiente;;0;0;0;1;12.5715;41.8628;-1;4;Autovettura privata;Sosta;;;;;;;
6059838;10;21/07/2022 23:00:00;Strada Urbana;VIA FILOMUSI GUELFI;in prossimit�;;del civico n.;41;;Veicolo in marcia contro veicoli in sosta;Rettilineo;Una carreggiata a doppio senso;Asciutto;Asfaltata;Orizzontale;Sereno;Normale;Sufficiente;;0;0;0;1;12.5715;41.8628;-1;5;Autovettura privata;Sosta;;;;;;;
6059838;10;21/07/2022 23:00:00;Strada Urbana;VIA FILOMUSI GUELFI;in prossimit�;;del civico n.;41;;Veicolo in marcia contro veicoli in sosta;Rettilineo;Una carreggiata a doppio senso;Asciutto;Asfaltata;Orizzontale;Sereno;Normale;Sufficiente;;0;0;0;1;12.5715;41.8628;-1;6;Autovettura privata;Sosta;;;;;;;
6059838;10;21/07/2022 23:00:00;Strada Urbana;VIA FILOMUSI GUELFI;in prossimit�;;del civico n.;41;;Veicolo in marcia contro veicoli in sosta;Rettilineo;Una carreggiata a doppio senso;Asciutto;Asfaltata;Orizzontale;Sereno;Normale;Sufficiente;;0;0;0;1;12.5715;41.8628;-1;7;Autovettura privata;Sosta;;;;;;;
6059926;1;21/07/2022 17:30:00;Strada Urbana;PIAZZA FATEBENEFRATELLI;in prossimit�;;del civico n.;6;;Investimento di pedone;Rettilineo;Una carreggiata a senso unico di marcia;Asciutto;Asfaltata;Verticale ed orizzontale;Sereno;Scarso;Buona;;1;0;0;1;12.4777;41.8903;-1;;;;Pedone;M;Rimandato;0;NON DECEDUTO;;
6059926;1;21/07/2022 17:30:00;Strada Urbana;PIAZZA FATEBENEFRATELLI;in prossimit�;;del civico n.;6;;Investimento di pedone;Rettilineo;Una carreggiata a senso unico di marcia;Asciutto;Asfaltata;Verticale ed orizzontale;Sereno;Scarso;Buona;;1;0;0;1;12.4777;41.8903;-1;1;Autocarro inferiore 35 q.;In marcia / fermata / arresto;Conducente;M;Illeso;0;;;
6059965;1;21/07/2022 15:40:00;Strada Urbana;PIAZZA VENEZIA;da specificare;;;;lato fori imperiali pressi fontana adriatico;Scontro frontale/laterale SX fra veicoli in marcia;Curva a visuale libera;Una carreggiata a doppio senso;Asciutto;In cubetti di porfido;Orizzontale;Sereno;Scarso;Buona;;1;0;0;1;12.4828;41.896;-1;1;Velocipede;In marcia / fermata / arresto;Conducente;F;Rimandato;0;NON DECEDUTO;Esente;
6059965;1;21/07/2022 15:40:00;Strada Urbana;PIAZZA VENEZIA;da specificare;;;;lato fori imperiali pressi fontana adriatico;Scontro frontale/laterale SX fra veicoli in marcia;Curva a visuale libera;Una carreggiata a doppio senso;Asciutto;In cubetti di porfido;Orizzontale;Sereno;Scarso;Buona;;1;0;0;1;12.4828;41.896;-1;2;Autovettura pubblica;In marcia / fermata / arresto;Conducente;M;Illeso;0;;;
6059979;11;22/07/2022 01:20:00;Strada Urbana;VIA DEI GEORGOFILI;all'intersezione con;VIA ANDREA MANTEGNA;VIA ANDREA MANTEGNA;;;Scontro frontale/laterale DX fra veicoli in marcia;Intersezione stradale segnalata;Una carreggiata a doppio senso;Asciutto;Asfaltata;Verticale ed orizzontale;Sereno;Scarso;Buona;;3;0;0;0;12.4939;41.8519;-1;1;Autovettura privata;In marcia / fermata / arresto;Conducente;F;Rimandato;0;NON DECEDUTO;;
6059979;11;22/07/2022 01:20:00;Strada Urbana;VIA DEI GEORGOFILI;all'intersezione con;VIA ANDREA MANTEGNA;VIA ANDREA MANTEGNA;;;Scontro frontale/laterale DX fra veicoli in marcia;Intersezione stradale segnalata;Una carreggiata a doppio senso;Asciutto;Asfaltata;Verticale ed orizzontale;Sereno;Scarso;Buona;;3;0;0;0;12.4939;41.8519;-1;2;Autovettura privata;In marcia / fermata / arresto;Conducente;M;Rimandato;0;NON DECEDUTO;;
6059979;11;22/07/2022 01:20:00;Strada Urbana;VIA DEI GEORGOFILI;all'intersezione con;VIA ANDREA MANTEGNA;VIA ANDREA MANTEGNA;;;Scontro frontale/laterale DX fra veicoli in marcia;Intersezione stradale segnalata;Una carreggiata a doppio senso;Asciutto;Asfaltata;Verticale ed orizzontale;Sereno;Scarso;Buona;;3;0;0;0;12.4939;41.8519;-1;2;Autovettura privata;In marcia / fermata / arresto;Passeggero;M;Rimandato;0;NON DECEDUTO;;
6059980;11;21/07/2022 18:40:00;Strada Urbana;VIA ARDEATINA;in corrispondenza;;del civico n.;213;;Scontro laterale fra veicoli in marcia;Rettilineo;Una carreggiata a doppio senso;Asciutto;Asfaltata;Verticale ed orizzontale;Sereno;Normale;Buona;;1;0;0;3;12.5153;41.8499;-1;1;Autovettura privata;In marcia / fermata / arresto;Conducente;F;Illeso;0;;;
6059980;11;21/07/2022 18:40:00;Strada Urbana;VIA ARDEATINA;in corrispondenza;;del civico n.;213;;Scontro laterale fra veicoli in marcia;Rettilineo;Una carreggiata a doppio senso;Asciutto;Asfaltata;Verticale ed orizzontale;Sereno;Normale;Buona;;1;0;0;3;12.5153;41.8499;-1;1;Autovettura privata;In marcia / fermata / arresto;Passeggero;F;Illeso;0;;;
6059980;11;21/07/2022 18:40:00;Strada Urbana;VIA ARDEATINA;in corrispondenza;;del civico n.;213;;Scontro laterale fra veicoli in marcia;Rettilineo;Una carreggiata a doppio senso;Asciutto;Asfaltata;Verticale ed orizzontale;Sereno;Normale;Buona;;1;0;0;3;12.5153;41.8499;-1;1;Autovettura privata;In marcia / fermata / arresto;Passeggero;F;Illeso;0;;;
6059980;11;21/07/2022 18:40:00;Strada Urbana;VIA ARDEATINA;in corrispondenza;;del civico n.;213;;Scontro laterale fra veicoli in marcia;Rettilineo;Una carreggiata a doppio senso;Asciutto;Asfaltata;Verticale ed orizzontale;Sereno;Normale;Buona;;1;0;0;3;12.5153;41.8499;-1;2;Motociclo a solo;In marcia / fermata / arresto;Conducente;M;Rifiuta cure immediate;0;NON DECEDUTO;;
6060004;1;21/07/2022 17:00:00;Strada Urbana;VIALE DELLE CAVE ARDEATINE;in prossimit�;;del civico n.;33;;Veicolo in marcia contro veicolo in sosta;Rettilineo;Una carreggiata a doppio senso;Asciutto;Asfaltata;Verticale ed orizzontale;Sereno;Scarso;Buona;;0;0;0;0;12.4832;41.8759;-1;1;Autocarro inferiore 35 q.;Sosta;;;;;;;
6060004;1;21/07/2022 17:00:00;Strada Urbana;VIALE DELLE CAVE ARDEATINE;in prossimit�;;del civico n.;33;;Veicolo in marcia contro veicolo in sosta;Rettilineo;Una carreggiata a doppio senso;Asciutto;Asfaltata;Verticale ed orizzontale;Sereno;Scarso;Buona;;0;0;0;0;12.4832;41.8759;-1;2;Autovettura privata;Allontanatosi;;;;;;;
6060009;6;21/07/2022 18:20:00;Strada Urbana;VIA ETTORE FIERAMOSCA;in corrispondenza;;del civico n.;26;;Tamponamento;Rettilineo;Una carreggiata a doppio senso;Asciutto;Asfaltata;Verticale ed orizzontale;Sereno;Intenso;Buona;;0;0;0;4;12.5283;41.8925;-1;1;Autovettura privata;In marcia / fermata / arresto;Conducente;M;Illeso;0;;Non accertato;Inesploso
6060009;6;21/07/2022 18:20:00;Strada Urbana;VIA ETTORE FIERAMOSCA;in corrispondenza;;del civico n.;26;;Tamponamento;Rettilineo;Una carreggiata a doppio senso;Asciutto;Asfaltata;Verticale ed orizzontale;Sereno;Intenso;Buona;;0;0;0;4;12.5283;41.8925;-1;1;Autovettura privata;In marcia / fermata / arresto;Passeggero;F;Illeso;0;;Non accertato;Inesploso
6060009;6;21/07/2022 18:20:00;Strada Urbana;VIA ETTORE FIERAMOSCA;in corrispondenza;;del civico n.;26;;Tamponamento;Rettilineo;Una carreggiata a doppio senso;Asciutto;Asfaltata;Verticale ed orizzontale;Sereno;Intenso;Buona;;0;0;0;4;12.5283;41.8925;-1;1;Autovettura privata;In marcia / fermata / arresto;Passeggero;F;Illeso;0;;Non accertato;Inesploso
6060009;6;21/07/2022 18:20:00;Strada Urbana;VIA ETTORE FIERAMOSCA;in corrispondenza;;del civico n.;26;;Tamponamento;Rettilineo;Una carreggiata a doppio senso;Asciutto;Asfaltata;Verticale ed orizzontale;Sereno;Intenso;Buona;;0;0;0;4;12.5283;41.8925;-1;2;Autovettura privata;In marcia / fermata / arresto;Conducente;M;Illeso;0;;Non accertato;Inesploso
6060033;8;21/07/2022 18:50:00;Strada Urbana;VIA CELESTINO ROSATELLI;da specificare;;;;prossimit� palo luce Acea n.16 direzione Collatina;Veicolo in marcia contro ostacolo fisso;Curva a visuale libera;Due carreggiate;Asciutto;Asfaltata;Verticale ed orizzontale;Sereno;Scarso;Buona;;1;0;0;0;12.6639;41.9174;-1;1;Autovettura privata;In marcia / fermata / arresto;Conducente;M;Rimandato;0;NON DECEDUTO;Non accertato;Inesploso
6060039;1;20/07/2022 18:45:00;Strada Urbana;VIA PRINCIPE AMEDEO;in prossimit�;;del civico n.;11/c;;Veicolo in marcia contro veicolo arresto;Rettilineo;Una carreggiata a senso unico di marcia;Asciutto;Asfaltata;Verticale ed orizzontale;Sereno;Normale;Buona;;0;0;0;1;12.4985;41.8999;-1;1;Quadriciclo;In marcia / fermata / arresto;Conducente;F;Illeso;0;;;
6060039;1;20/07/2022 18:45:00;Strada Urbana;VIA PRINCIPE AMEDEO;in prossimit�;;del civico n.;11/c;;Veicolo in marcia contro veicolo arresto;Rettilineo;Una carreggiata a senso unico di marcia;Asciutto;Asfaltata;Verticale ed orizzontale;Sereno;Normale;Buona;;0;0;0;1;12.4985;41.8999;-1;2;Autovettura privata;Allontanatosi;;;;;;;
6060042;20;21/07/2022 07:00:00;Strada Urbana;VIA CASSIA;all'intersezione con;VIA MANFREDI AZZARITA;VIA MANFREDI AZZARITA;;;Investimento di pedone;Incrocio;Una carreggiata a doppio senso;Asciutto;Asfaltata;Verticale ed orizzontale;Sereno;Normale;Sufficiente;;1;0;0;1;12.4137;41.9828;-1;;;;Pedone;F;Rimandato;0;NON DECEDUTO;;
6060042;20;21/07/2022 07:00:00;Strada Urbana;VIA CASSIA;all'intersezione con;VIA MANFREDI AZZARITA;VIA MANFREDI AZZARITA;;;Investimento di pedone;Incrocio;Una carreggiata a doppio senso;Asciutto;Asfaltata;Verticale ed orizzontale;Sereno;Normale;Sufficiente;;1;0;0;1;12.4137;41.9828;-1;1;Autovettura privata;In marcia / fermata / arresto;Conducente;M;Illeso;0;;;
6060065;8;21/07/2022 16:45:00;Strada Urbana;VIA CASILINA;in prossimit�;;del civico n.;1068/C;;Tamponamento;Rettilineo;Una carreggiata a doppio senso;Asciutto;Asfaltata;Orizzontale;Sereno;Normale;Buona;;1;0;0;1;12.5918;41.8671;-1;1;Autovettura privata;In marcia / fermata / arresto;Conducente;M;Illeso;0;;;
6060065;8;21/07/2022 16:45:00;Strada Urbana;VIA CASILINA;in prossimit�;;del civico n.;1068/C;;Tamponamento;Rettilineo;Una carreggiata a doppio senso;Asciutto;Asfaltata;Orizzontale;Sereno;Normale;Buona;;1;0;0;1;12.5918;41.8671;-1;2;Autovettura privata;In marcia / fermata / arresto;Conducente;F;Rimandato;0;NON DECEDUTO;;
6060078;10;21/07/2022 12:00:00;Strada Urbana;VIA DELLE VIGNE DI MORENA;in corrispondenza;;del civico n.;25;;Tamponamento;Rettilineo;Una carreggiata a senso unico di marcia;Asciutto;Asfaltata;Verticale ed orizzontale;Sereno;Normale;Buona;;0;0;0;3;12.6073;41.8097;-1;1;Autovettura privata;In marcia / fermata / arresto;Conducente;M;Illeso;0;;Non accertato;Inesploso
6060078;10;21/07/2022 12:00:00;Strada Urbana;VIA DELLE VIGNE DI MORENA;in corrispondenza;;del civico n.;25;;Tamponamento;Rettilineo;Una carreggiata a senso unico di marcia;Asciutto;Asfaltata;Verticale ed orizzontale;Sereno;Normale;Buona;;0;0;0;3;12.6073;41.8097;-1;2;Autocarro inferiore 35 q.;In marcia / fermata / arresto;Conducente;M;Illeso;0;;Non accertato;Inesploso
6060078;10;21/07/2022 12:00:00;Strada Urbana;VIA DELLE VIGNE DI MORENA;in corrispondenza;;del civico n.;25;;Tamponamento;Rettilineo;Una carreggiata a senso unico di marcia;Asciutto;Asfaltata;Verticale ed orizzontale;Sereno;Normale;Buona;;0;0;0;3;12.6073;41.8097;-1;2;Autocarro inferiore 35 q.;In marcia / fermata / arresto;Passeggero;M;Illeso;0;;Non accertato;Inesploso
6060084;9;21/07/2022 23:30:00;Strada Urbana;VIA TUSCOLANA;in prossimit�;;del civico n.;226b;;Scontro laterale fra veicoli in marcia;Rettilineo;Due carreggiate;Asciutto;Asfaltata;Verticale ed orizzontale;Sereno;Scarso;Sufficiente;;1;0;0;2;12.5237;41.8781;-1;1;Autovettura privata;In marcia / fermata / arresto;Conducente;M;Illeso;0;;Non accertato;Inesploso
6060084;9;21/07/2022 23:30:00;Strada Urbana;VIA TUSCOLANA;in prossimit�;;del civico n.;226b;;Scontro laterale fra veicoli in marcia;Rettilineo;Due carreggiate;Asciutto;Asfaltata;Verticale ed orizzontale;Sereno;Scarso;Sufficiente;;1;0;0;2;12.5237;41.8781;-1;1;Autovettura privata;In marcia / fermata / arresto;Passeggero;M;Illeso;0;;Non accertato;Inesploso
6060084;9;21/07/2022 23:30:00;Strada Urbana;VIA TUSCOLANA;in prossimit�;;del civico n.;226b;;Scontro laterale fra veicoli in marcia;Rettilineo;Due carreggiate;Asciutto;Asfaltata;Verticale ed orizzontale;Sereno;Scarso;Sufficiente;;1;0;0;2;12.5237;41.8781;-1;2;Motociclo a solo;In marcia / fermata / arresto;Conducente;M;Rimandato;0;NON DECEDUTO;Non accertato;
6060084;9;21/07/2022 23:30:00;Strada Urbana;VIA TUSCOLANA;in prossimit�;;del civico n.;226b;;Scontro laterale fra veicoli in marcia;Rettilineo;Due carreggiate;Asciutto;Asfaltata;Verticale ed orizzontale;Sereno;Scarso;Sufficiente;;1;0;0;2;12.5237;41.8781;-1;3;Autovettura privata;Sosta;;;;;;;
6060084;9;21/07/2022 23:30:00;Strada Urbana;VIA TUSCOLANA;in prossimit�;;del civico n.;226b;;Scontro laterale fra veicoli in marcia;Rettilineo;Due carreggiate;Asciutto;Asfaltata;Verticale ed orizzontale;Sereno;Scarso;Sufficiente;;1;0;0;2;12.5237;41.8781;-1;4;Autovettura privata;Sosta;;;;;;;
6060085;19;21/07/2022 13:30:00;Strada Urbana;VIA FRANCESCO CRUCITTI;all'intersezione con;VIA DELLA PINETA SACCHETTI;VIA DELLA PINETA SACCHETTI;;;Scontro laterale fra veicoli in marcia;Incrocio;Una carreggiata a senso unico di marcia;Asciutto;Asfaltata;Verticale ed orizzontale;Sereno;Normale;Buona;;0;0;0;5;12.4265;41.9302;-1;1;Autovettura privata;In marcia / fermata / arresto;Conducente;M;Illeso;0;;Non accertato;Inesploso
6060085;19;21/07/2022 13:30:00;Strada Urbana;VIA FRANCESCO CRUCITTI;all'intersezione con;VIA DELLA PINETA SACCHETTI;VIA DELLA PINETA SACCHETTI;;;Scontro laterale fra veicoli in marcia;Incrocio;Una carreggiata a senso unico di marcia;Asciutto;Asfaltata;Verticale ed orizzontale;Sereno;Normale;Buona;;0;0;0;5;12.4265;41.9302;-1;1;Autovettura privata;In marcia / fermata / arresto;Passeggero;F;Illeso;0;;Non accertato;Inesploso
6060085;19;21/07/2022 13:30:00;Strada Urbana;VIA FRANCESCO CRUCITTI;all'intersezione con;VIA DELLA PINETA SACCHETTI;VIA DELLA PINETA SACCHETTI;;;Scontro laterale fra veicoli in marcia;Incrocio;Una carreggiata a senso unico di marcia;Asciutto;Asfaltata;Verticale ed orizzontale;Sereno;Normale;Buona;;0;0;0;5;12.4265;41.9302;-1;1;Autovettura privata;In marcia / fermata / arresto;Passeggero;M;Illeso;0;;Non accertato;Inesploso
6060085;19;21/07/2022 13:30:00;Strada Urbana;VIA FRANCESCO CRUCITTI;all'intersezione con;VIA DELLA PINETA SACCHETTI;VIA DELLA PINETA SACCHETTI;;;Scontro laterale fra veicoli in marcia;Incrocio;Una carreggiata a senso unico di marcia;Asciutto;Asfaltata;Verticale ed orizzontale;Sereno;Normale;Buona;;0;0;0;5;12.4265;41.9302;-1;1;Autovettura privata;In marcia / fermata / arresto;Passeggero;M;Illeso;0;;Non accertato;Inesploso
6060085;19;21/07/2022 13:30:00;Strada Urbana;VIA FRANCESCO CRUCITTI;all'intersezione con;VIA DELLA PINETA SACCHETTI;VIA DELLA PINETA SACCHETTI;;;Scontro laterale fra veicoli in marcia;Incrocio;Una carreggiata a senso unico di marcia;Asciutto;Asfaltata;Verticale ed orizzontale;Sereno;Normale;Buona;;0;0;0;5;12.4265;41.9302;-1;2;Autobus di linea;In marcia / fermata / arresto;Conducente;M;Illeso;0;;Non accertato;Inesploso
6060098;7;21/07/2022 06:50:00;Strada Urbana;VIA FEDERICO DELPINO;all'intersezione con;VIA GIACOMO BRESADOLA;VIA GIACOMO BRESADOLA;;;Scontro frontale/laterale SX fra veicoli in marcia;Intersezione stradale segnalata;Una carreggiata a doppio senso;Asciutto;Asfaltata;Verticale ed orizzontale;Sereno;Normale;Buona;;0;0;0;2;12.5621;41.891;-1;1;Autovettura privata;In marcia / fermata / arresto;Conducente;F;Illeso;0;;Non accertato;Inesploso
6060098;7;21/07/2022 06:50:00;Strada Urbana;VIA FEDERICO DELPINO;all'intersezione con;VIA GIACOMO BRESADOLA;VIA GIACOMO BRESADOLA;;;Scontro frontale/laterale SX fra veicoli in marcia;Intersezione stradale segnalata;Una carreggiata a doppio senso;Asciutto;Asfaltata;Verticale ed orizzontale;Sereno;Normale;Buona;;0;0;0;2;12.5621;41.891;-1;2;Autovettura privata;In marcia / fermata / arresto;Conducente;M;Illeso;0;;Non accertato;Inesploso
6060101;10;21/07/2022 15:00:00;Strada Urbana;VIALE DEI ROMANISTI;all'intersezione semaforizzata con;VIA LUIGI FERRETTI;VIA LUIGI FERRETTI;;;Scontro frontale/laterale DX fra veicoli in marcia;Intersezione semaforizzata;Pi� di due carreggiate;Asciutto;Asfaltata;Verticale ed orizzontale;Sereno;Normale;Sufficiente;;1;0;0;1;12.5729;41.869;-1;1;Autovettura privata;In marcia / fermata / arresto;Conducente;M;Illeso;0;;Non accertato;Inesploso
6060101;10;21/07/2022 15:00:00;Strada Urbana;VIALE DEI ROMANISTI;all'intersezione semaforizzata con;VIA LUIGI FERRETTI;VIA LUIGI FERRETTI;;;Scontro frontale/laterale DX fra veicoli in marcia;Intersezione semaforizzata;Pi� di due carreggiate;Asciutto;Asfaltata;Verticale ed orizzontale;Sereno;Normale;Sufficiente;;1;0;0;1;12.5729;41.869;-1;2;Autovettura privata;In marcia / fermata / arresto;Conducente;F;Rimandato;0;NON DECEDUTO;Non accertato;Inesploso
6060115;19;21/07/2022 21:10:00;Strada Urbana;VIA DELLA PINETA SACCHETTI;in prossimit�;;del civico n.;218;;Scontro frontale/laterale SX fra veicoli in marcia;Rettilineo;Una carreggiata a doppio senso;Asciutto;Asfaltata;Verticale ed orizzontale;Sereno;Normale;Buona;;0;0;0;1;12.4232;41.9138;-1;1;Motociclo a solo;In marcia / fermata / arresto;Conducente;M;Illeso;0;;Non accertato;
6060115;19;21/07/2022 21:10:00;Strada Urbana;VIA DELLA PINETA SACCHETTI;in prossimit�;;del civico n.;218;;Scontro frontale/laterale SX fra veicoli in marcia;Rettilineo;Una carreggiata a doppio senso;Asciutto;Asfaltata;Verticale ed orizzontale;Sereno;Normale;Buona;;0;0;0;1;12.4232;41.9138;-1;2;Velocipede;Allontanatosi;;;;;;;
6060125;19;22/07/2022 03:40:00;Provinciale;VIA BRACCIANENSE;in prossimit�;;della chilometrica;7;;Veicolo in marcia contro ostacolo fisso;Rettilineo;Una carreggiata a doppio senso;Asciutto;Asfaltata;Orizzontale;Sereno;Scarso;Sufficiente;;0;0;0;1;12.3653;42.0132;-1;1;Autovettura privata;In marcia / fermata / arresto;Conducente;M;Illeso;0;;;
6060126;10;21/07/2022 17:40:00;Strada Urbana;CIRCONVALLAZIONE TUSCOLANA;in corrispondenza;;del palo luce n.;7;;Scontro frontale/laterale SX fra veicoli in marcia;Rettilineo;Una carreggiata a senso unico di marcia;Asciutto;Asfaltata;Verticale ed orizzontale;Sereno;Normale;Buona;;0;0;0;3;12.5687;41.8514;-1;1;Autovettura privata;In marcia / fermata / arresto;Conducente;M;Illeso;0;;Non accertato;Inesploso
6060126;10;21/07/2022 17:40:00;Strada Urbana;CIRCONVALLAZIONE TUSCOLANA;in corrispondenza;;del palo luce n.;7;;Scontro frontale/laterale SX fra veicoli in marcia;Rettilineo;Una carreggiata a senso unico di marcia;Asciutto;Asfaltata;Verticale ed orizzontale;Sereno;Normale;Buona;;0;0;0;3;12.5687;41.8514;-1;1;Autovettura privata;In marcia / fermata / arresto;Passeggero;F;Illeso;0;;Non accertato;Inesploso
6060126;10;21/07/2022 17:40:00;Strada Urbana;CIRCONVALLAZIONE TUSCOLANA;in corrispondenza;;del palo luce n.;7;;Scontro frontale/laterale SX fra veicoli in marcia;Rettilineo;Una carreggiata a senso unico di marcia;Asciutto;Asfaltata;Verticale ed orizzontale;Sereno;Normale;Buona;;0;0;0;3;12.5687;41.8514;-1;2;Autovettura privata;In marcia / fermata / arresto;Conducente;M;Illeso;0;;Non accertato;Inesploso
6060133;8;21/07/2022 15:45:00;Strada Urbana;VIA AMICO ASPERTINI;in prossimit�;;del civico n.;179/185/187;;Veicolo in marcia contro veicolo in sosta;Rettilineo;Una carreggiata a doppio senso;Asciutto;Asfaltata;Assente;Sereno;Scarso;Buona;;0;0;0;0;12.628;41.875;-1;1;Autovettura privata;Sosta;;;;;;;
6060133;8;21/07/2022 15:45:00;Strada Urbana;VIA AMICO ASPERTINI;in prossimit�;;del civico n.;179/185/187;;Veicolo in marcia contro veicolo in sosta;Rettilineo;Una carreggiata a doppio senso;Asciutto;Asfaltata;Assente;Sereno;Scarso;Buona;;0;0;0;0;12.628;41.875;-1;2;Altro;Allontanatosi;;;;;;;
6060147;10;21/07/2022 20:10:00;Strada Urbana;VIA ANAGNINA;in prossimit�;;del civico n.;82;;Tamponamento;Rettilineo;Due carreggiate;Asciutto;Asfaltata;Verticale ed orizzontale;Sereno;Normale;Buona;;1;0;0;1;12.5937;41.8344;-1;1;Motociclo a solo;In marcia / fermata / arresto;Conducente;F;Rimandato;0;NON DECEDUTO;Non accertato;
6060147;10;21/07/2022 20:10:00;Strada Urbana;VIA ANAGNINA;in prossimit�;;del civico n.;82;;Tamponamento;Rettilineo;Due carreggiate;Asciutto;Asfaltata;Verticale ed orizzontale;Sereno;Normale;Buona;;1;0;0;1;12.5937;41.8344;-1;2;Autovettura privata;In marcia / fermata / arresto;Conducente;M;Illeso;0;;Non accertato;Inesploso
6060150;8;21/07/2022 11:55:00;Strada Urbana;VIA CASILINA;all'intersezione con;PIAZZA DI TORRE GAIA;PIAZZA DI TORRE GAIA;;;Scontro laterale fra veicoli in marcia;Intersezione semaforizzata;Due carreggiate;Asciutto;Asfaltata;Verticale ed orizzontale;Sereno;Normale;Buona;;1;0;0;0;12.6212;41.8626;0;1;Motociclo a solo;In marcia / fermata / arresto;Conducente;M;Rifiuta cure immediate;0;NON DECEDUTO;Non accertato;
6060150;8;21/07/2022 11:55:00;Strada Urbana;VIA CASILINA;all'intersezione con;PIAZZA DI TORRE GAIA;PIAZZA DI TORRE GAIA;;;Scontro laterale fra veicoli in marcia;Intersezione semaforizzata;Due carreggiate;Asciutto;Asfaltata;Verticale ed orizzontale;Sereno;Normale;Buona;;1;0;0;0;12.6212;41.8626;0;2;Autovettura privata;In marcia / fermata / arresto;;;;;;;
6060151;5;21/07/2022 08:15:00;Strada Urbana;VIA DI PIETRALATA;in prossimit�;;del civico n.;499;;Veicolo in marcia contro veicolo in sosta;Rettilineo;Una carreggiata a doppio senso;Asciutto;Asfaltata;Orizzontale;Sereno;Normale;Buona;;0;0;0;1;12.5557;41.9175;-1;1;Autovettura privata;In marcia / fermata / arresto;Conducente;M;Illeso;0;;Non accertato;Inesploso
6060151;5;21/07/2022 08:15:00;Strada Urbana;VIA DI PIETRALATA;in prossimit�;;del civico n.;499;;Veicolo in marcia contro veicolo in sosta;Rettilineo;Una carreggiata a doppio senso;Asciutto;Asfaltata;Orizzontale;Sereno;Normale;Buona;;0;0;0;1;12.5557;41.9175;-1;2;Motociclo a solo;Sosta;;;;;;;
6060152;15;21/07/2022 16:00:00;Strada Urbana;LUNGOTEVERE DI PIETRA PAPA;da specificare;;;;fronte civico 63;Veicolo in marcia contro veicolo in sosta;Curva a visuale libera;Due carreggiate;Asciutto;Asfaltata;Orizzontale;Sereno;Normale;Buona;;0;0;0;1;12.4743;41.8629;-1;1;Autovettura privata;In marcia / fermata / arresto;Conducente;F;Illeso;0;;Non accertato;Inesploso
6060152;15;21/07/2022 16:00:00;Strada Urbana;LUNGOTEVERE DI PIETRA PAPA;da specificare;;;;fronte civico 63;Veicolo in marcia contro veicolo in sosta;Curva a visuale libera;Due carreggiate;Asciutto;Asfaltata;Orizzontale;Sereno;Normale;Buona;;0;0;0;1;12.4743;41.8629;-1;2;Autovettura privata;Sosta;;;;;;;
6060155;10;21/07/2022 23:00:00;Strada Urbana;VIALE BRUNO RIZZIERI;da specificare;;;;rotatoria viale BRUNO PELIZZI ;Tamponamento;Rettilineo;Una carreggiata a doppio senso;Asciutto;Asfaltata;Verticale ed orizzontale;Sereno;Scarso;Buona;;0;0;0;2;12.5832;41.8524;-1;1;Autovettura privata;In marcia / fermata / arresto;Conducente;M;Illeso;0;;Non accertato;Inesploso