Protocollo;Gruppo;DataOraIncidente;Localizzazione1;STRADA1;Localizzazione2;STRADA2;Strada02;Chilometrica;DaSpecificare;NaturaIncidente;particolaritastrade;TipoStrada;FondoStradale;Pavimentazione;Segnaletica;CondizioneAtmosferica;Traffico;Visibilita;Illuminazione;NUM_FERITI;NUM_RISERVATA;NUM_MORTI;NUM_ILLESI;Longitude;Latitude;Confermato;Progressivo;TipoVeicolo;StatoVeicolo;TipoPersona;Sesso;Tipolesione;Deceduto;DecedutoDopo;CinturaCascoUtilizzato;Airbag;
6066383;1;27/07/2022 10:50:00;Strada Urbana;VIALE GIOTTO;da specificare;;;;loto oppsto civ. 5;Scontro laterale fra veicoli in marcia;Rettilineo;Una carreggiata a doppio senso;Asciutto;Asfaltata;Verticale ed orizzontale;Sereno;Scarso;Buona;;0;0;0;2;12.4863;41.8767;-1;2;Autovettura privata;In marcia / fermata / arresto;Conducente;M;Illeso;0;;;
6066428;7;27/07/2022 16:00:00;Strada Urbana;VIA PAPIRIA;in prossimit�;;del civico n.;122;;Tamponamento;Rettilineo;Una carreggiata a doppio senso;Asciutto;Asfaltata;Verticale ed orizzontale;Sereno;Normale;Buona;;0;0;0;2;12.5659;41.8626;-1;1;Autovettura privata;In marcia / fermata / arresto;Conducente;M;Illeso;0;;;
6066428;7;27/07/2022 16:00:00;Strada Urbana;VIA PAPIRIA;in prossimit�;;del civico n.;122;;Tamponamento;Rettilineo;Una carreggiata a doppio senso;Asciutto;Asfaltata;Verticale ed orizzontale;Sereno;Normale;Buona;;0;0;0;2;12.5659;41.8626;-1;2;Autovettura privata;In marcia / fermata / arresto;Conducente;M;Illeso;0;;;
6066436;18;27/07/2022 16:15:00;Strada Urbana;VIA MARTINO V;all'intersezione con;VIA DEL FORTE BOCCEA;VIA DEL FORTE BOCCEA;;;Scontro frontale/laterale DX fra veicoli in marcia;Intersezione stradale segnalata;Una carreggiata a senso unico di marcia;Asciutto;Asfaltata;Verticale ed orizzontale;Sereno;Normale;Buona;;0;0;0;7;12.4212;41.9057;-1;1;Autovettura privata;In marcia / fermata / arresto;Conducente;F;Illeso;0;;Non accertato;Inesploso
6066436;18;27/07/2022 16:15:00;Strada Urbana;VIA MARTINO V;all'intersezione con;VIA DEL FORTE BOCCEA;VIA DEL FORTE BOCCEA;;;Scontro frontale/laterale DX fra veicoli in marcia;Intersezione stradale segnalata;Una carreggiata a senso unico di marcia;Asciutto;Asfaltata;Verticale ed orizzontale;Sereno;Normale;Buona;;0;0;0;7;12.4212;41.9057;-1;1;Autovettura privata;In marcia / fermata / arresto;Passeggero;F;Illeso;0;;Non accertato;Inesploso
6066436;18;27/07/2022 16:15:00;Strada Urbana;VIA MARTINO V;all'intersezione con;VIA DEL FORTE BOCCEA;VIA DEL FORTE BOCCEA;;;Scontro frontale/laterale DX fra veicoli in marcia;Intersezione stradale segnalata;Una carreggiata a senso unico di marcia;Asciutto;Asfaltata;Verticale ed orizzontale;Sereno;Normale;Buona;;0;0;0;7;12.4212;41.9057;-1;1;Autovettura privata;In marcia / fermata / arresto;Passeggero;M;Illeso;0;;Non accertato;Inesploso
6066436;18;27/07/2022 16:15:00;Strada Urbana;VIA MARTINO V;all'intersezione con;VIA DEL FORTE BOCCEA;VIA DEL FORTE BOCCEA;;;Scontro frontale/laterale DX fra veicoli in marcia;Intersezione stradale segnalata;Una carreggiata a senso unico di marcia;Asciutto;Asfaltata;Verticale ed orizzontale;Sereno;Normale;Buona;;0;0;0;7;12.4212;41.9057;-1;1;Autovettura privata;In marcia / fermata / arresto;Passeggero;F;Illeso;0;;Non accertato;Inesploso
6066436;18;27/07/2022 16:15:00;Strada Urbana;VIA MARTINO V;all'intersezione con;VIA DEL FORTE BOCCEA;VIA DEL FORTE BOCCEA;;;Scontro frontale/laterale DX fra veicoli in marcia;Intersezione stradale segnalata;Una carreggiata a senso unico di marcia;Asciutto;Asfaltata;Verticale ed orizzontale;Sereno;Normale;Buona;;0;0;0;7;12.4212;41.9057;-1;2;Autocarro inferiore 35 q.;In marcia / fermata / arresto;Conducente;M;Illeso;0;;Non accertato;Inesploso
6066436;18;27/07/2022 16:15:00;Strada Urbana;VIA MARTINO V;all'intersezione con;VIA DEL FORTE BOCCEA;VIA DEL FORTE BOCCEA;;;Scontro frontale/laterale DX fra veicoli in marcia;Intersezione stradale segnalata;Una carreggiata a senso unico di marcia;Asciutto;Asfaltata;Verticale ed orizzontale;Sereno;Normale;Buona;;0;0;0;7;12.4212;41.9057;-1;2;Autocarro inferiore 35 q.;In marcia / fermata / arresto;Passeggero;M;Illeso;0;;Non accertato;Inesploso
6066436;18;27/07/2022 16:15:00;Strada Urbana;VIA MARTINO V;all'intersezione con;VIA DEL FORTE BOCCEA;VIA DEL FORTE BOCCEA;;;Scontro frontale/laterale DX fra veicoli in marcia;Intersezione stradale segnalata;Una carreggiata a senso unico di marcia;Asciutto;Asfaltata;Verticale ed orizzontale;Sereno;Normale;Buona;;0;0;0;7;12.4212;41.9057;-1;2;Autocarro inferiore 35 q.;In marcia / fermata / arresto;Passeggero;M;Illeso;0;;Non accertato;Inesploso
6066508;19;27/07/2022 11:15:00;Strada Urbana;VIA EMILIO CAGLIERI;all'intersezione con;VIA BRACCIANENSE;VIA BRACCIANENSE;;;Tamponamento;Incrocio;Una carreggiata a senso unico di marcia;Asciutto;Asfaltata;Verticale ed orizzontale;Sereno;Scarso;Buona;;2;0;0;1;12.4699;41.8859;-1;1;Autovettura privata;In marcia / fermata / arresto;Conducente;M;Illeso;0;;Non accertato;Inesploso
6066508;19;27/07/2022 11:15:00;Strada Urbana;VIA EMILIO CAGLIERI;all'intersezione con;VIA BRACCIANENSE;VIA BRACCIANENSE;;;Tamponamento;Incrocio;Una carreggiata a senso unico di marcia;Asciutto;Asfaltata;Verticale ed orizzontale;Sereno;Scarso;Buona;;2;0;0;1;12.4699;41.8859;-1;1;Autovettura privata;In marcia / fermata / arresto;Passeggero;M;Rimandato;0;NON DECEDUTO;Non accertato;Inesploso
6066508;19;27/07/2022 11:15:00;Strada Urbana;VIA EMILIO CAGLIERI;all'intersezione con;VIA BRACCIANENSE;VIA BRACCIANENSE;;;Tamponamento;Incrocio;Una carreggiata a senso unico di marcia;Asciutto;Asfaltata;Verticale ed orizzontale;Sereno;Scarso;Buona;;2;0;0;1;12.4699;41.8859;-1;2;Autovettura privata;In marcia / fermata / arresto;Conducente;M;Rimandato;0;NON DECEDUTO;Non accertato;Inesploso
6066580;6;27/07/2022 16:15:00;Strada Urbana;VIA FRANCESCO BARACCA;all'intersezione con;VIA AMEDEO CENCELLI;VIA AMEDEO CENCELLI;;;Scontro frontale/laterale DX fra veicoli in marcia;Incrocio;Una carreggiata a senso unico di marcia;Asciutto;Asfaltata;Verticale ed orizzontale;Sereno;Scarso;Buona;;0;0;0;2;12.5431;41.8791;-1;1;Autovettura privata;In marcia / fermata / arresto;Conducente;M;Illeso;0;;;
6066580;6;27/07/2022 16:15:00;Strada Urbana;VIA FRANCESCO BARACCA;all'intersezione con;VIA AMEDEO CENCELLI;VIA AMEDEO CENCELLI;;;Scontro frontale/laterale DX fra veicoli in marcia;Incrocio;Una carreggiata a senso unico di marcia;Asciutto;Asfaltata;Verticale ed orizzontale;Sereno;Scarso;Buona;;0;0;0;2;12.5431;41.8791;-1;2;Autovettura privata;In marcia / fermata / arresto;Conducente;M;Illeso;0;;;
6066588;15;27/07/2022 13:15:00;Strada Urbana;VIA PASQUALE BAFFI;in corrispondenza;;del civico n.;8;;Veicolo in marcia contro veicoli in sosta;Rettilineo;Una carreggiata a senso unico di marcia;Asciutto;Asfaltata;Verticale ed orizzontale;Sereno;Scarso;Buona;;0;0;0;0;12.4521;41.8521;-1;1;Autovettura privata;Sosta;;;;;;;
6066588;15;27/07/2022 13:15:00;Strada Urbana;VIA PASQUALE BAFFI;in corrispondenza;;del civico n.;8;;Veicolo in marcia contro veicoli in sosta;Rettilineo;Una carreggiata a senso unico di marcia;Asciutto;Asfaltata;Verticale ed orizzontale;Sereno;Scarso;Buona;;0;0;0;0;12.4521;41.8521;-1;2;Monopattino elettrico;Sosta;;;;;;;
6066594;6;27/07/2022 16:40:00;Strada Urbana;VIA PRENESTINA;da specificare;;;;f.c. 242 A (sede tramviaria);Investimento di pedone;Rettilineo;Pi� di due carreggiate;Asciutto;Asfaltata;Verticale ed orizzontale;Sereno;Normale;Buona;;1;0;0;3;12.5404;41.8925;-1;;;;Pedone;F;Rifiuta cure immediate;0;NON DECEDUTO;;
6066594;6;27/07/2022 16:40:00;Strada Urbana;VIA PRENESTINA;da specificare;;;;f.c. 242 A (sede tramviaria);Investimento di pedone;Rettilineo;Pi� di due carreggiate;Asciutto;Asfaltata;Verticale ed orizzontale;Sereno;Normale;Buona;;1;0;0;3;12.5404;41.8925;-1;1;Autovettura di polizia;In marcia / fermata / arresto;Conducente;F;Illeso;0;;;
6066594;6;27/07/2022 16:40:00;Strada Urbana;VIA PRENESTINA;da specificare;;;;f.c. 242 A (sede tramviaria);Investimento di pedone;Rettilineo;Pi� di due carreggiate;Asciutto;Asfaltata;Verticale ed orizzontale;Sereno;Normale;Buona;;1;0;0;3;12.5404;41.8925;-1;1;Autovettura di polizia;In marcia / fermata / arresto;Passeggero;M;Illeso;0;;;
6066594;6;27/07/2022 16:40:00;Strada Urbana;VIA PRENESTINA;da specificare;;;;f.c. 242 A (sede tramviaria);Investimento di pedone;Rettilineo;Pi� di due carreggiate;Asciutto;Asfaltata;Verticale ed orizzontale;Sereno;Normale;Buona;;1;0;0;3;12.5404;41.8925;-1;1;Autovettura di polizia;In marcia / fermata / arresto;Passeggero;M;Illeso;0;;;
6066843;8;27/07/2022 13:00:00;Strada Urbana;VIA CASILINA;in corrispondenza;;del civico n.;1754;;Scontro frontale/laterale DX fra veicoli in marcia;Rettilineo;Una carreggiata a doppio senso;Asciutto;Asfaltata;Orizzontale;Sereno;Normale;Buona;;0;0;0;2;12.6684;41.8642;-1;1;Autovettura privata;In marcia / fermata / arresto;Conducente;F;Illeso;0;;Non accertato;Inesploso
6066843;8;27/07/2022 13:00:00;Strada Urbana;VIA CASILINA;in corrispondenza;;del civico n.;1754;;Scontro frontale/laterale DX fra veicoli in marcia;Rettilineo;Una carreggiata a doppio senso;Asciutto;Asfaltata;Orizzontale;Sereno;Normale;Buona;;0;0;0;2;12.6684;41.8642;-1;2;Autovettura privata;In marcia / fermata / arresto;Conducente;M;Illeso;0;;Non accertato;Inesploso
6066844;1;27/07/2022 19:55:00;Strada Urbana;LUNGOTEVERE RAFFAELLO SANZIO;all'intersezione semaforizzata con;PONTE GARIBALDI;PONTE GARIBALDI;;;Scontro frontale/laterale DX fra veicoli in marcia;Intersezione semaforizzata;Una carreggiata a senso unico di marcia;Asciutto;Asfaltata;Verticale ed orizzontale;Sereno;Intenso;Buona;;1;0;0;1;12.4743;41.8904;-1;1;Autovettura privata;In marcia / fermata / arresto;Conducente;F;Illeso;0;;;
6066844;1;27/07/2022 19:55:00;Strada Urbana;LUNGOTEVERE RAFFAELLO SANZIO;all'intersezione semaforizzata con;PONTE GARIBALDI;PONTE GARIBALDI;;;Scontro frontale/laterale DX fra veicoli in marcia;Intersezione semaforizzata;Una carreggiata a senso unico di marcia;Asciutto;Asfaltata;Verticale ed orizzontale;Sereno;Intenso;Buona;;1;0;0;1;12.4743;41.8904;-1;2;Monopattino elettrico;In marcia / fermata / arresto;Conducente;F;Rimandato;0;NON DECEDUTO;;
6066879;15;27/07/2022 20:55:00;Strada Urbana;VIA DEI SAMPIERI;all'intersezione con;VIA POGGIO VERDE;VIA POGGIO VERDE;;;Tamponamento;Intersezione non regolata/non segnalata;Una carreggiata a doppio senso;Asciutto;Asfaltata;Verticale ed orizzontale;Sereno;Scarso;Buona;;0;0;0;2;12.4178;41.8543;-1;1;Autovettura privata;In marcia / fermata / arresto;Conducente;F;Illeso;0;;Non accertato;Inesploso
6066879;15;27/07/2022 20:55:00;Strada Urbana;VIA DEI SAMPIERI;all'intersezione con;VIA POGGIO VERDE;VIA POGGIO VERDE;;;Tamponamento;Intersezione non regolata/non segnalata;Una carreggiata a doppio senso;Asciutto;Asfaltata;Verticale ed orizzontale;Sereno;Scarso;Buona;;0;0;0;2;12.4178;41.8543;-1;1;Autovettura privata;In marcia / fermata / arresto;Passeggero;F;Illeso;0;;;
6066879;15;27/07/2022 20:55:00;Strada Urbana;VIA DEI SAMPIERI;all'intersezione con;VIA POGGIO VERDE;VIA POGGIO VERDE;;;Tamponamento;Intersezione non regolata/non segnalata;Una carreggiata a doppio senso;Asciutto;Asfaltata;Verticale ed orizzontale;Sereno;Scarso;Buona;;0;0;0;2;12.4178;41.8543;-1;2;Autovettura privata;Allontanatosi;;;;;;;
6066883;11;27/07/2022 16:30:00;Strada Urbana;VIA OSTIENSE;all'intersezione con;VIA DI PONTE LADRONE;VIA DI PONTE LADRONE;;;Tamponamento Multiplo;Incrocio;Una carreggiata a doppio senso;Asciutto;Asfaltata;Verticale ed orizzontale;Sereno;Normale;Buona;;1;0;0;3;12.3758;41.7891;-1;1;Autocarro inferiore 35 q.;In marcia / fermata / arresto;Conducente;M;Illeso;0;;;
6066883;11;27/07/2022 16:30:00;Strada Urbana;VIA OSTIENSE;all'intersezione con;VIA DI PONTE LADRONE;VIA DI PONTE LADRONE;;;Tamponamento Multiplo;Incrocio;Una carreggiata a doppio senso;Asciutto;Asfaltata;Verticale ed orizzontale;Sereno;Normale;Buona;;1;0;0;3;12.3758;41.7891;-1;2;Autocarro inferiore 35 q.;In marcia / fermata / arresto;Conducente;M;Rifiuta cure immediate;0;NON DECEDUTO;;
6066883;11;27/07/2022 16:30:00;Strada Urbana;VIA OSTIENSE;all'intersezione con;VIA DI PONTE LADRONE;VIA DI PONTE LADRONE;;;Tamponamento Multiplo;Incrocio;Una carreggiata a doppio senso;Asciutto;Asfaltata;Verticale ed orizzontale;Sereno;Normale;Buona;;1;0;0;3;12.3758;41.7891;-1;3;Autovettura privata;In marcia / fermata / arresto;Conducente;M;Illeso;0;;;
6066883;11;27/07/2022 16:30:00;Strada Urbana;VIA OSTIENSE;all'intersezione con;VIA DI PONTE LADRONE;VIA DI PONTE LADRONE;;;Tamponamento Multiplo;Incrocio;Una carreggiata a doppio senso;Asciutto;Asfaltata;Verticale ed orizzontale;Sereno;Normale;Buona;;1;0;0;3;12.3758;41.7891;-1;4;Autovettura privata;In marcia / fermata / arresto;Conducente;M;Illeso;0;;;
6066892;15;27/07/2022 12:30:00;Strada Urbana;VIA DELLA MAGLIANA;all'intersezione con;VIA CITTA' DI PRATO;VIA CITTA' DI PRATO;;;Scontro frontale/laterale DX fra veicoli in marcia;Intersezione stradale segnalata;Una carreggiata a doppio senso;Asciutto;Asfaltata;Verticale ed orizzontale;Sereno;Normale;Buona;;0;0;0;2;12.4196;41.8317;-1;1;Autovettura privata;In marcia / fermata / arresto;Conducente;M;Illeso;0;;Non accertato;Inesploso
6066892;15;27/07/2022 12:30:00;Strada Urbana;VIA DELLA MAGLIANA;all'intersezione con;VIA CITTA' DI PRATO;VIA CITTA' DI PRATO;;;Scontro frontale/laterale DX fra veicoli in marcia;Intersezione stradale segnalata;Una carreggiata a doppio senso;Asciutto;Asfaltata;Verticale ed orizzontale;Sereno;Normale;Buona;;0;0;0;2;12.4196;41.8317;-1;2;Autovettura privata;In marcia / fermata / arresto;Conducente;F;Illeso;0;;Non accertato;Inesploso
6066897;10;27/07/2022 13:30:00;Strada Urbana;VIA TUSCOLANA;in prossimit�;;del civico n.;1818;;Veicolo in marcia contro veicolo in sosta;Rettilineo;Due carreggiate;Asciutto;Asfaltata;Verticale ed orizzontale;Sereno;Normale;Sufficiente;;0;0;0;1;12.5853;41.8415;-1;1;Autovettura privata;In marcia / fermata / arresto;Conducente;F;Illeso;0;;Non accertato;Inesploso
6066897;10;27/07/2022 13:30:00;Strada Urbana;VIA TUSCOLANA;in prossimit�;;del civico n.;1818;;Veicolo in marcia contro veicolo in sosta;Rettilineo;Due carreggiate;Asciutto;Asfaltata;Verticale ed orizzontale;Sereno;Normale;Sufficiente;;0;0;0;1;12.5853;41.8415;-1;2;Motociclo a solo;Sosta;;;;;;;
6066898;7;27/07/2022 06:50:00;Strada Urbana;VIA PRENESTINA;all'intersezione con;VIALE GIORGIO DE CHIRICO;VIALE GIORGIO DE CHIRICO;;;Scontro frontale/laterale DX fra veicoli in marcia;Intersezione semaforizzata;Una carreggiata a doppio senso;Asciutto;Asfaltata;Verticale ed orizzontale;Sereno;Normale;Buona;;1;0;0;2;12.6155;41.8933;-1;1;Autovettura privata;In marcia / fermata / arresto;Conducente;M;Illeso;0;;Non accertato;Inesploso
6066898;7;27/07/2022 06:50:00;Strada Urbana;VIA PRENESTINA;all'intersezione con;VIALE GIORGIO DE CHIRICO;VIALE GIORGIO DE CHIRICO;;;Scontro frontale/laterale DX fra veicoli in marcia;Intersezione semaforizzata;Una carreggiata a doppio senso;Asciutto;Asfaltata;Verticale ed orizzontale;Sereno;Normale;Buona;;1;0;0;2;12.6155;41.8933;-1;1;Autovettura privata;In marcia / fermata / arresto;Passeggero;F;Rimandato;0;NON DECEDUTO;Non accertato;Inesploso
6066898;7;27/07/2022 06:50:00;Strada Urbana;VIA PRENESTINA;all'intersezione con;VIALE GIORGIO DE CHIRICO;VIALE GIORGIO DE CHIRICO;;;Scontro frontale/laterale DX fra veicoli in marcia;Intersezione semaforizzata;Una carreggiata a doppio senso;Asciutto;Asfaltata;Verticale ed orizzontale;Sereno;Normale;Buona;;1;0;0;2;12.6155;41.8933;-1;2;Autovettura di polizia;In marcia / fermata / arresto;Conducente;M;Illeso;0;;Esente;Inesploso
6066900;15;27/07/2022 19:25:00;Strada Urbana;LARGO EMILIO QUADRELLI;in prossimit�;;del civico n.;5;;Tamponamento;Rettilineo;Una carreggiata a senso unico di marcia;Asciutto;Asfaltata;Verticale ed orizzontale;Sereno;Normale;Buona;;0;0;0;3;12.4112;41.8494;-1;1;Autovettura privata;In marcia / fermata / arresto;Conducente;M;Illeso;0;;Non accertato;Inesploso
6066900;15;27/07/2022 19:25:00;Strada Urbana;LARGO EMILIO QUADRELLI;in prossimit�;;del civico n.;5;;Tamponamento;Rettilineo;Una carreggiata a senso unico di marcia;Asciutto;Asfaltata;Verticale ed orizzontale;Sereno;Normale;Buona;;0;0;0;3;12.4112;41.8494;-1;1;Autovettura privata;In marcia / fermata / arresto;Passeggero;F;Illeso;0;;;Inesploso
6066900;15;27/07/2022 19:25:00;Strada Urbana;LARGO EMILIO QUADRELLI;in prossimit�;;del civico n.;5;;Tamponamento;Rettilineo;Una carreggiata a senso unico di marcia;Asciutto;Asfaltata;Verticale ed orizzontale;Sereno;Normale;Buona;;0;0;0;3;12.4112;41.8494;-1;2;Motociclo a solo;In marcia / fermata / arresto;Conducente;F;Illeso;0;;Non accertato;
6066903;15;27/07/2022 22:15:00;Strada Urbana;VIA GIUSEPPE BELLUZZO;in prossimit�;;del civico n.;55;;Veicolo in marcia contro veicolo in sosta;Rettilineo;Una carreggiata a doppio senso;Asciutto;Asfaltata;Orizzontale;Sereno;Scarso;Buona;;0;1;0;0;12.4621;41.8628;-1;1;Motociclo a solo;In marcia / fermata / arresto;Conducente;M;Prognosi riservata;0;NON DECEDUTO;Non accertato;
6066903;15;27/07/2022 22:15:00;Strada Urbana;VIA GIUSEPPE BELLUZZO;in prossimit�;;del civico n.;55;;Veicolo in marcia contro veicolo in sosta;Rettilineo;Una carreggiata a doppio senso;Asciutto;Asfaltata;Orizzontale;Sereno;Scarso;Buona;;0;1;0;0;12.4621;41.8628;-1;2;Autovettura privata;Sosta;;;;;;;
6066919;19;27/07/2022 16:40:00;Strada Urbana;VIA TRIONFALE;all'intersezione con;VIA BENEDETTO BACCHINI;VIA BENEDETTO BACCHINI;;;Scontro frontale/laterale DX fra veicoli in marcia;Incrocio;Una carreggiata a doppio senso;Asciutto;Asfaltata;Verticale ed orizzontale;Sereno;Normale;Buona;;2;0;0;0;12.4123;41.9586;0;1;Motociclo a solo;In marcia / fermata / arresto;Conducente;M;Rifiuta cure immediate;0;NON DECEDUTO;;
6066919;19;27/07/2022 16:40:00;Strada Urbana;VIA TRIONFALE;all'intersezione con;VIA BENEDETTO BACCHINI;VIA BENEDETTO BACCHINI;;;Scontro frontale/laterale DX fra veicoli in marcia;Incrocio;Una carreggiata a doppio senso;Asciutto;Asfaltata;Verticale ed orizzontale;Sereno;Normale;Buona;;2;0;0;0;12.4123;41.9586;0;1;Motociclo a solo;In marcia / fermata / arresto;Passeggero;F;Rifiuta cure immediate;0;NON DECEDUTO;;
6066919;19;27/07/2022 16:40:00;Strada Urbana;VIA TRIONFALE;all'intersezione con;VIA BENEDETTO BACCHINI;VIA BENEDETTO BACCHINI;;;Scontro frontale/laterale DX fra veicoli in marcia;Incrocio;Una carreggiata a doppio senso;Asciutto;Asfaltata;Verticale ed orizzontale;Sereno;Normale;Buona;;2;0;0;0;12.4123;41.9586;0;2;Autovettura privata;Allontanatosi;;;;;;;
6066921;1;27/07/2022 20:10:00;Strada Urbana;PORTO DI RIPA GRANDE;in prossimit�;;del civico n.;6/A;;Tamponamento Multiplo;Rettilineo;Una carreggiata a senso unico di marcia;Asciutto;Asfaltata;Verticale ed orizzontale;Sereno;Normale;Buona;;1;0;0;4;12.4749;41.884;-1;1;Autovettura privata;In marcia / fermata / arresto;Conducente;M;Illeso;0;;;
6066921;1;27/07/2022 20:10:00;Strada Urbana;PORTO DI RIPA GRANDE;in prossimit�;;del civico n.;6/A;;Tamponamento Multiplo;Rettilineo;Una carreggiata a senso unico di marcia;Asciutto;Asfaltata;Verticale ed orizzontale;Sereno;Normale;Buona;;1;0;0;4;12.4749;41.884;-1;2;Autovettura pubblica;In marcia / fermata / arresto;Conducente;M;Rimandato;0;NON DECEDUTO;Non accertato;
6066921;1;27/07/2022 20:10:00;Strada Urbana;PORTO DI RIPA GRANDE;in prossimit�;;del civico n.;6/A;;Tamponamento Multiplo;Rettilineo;Una carreggiata a senso unico di marcia;Asciutto;Asfaltata;Verticale ed orizzontale;Sereno;Normale;Buona;;1;0;0;4;12.4749;41.884;-1;3;Autovettura privata;In marcia / fermata / arresto;Conducente;F;Illeso;0;;;
6066921;1;27/07/2022 20:10:00;Strada Urbana;PORTO DI RIPA GRANDE;in prossimit�;;del civico n.;6/A;;Tamponamento Multiplo;Rettilineo;Una carreggiata a senso unico di marcia;Asciutto;Asfaltata;Verticale ed orizzontale;Sereno;Normale;Buona;;1;0;0;4;12.4749;41.884;-1;3;Autovettura privata;In marcia / fermata / arresto;Passeggero;F;Illeso;0;;Non accertato;
6066921;1;27/07/2022 20:10:00;Strada Urbana;PORTO DI RIPA GRANDE;in prossimit�;;del civico n.;6/A;;Tamponamento Multiplo;Rettilineo;Una carreggiata a senso unico di marcia;Asciutto;Asfaltata;Verticale ed orizzontale;Sereno;Normale;Buona;;1;0;0;4;12.4749;41.884;-1;4;Autovettura privata;In marcia / fermata / arresto;Conducente;F;Illeso;0;;Non accertato;
6066925;20;27/07/2022 14:00:00;Strada Urbana;PIAZZA DI SAXA RUBRA;da specificare;;;;fronte civ. 9;Tamponamento;Curva a visuale libera;Una carreggiata a senso unico di marcia;Asciutto;Asfaltata;Verticale ed orizzontale;Sereno;Scarso;Buona;;0;0;0;4;12.4933;42.0009;-1;1;Autovettura privata;In marcia / fermata / arresto;Conducente;M;Illeso;0;;;
6066925;20;27/07/2022 14:00:00;Strada Urbana;PIAZZA DI SAXA RUBRA;da specificare;;;;fronte civ. 9;Tamponamento;Curva a visuale libera;Una carreggiata a senso unico di marcia;Asciutto;Asfaltata;Verticale ed orizzontale;Sereno;Scarso;Buona;;0;0;0;4;12.4933;42.0009;-1;2;Autovettura privata;In marcia / fermata / arresto;Conducente;M;Illeso;0;;;
6066925;20;27/07/2022 14:00:00;Strada Urbana;PIAZZA DI SAXA RUBRA;da specificare;;;;fronte civ. 9;Tamponamento;Curva a visuale libera;Una carreggiata a senso unico di marcia;Asciutto;Asfaltata;Verticale ed orizzontale;Sereno;Scarso;Buona;;0;0;0;4;12.4933;42.0009;-1;2;Autovettura privata;In marcia / fermata / arresto;Passeggero;M;Illeso;0;;;
6066925;20;27/07/2022 14:00:00;Strada Urbana;PIAZZA DI SAXA RUBRA;da specificare;;;;fronte civ. 9;Tamponamento;Curva a visuale libera;Una carreggiata a senso unico di marcia;Asciutto;Asfaltata;Verticale ed orizzontale;Sereno;Scarso;Buona;;0;0;0;4;12.4933;42.0009;-1;2;Autovettura privata;In marcia / fermata / arresto;Passeggero;F;Illeso;0;;;
6066928;20;27/07/2022 18:00:00;Strada Urbana;VIA FLAMINIA NUOVA;da specificare;;;;alt. via Bomarzo dir. G.R.A;Tamponamento;Rettilineo;Due carreggiate;Asciutto;Asfaltata;Orizzontale;Sereno;Normale;Buona;;0;0;0;2;12.4792;41.9609;-1;1;Autovettura privata;In marcia / fermata / arresto;Conducente;M;Illeso;0;;;
6066928;20;27/07/2022 18:00:00;Strada Urbana;VIA FLAMINIA NUOVA;da specificare;;;;alt. via Bomarzo dir. G.R.A;Tamponamento;Rettilineo;Due carreggiate;Asciutto;Asfaltata;Orizzontale;Sereno;Normale;Buona;;0;0;0;2;12.4792;41.9609;-1;2;Autovettura privata;In marcia / fermata / arresto;Conducente;M;Illeso;0;;;
6066939;19;27/07/2022 18:25:00;Strada Urbana;VIA DI CASAL DEL MARMO;in prossimit�;;del civico n.;41;;Scontro frontale/laterale SX fra veicoli in marcia;Curva senza visuale libera;Una carreggiata a doppio senso;Asciutto;Asfaltata;Verticale ed orizzontale;Sereno;Normale;Buona;;0;0;0;2;12.4105;41.9588;-1;1;Autovettura privata;In marcia / fermata / arresto;Conducente;M;Illeso;0;;;
6066939;19;27/07/2022 18:25:00;Strada Urbana;VIA DI CASAL DEL MARMO;in prossimit�;;del civico n.;41;;Scontro frontale/laterale SX fra veicoli in marcia;Curva senza visuale libera;Una carreggiata a doppio senso;Asciutto;Asfaltata;Verticale ed orizzontale;Sereno;Normale;Buona;;0;0;0;2;12.4105;41.9588;-1;2;Autovettura privata;In marcia / fermata / arresto;Conducente;M;Illeso;0;;;
6066940;10;27/07/2022 17:50:00;Strada Urbana;VIA DELLA MOLA CAVONA;da specificare;;;;in prossimit� di Via CALDOPIANO;Scontro frontale/laterale SX fra veicoli in marcia;Rettilineo;Una carreggiata a doppio senso;Asciutto;Asfaltata;Verticale ed orizzontale;Sereno;Normale;Buona;;1;0;0;1;12.638;41.8068;-1;1;Autovettura privata;In marcia / fermata / arresto;Conducente;M;Illeso;0;;Non accertato;Inesploso
6066940;10;27/07/2022 17:50:00;Strada Urbana;VIA DELLA MOLA CAVONA;da specificare;;;;in prossimit� di Via CALDOPIANO;Scontro frontale/laterale SX fra veicoli in marcia;Rettilineo;Una carreggiata a doppio senso;Asciutto;Asfaltata;Verticale ed orizzontale;Sereno;Normale;Buona;;1;0;0;1;12.638;41.8068;-1;2;Motociclo a solo;In marcia / fermata / arresto;Conducente;M;Rimandato;0;NON DECEDUTO;Non accertato;
6066947;9;27/07/2022 12:00:00;Strada Urbana;VIA TUSCOLANA;in corrispondenza;;del civico n.;368;;Veicolo in marcia contro veicolo in sosta;Rettilineo;Una carreggiata a doppio senso;Asciutto;Asfaltata;Verticale ed orizzontale;Sereno;Normale;Buona;;0;0;0;1;12.5285;41.8747;-1;1;Autovettura privata;In marcia / fermata / arresto;Conducente;F;Illeso;0;;Non accertato;Inesploso
6066947;9;27/07/2022 12:00:00;Strada Urbana;VIA TUSCOLANA;in corrispondenza;;del civico n.;368;;Veicolo in marcia contro veicolo in sosta;Rettilineo;Una carreggiata a doppio senso;Asciutto;Asfaltata;Verticale ed orizzontale;Sereno;Normale;Buona;;0;0;0;1;12.5285;41.8747;-1;2;Autocarro superiore 35 q.;Sosta;;;;;;;