Protocollo;Gruppo;DataOraIncidente;Localizzazione1;STRADA1;Localizzazione2;STRADA2;Strada02;Chilometrica;DaSpecificare;NaturaIncidente;particolaritastrade;TipoStrada;FondoStradale;Pavimentazione;Segnaletica;CondizioneAtmosferica;Traffico;Visibilita;Illuminazione;NUM_FERITI;NUM_RISERVATA;NUM_MORTI;NUM_ILLESI;Longitude;Latitude;Confermato;Progressivo;TipoVeicolo;StatoVeicolo;TipoPersona;Sesso;Tipolesione;Deceduto;DecedutoDopo;CinturaCascoUtilizzato;Airbag;
6067080;5;27/07/2022 18:20:00;Strada Urbana;VIA FURIO CICOGNA;da specificare;;;;CORSIA D'IMMISSIONE IN VIA TIBURTINA;Tamponamento Multiplo;Rettilineo;Una carreggiata a senso unico di marcia;Asciutto;Asfaltata;Orizzontale;Sereno;Normale;Buona;;1;0;0;4;12.5674;41.9241;-1;2;Autovettura privata;In marcia / fermata / arresto;Conducente;F;Illeso;0;;;
6067080;5;27/07/2022 18:20:00;Strada Urbana;VIA FURIO CICOGNA;da specificare;;;;CORSIA D'IMMISSIONE IN VIA TIBURTINA;Tamponamento Multiplo;Rettilineo;Una carreggiata a senso unico di marcia;Asciutto;Asfaltata;Orizzontale;Sereno;Normale;Buona;;1;0;0;4;12.5674;41.9241;-1;3;Autovettura privata;In marcia / fermata / arresto;Conducente;M;Illeso;0;;;
6067080;5;27/07/2022 18:20:00;Strada Urbana;VIA FURIO CICOGNA;da specificare;;;;CORSIA D'IMMISSIONE IN VIA TIBURTINA;Tamponamento Multiplo;Rettilineo;Una carreggiata a senso unico di marcia;Asciutto;Asfaltata;Orizzontale;Sereno;Normale;Buona;;1;0;0;4;12.5674;41.9241;-1;3;Autovettura privata;In marcia / fermata / arresto;Passeggero;F;Illeso;0;;;
6067098;18;27/07/2022 22:00:00;Strada Urbana;VIA ENNIO BONIFAZI;all'intersezione semaforizzata con;VIA MATTIA BATTISTINI;VIA MATTIA BATTISTINI;;;Scontro frontale fra veicoli in marcia;Intersezione semaforizzata;Una carreggiata a doppio senso;Asciutto;Asfaltata;Verticale ed orizzontale;Sereno;Scarso;Buona;;1;0;0;1;12.4168;41.9052;-1;1;Autovettura privata;In marcia / fermata / arresto;Conducente;M;Rimandato;0;NON DECEDUTO;Non accertato;Inesploso
6067098;18;27/07/2022 22:00:00;Strada Urbana;VIA ENNIO BONIFAZI;all'intersezione semaforizzata con;VIA MATTIA BATTISTINI;VIA MATTIA BATTISTINI;;;Scontro frontale fra veicoli in marcia;Intersezione semaforizzata;Una carreggiata a doppio senso;Asciutto;Asfaltata;Verticale ed orizzontale;Sereno;Scarso;Buona;;1;0;0;1;12.4168;41.9052;-1;2;Autobus di linea;In marcia / fermata / arresto;Conducente;M;Illeso;0;;Non accertato;Inesploso
6067105;1;27/07/2022 20:00:00;Strada Urbana;LUNGOTEVERE AVENTINO;in corrispondenza;;del civico n.;4;;Infortunio per caduta del veicolo;Rettilineo;Due carreggiate;Asciutto;Asfaltata;Verticale ed orizzontale;Sereno;Normale;Buona;;0;0;0;2;12.4801;41.8871;-1;1;Velocipede;In marcia / fermata / arresto;Conducente;M;Illeso;0;;Esente;
6067105;1;27/07/2022 20:00:00;Strada Urbana;LUNGOTEVERE AVENTINO;in corrispondenza;;del civico n.;4;;Infortunio per caduta del veicolo;Rettilineo;Due carreggiate;Asciutto;Asfaltata;Verticale ed orizzontale;Sereno;Normale;Buona;;0;0;0;2;12.4801;41.8871;-1;2;Autovettura privata;In marcia / fermata / arresto;Conducente;F;Illeso;0;;;
6067115;11;28/07/2022 02:40:00;Strada Urbana;VIALE DEL CARAVAGGIO;all'intersezione con;VIA DEI GEORGOFILI;VIA DEI GEORGOFILI;;;Scontro frontale/laterale DX fra veicoli in marcia;Intersezione stradale segnalata;Una carreggiata a doppio senso;Asciutto;Asfaltata;Verticale ed orizzontale;Sereno;Scarso;Buona;;2;0;0;3;12.4948;41.8511;-1;1;Autovettura privata;In marcia / fermata / arresto;Conducente;M;Illeso;0;;;
6067115;11;28/07/2022 02:40:00;Strada Urbana;VIALE DEL CARAVAGGIO;all'intersezione con;VIA DEI GEORGOFILI;VIA DEI GEORGOFILI;;;Scontro frontale/laterale DX fra veicoli in marcia;Intersezione stradale segnalata;Una carreggiata a doppio senso;Asciutto;Asfaltata;Verticale ed orizzontale;Sereno;Scarso;Buona;;2;0;0;3;12.4948;41.8511;-1;1;Autovettura privata;In marcia / fermata / arresto;Passeggero;M;Illeso;0;;;
6067115;11;28/07/2022 02:40:00;Strada Urbana;VIALE DEL CARAVAGGIO;all'intersezione con;VIA DEI GEORGOFILI;VIA DEI GEORGOFILI;;;Scontro frontale/laterale DX fra veicoli in marcia;Intersezione stradale segnalata;Una carreggiata a doppio senso;Asciutto;Asfaltata;Verticale ed orizzontale;Sereno;Scarso;Buona;;2;0;0;3;12.4948;41.8511;-1;1;Autovettura privata;In marcia / fermata / arresto;Passeggero;M;Rimandato;0;NON DECEDUTO;;
6067115;11;28/07/2022 02:40:00;Strada Urbana;VIALE DEL CARAVAGGIO;all'intersezione con;VIA DEI GEORGOFILI;VIA DEI GEORGOFILI;;;Scontro frontale/laterale DX fra veicoli in marcia;Intersezione stradale segnalata;Una carreggiata a doppio senso;Asciutto;Asfaltata;Verticale ed orizzontale;Sereno;Scarso;Buona;;2;0;0;3;12.4948;41.8511;-1;2;Autovettura privata;In marcia / fermata / arresto;Conducente;M;Illeso;0;;;
6067115;11;28/07/2022 02:40:00;Strada Urbana;VIALE DEL CARAVAGGIO;all'intersezione con;VIA DEI GEORGOFILI;VIA DEI GEORGOFILI;;;Scontro frontale/laterale DX fra veicoli in marcia;Intersezione stradale segnalata;Una carreggiata a doppio senso;Asciutto;Asfaltata;Verticale ed orizzontale;Sereno;Scarso;Buona;;2;0;0;3;12.4948;41.8511;-1;2;Autovettura privata;In marcia / fermata / arresto;Passeggero;M;Rimandato;0;NON DECEDUTO;;
6067115;11;28/07/2022 02:40:00;Strada Urbana;VIALE DEL CARAVAGGIO;all'intersezione con;VIA DEI GEORGOFILI;VIA DEI GEORGOFILI;;;Scontro frontale/laterale DX fra veicoli in marcia;Intersezione stradale segnalata;Una carreggiata a doppio senso;Asciutto;Asfaltata;Verticale ed orizzontale;Sereno;Scarso;Buona;;2;0;0;3;12.4948;41.8511;-1;3;Autovettura privata;Sosta;;;;;;;
6067116;17;27/07/2022 18:00:00;Strada Urbana;VIA EDOARDO FABBRI;da specificare;;;;fronte civico 2;Tamponamento;Rettilineo;Una carreggiata a senso unico di marcia;Asciutto;Asfaltata;Verticale ed orizzontale;Sereno;Scarso;Buona;;0;0;0;2;12.4655;41.9138;-1;1;Monopattino elettrico;In marcia / fermata / arresto;Conducente;M;Illeso;0;;;
6067116;17;27/07/2022 18:00:00;Strada Urbana;VIA EDOARDO FABBRI;da specificare;;;;fronte civico 2;Tamponamento;Rettilineo;Una carreggiata a senso unico di marcia;Asciutto;Asfaltata;Verticale ed orizzontale;Sereno;Scarso;Buona;;0;0;0;2;12.4655;41.9138;-1;2;Autovettura privata;In marcia / fermata / arresto;Conducente;M;Illeso;0;;;
6067122;17;27/07/2022 13:00:00;Strada Urbana;VIALE GIUSEPPE MAZZINI;all'intersezione con;VIA FULCIERI PAULUCCI DE CALBOLI;VIA FULCIERI PAULUCCI DE CALBOLI;;;Investimento di pedone;Incrocio;Due carreggiate;Asciutto;Asfaltata;Verticale ed orizzontale;Sereno;Scarso;Buona;;1;0;0;1;12.4626;41.9158;-1;;;;Pedone;F;Rimandato;0;NON DECEDUTO;;
6067122;17;27/07/2022 13:00:00;Strada Urbana;VIALE GIUSEPPE MAZZINI;all'intersezione con;VIA FULCIERI PAULUCCI DE CALBOLI;VIA FULCIERI PAULUCCI DE CALBOLI;;;Investimento di pedone;Incrocio;Due carreggiate;Asciutto;Asfaltata;Verticale ed orizzontale;Sereno;Scarso;Buona;;1;0;0;1;12.4626;41.9158;-1;1;Autovettura privata;In marcia / fermata / arresto;Conducente;M;Illeso;0;;;
6067125;7;28/07/2022 01:20:00;Strada Urbana;VIA LUCIO FONTANA;in corrispondenza;;del civico n.;8;;Ribaltamento senza urto contro ostacolo fisso;Curva a visuale libera;Una carreggiata a senso unico di marcia;Asciutto;Asfaltata;Verticale;Sereno;Normale;Insufficiente;;1;0;0;0;12.6182;41.9093;-1;1;Autovettura privata;In marcia / fermata / arresto;Conducente;M;Rimandato;0;NON DECEDUTO;Non accertato;Esploso
6067135;17;27/07/2022 20:15:00;Strada Urbana;VIA DOBBIACO;all'intersezione con;VIA VANDOIES;VIA VANDOIES;;;Veicolo in marcia contro veicolo arresto;Intersezione non regolata/non segnalata;Una carreggiata a doppio senso;Asciutto;Asfaltata;Verticale ed orizzontale;Sereno;Scarso;Sufficiente;;0;0;0;2;12.3816;41.7332;-1;1;Autovettura privata;In marcia / fermata / arresto;Conducente;F;Illeso;0;;;
6067135;17;27/07/2022 20:15:00;Strada Urbana;VIA DOBBIACO;all'intersezione con;VIA VANDOIES;VIA VANDOIES;;;Veicolo in marcia contro veicolo arresto;Intersezione non regolata/non segnalata;Una carreggiata a doppio senso;Asciutto;Asfaltata;Verticale ed orizzontale;Sereno;Scarso;Sufficiente;;0;0;0;2;12.3816;41.7332;-1;2;Motociclo a solo;In marcia / fermata / arresto;Conducente;M;Illeso;0;;;
6067151;16;27/07/2022 08:40:00;Strada Urbana;VIA AMBROGIO TRAVERSARI;in prossimit�;;del civico n.;83;;Infortunio per sola frenata improvvisa;Curva a visuale libera;Una carreggiata a senso unico di marcia;Asciutto;Asfaltata;Verticale ed orizzontale;Sereno;Normale;Buona;;1;0;0;1;12.4635;41.8757;-1;1;Motociclo a solo;In marcia / fermata / arresto;Conducente;M;Rimandato;0;NON DECEDUTO;Non accertato;
6067151;16;27/07/2022 08:40:00;Strada Urbana;VIA AMBROGIO TRAVERSARI;in prossimit�;;del civico n.;83;;Infortunio per sola frenata improvvisa;Curva a visuale libera;Una carreggiata a senso unico di marcia;Asciutto;Asfaltata;Verticale ed orizzontale;Sereno;Normale;Buona;;1;0;0;1;12.4635;41.8757;-1;2;Autovettura privata;In marcia / fermata / arresto;Conducente;M;Illeso;0;;Non accertato;Inesploso
6067158;5;27/07/2022 19:10:00;Strada Urbana;VIA COLLEDIMACINE;all'intersezione con;VIA CARUNCHIO;VIA CARUNCHIO;;;Scontro frontale/laterale DX fra veicoli in marcia;Incrocio;Una carreggiata a doppio senso;Asciutto;Asfaltata;Assente;Sereno;Normale;Buona;;2;0;0;0;12.6494;41.9399;-1;1;Autovettura privata;In marcia / fermata / arresto;Conducente;M;Rimandato;0;NON DECEDUTO;Non accertato;Inesploso
6067158;5;27/07/2022 19:10:00;Strada Urbana;VIA COLLEDIMACINE;all'intersezione con;VIA CARUNCHIO;VIA CARUNCHIO;;;Scontro frontale/laterale DX fra veicoli in marcia;Incrocio;Una carreggiata a doppio senso;Asciutto;Asfaltata;Assente;Sereno;Normale;Buona;;2;0;0;0;12.6494;41.9399;-1;2;Autovettura privata;In marcia / fermata / arresto;Conducente;M;Rimandato;0;NON DECEDUTO;Non accertato;Inesploso
6067162;16;27/07/2022 14:50:00;;VIA DI BRAVA;in prossimit�;;del palo luce n.;86;;Scontro laterale fra veicoli in marcia;;;;;;;;;;0;0;0;1;12.3824;41.8696;0;1;Autovettura privata;In marcia / fermata / arresto;Conducente;F;Illeso;0;;;
6067181;1;27/07/2022 21:45:00;Strada Urbana;LUNGOTEVERE DEI TEBALDI;da specificare;;;;pross. del fronte civ 4;Tamponamento;Rettilineo;Una carreggiata a senso unico di marcia;Asciutto;Asfaltata;Verticale ed orizzontale;Sereno;Intenso;Buona;;0;0;0;4;;;0;1;Autovettura privata;In marcia / fermata / arresto;Conducente;M;Illeso;0;;;
6067181;1;27/07/2022 21:45:00;Strada Urbana;LUNGOTEVERE DEI TEBALDI;da specificare;;;;pross. del fronte civ 4;Tamponamento;Rettilineo;Una carreggiata a senso unico di marcia;Asciutto;Asfaltata;Verticale ed orizzontale;Sereno;Intenso;Buona;;0;0;0;4;;;0;1;Autovettura privata;In marcia / fermata / arresto;Passeggero;F;Illeso;0;;;
6067181;1;27/07/2022 21:45:00;Strada Urbana;LUNGOTEVERE DEI TEBALDI;da specificare;;;;pross. del fronte civ 4;Tamponamento;Rettilineo;Una carreggiata a senso unico di marcia;Asciutto;Asfaltata;Verticale ed orizzontale;Sereno;Intenso;Buona;;0;0;0;4;;;0;1;Autovettura privata;In marcia / fermata / arresto;Passeggero;F;Illeso;0;;;
6067181;1;27/07/2022 21:45:00;Strada Urbana;LUNGOTEVERE DEI TEBALDI;da specificare;;;;pross. del fronte civ 4;Tamponamento;Rettilineo;Una carreggiata a senso unico di marcia;Asciutto;Asfaltata;Verticale ed orizzontale;Sereno;Intenso;Buona;;0;0;0;4;;;0;2;Autovettura privata;In marcia / fermata / arresto;Conducente;M;Illeso;0;;;
6067196;3;25/07/2022 18:50:00;Strada Urbana;VIA LUIGI PULCI;da specificare;;;;pross fr 35;Veicolo in marcia contro veicolo in sosta;Rettilineo;Una carreggiata a senso unico di marcia;Asciutto;Asfaltata;Verticale ed orizzontale;Sereno;Normale;Buona;;0;0;0;1;12.5274;41.9129;-1;1;Motociclo a solo;Sosta;;;;;;;
6067196;3;25/07/2022 18:50:00;Strada Urbana;VIA LUIGI PULCI;da specificare;;;;pross fr 35;Veicolo in marcia contro veicolo in sosta;Rettilineo;Una carreggiata a senso unico di marcia;Asciutto;Asfaltata;Verticale ed orizzontale;Sereno;Normale;Buona;;0;0;0;1;12.5274;41.9129;-1;2;Autovettura privata;Sosta;;;;;;;
6067196;3;25/07/2022 18:50:00;Strada Urbana;VIA LUIGI PULCI;da specificare;;;;pross fr 35;Veicolo in marcia contro veicolo in sosta;Rettilineo;Una carreggiata a senso unico di marcia;Asciutto;Asfaltata;Verticale ed orizzontale;Sereno;Normale;Buona;;0;0;0;1;12.5274;41.9129;-1;3;Autovettura privata;In marcia / fermata / arresto;Conducente;M;Illeso;0;;;
6067196;3;25/07/2022 18:50:00;Strada Urbana;VIA LUIGI PULCI;da specificare;;;;pross fr 35;Veicolo in marcia contro veicolo in sosta;Rettilineo;Una carreggiata a senso unico di marcia;Asciutto;Asfaltata;Verticale ed orizzontale;Sereno;Normale;Buona;;0;0;0;1;12.5274;41.9129;-1;4;Motociclo a solo;Sosta;;;;;;;
6067215;6;28/07/2022 08:15:00;Strada Urbana;VIA ETTORE FIERAMOSCA;da specificare;;;;altezza P.za G. dalle Bande nere;Scontro laterale fra veicoli in marcia;Rettilineo;Una carreggiata a doppio senso;Asciutto;Asfaltata;Assente;Sereno;Intenso;Buona;;1;0;0;1;12.5283;41.8933;-1;1;Motociclo a solo;In marcia / fermata / arresto;Conducente;M;Rifiuta cure immediate;0;NON DECEDUTO;Non accertato;
6067215;6;28/07/2022 08:15:00;Strada Urbana;VIA ETTORE FIERAMOSCA;da specificare;;;;altezza P.za G. dalle Bande nere;Scontro laterale fra veicoli in marcia;Rettilineo;Una carreggiata a doppio senso;Asciutto;Asfaltata;Assente;Sereno;Intenso;Buona;;1;0;0;1;12.5283;41.8933;-1;2;Autovettura privata;In marcia / fermata / arresto;Conducente;F;Illeso;0;;Non accertato;Inesploso
6067259;1;27/07/2022 19:30:00;Strada Urbana;CORSO VITTORIO EMANUELE II;in corrispondenza;;del civico n.;244;;Scontro laterale fra veicoli in marcia;Rettilineo;Una carreggiata a doppio senso;Asciutto;Asfaltata;Verticale ed orizzontale;Sereno;Normale;Buona;;0;0;0;2;12.4692;41.8976;-1;1;Autovettura pubblica;In marcia / fermata / arresto;Conducente;M;Illeso;0;;;
6067259;1;27/07/2022 19:30:00;Strada Urbana;CORSO VITTORIO EMANUELE II;in corrispondenza;;del civico n.;244;;Scontro laterale fra veicoli in marcia;Rettilineo;Una carreggiata a doppio senso;Asciutto;Asfaltata;Verticale ed orizzontale;Sereno;Normale;Buona;;0;0;0;2;12.4692;41.8976;-1;2;Motociclo a solo;In marcia / fermata / arresto;Conducente;M;Illeso;0;;;
6067323;18;28/07/2022 10:30:00;Strada Urbana;VIA GREGORIO VII;in corrispondenza;;del civico n.;482;;Scontro frontale fra veicoli in marcia;Rettilineo;Pi� di due carreggiate;Asciutto;Asfaltata;Verticale ed orizzontale;Sereno;Normale;Buona;;0;0;0;2;12.4319;41.8942;-1;1;Autovettura privata;In marcia / fermata / arresto;Conducente;M;Illeso;0;;Non accertato;Inesploso
6067323;18;28/07/2022 10:30:00;Strada Urbana;VIA GREGORIO VII;in corrispondenza;;del civico n.;482;;Scontro frontale fra veicoli in marcia;Rettilineo;Pi� di due carreggiate;Asciutto;Asfaltata;Verticale ed orizzontale;Sereno;Normale;Buona;;0;0;0;2;12.4319;41.8942;-1;2;Autovettura privata;In marcia / fermata / arresto;Conducente;M;Illeso;0;;Non accertato;Inesploso
6067338;3;27/07/2022 01:45:00;Strada Urbana;VIA CATANIA;in prossimit�;;del civico n.;4;;Scontro laterale fra veicoli in marcia;Rettilineo;Pi� di due carreggiate;Asciutto;Asfaltata;Verticale ed orizzontale;Sereno;Scarso;Sufficiente;;0;0;0;6;12.5165;41.9105;-1;1;Autovettura privata;In marcia / fermata / arresto;Conducente;F;Illeso;0;;Utilizzato;Inesploso
6067338;3;27/07/2022 01:45:00;Strada Urbana;VIA CATANIA;in prossimit�;;del civico n.;4;;Scontro laterale fra veicoli in marcia;Rettilineo;Pi� di due carreggiate;Asciutto;Asfaltata;Verticale ed orizzontale;Sereno;Scarso;Sufficiente;;0;0;0;6;12.5165;41.9105;-1;1;Autovettura privata;In marcia / fermata / arresto;Passeggero;F;Illeso;0;;Non accertato;Inesploso
6067338;3;27/07/2022 01:45:00;Strada Urbana;VIA CATANIA;in prossimit�;;del civico n.;4;;Scontro laterale fra veicoli in marcia;Rettilineo;Pi� di due carreggiate;Asciutto;Asfaltata;Verticale ed orizzontale;Sereno;Scarso;Sufficiente;;0;0;0;6;12.5165;41.9105;-1;1;Autovettura privata;In marcia / fermata / arresto;Passeggero;M;Illeso;0;;Non accertato;Inesploso
6067338;3;27/07/2022 01:45:00;Strada Urbana;VIA CATANIA;in prossimit�;;del civico n.;4;;Scontro laterale fra veicoli in marcia;Rettilineo;Pi� di due carreggiate;Asciutto;Asfaltata;Verticale ed orizzontale;Sereno;Scarso;Sufficiente;;0;0;0;6;12.5165;41.9105;-1;2;Autovettura privata;In marcia / fermata / arresto;Conducente;M;Illeso;0;;Non accertato;Inesploso
6067338;3;27/07/2022 01:45:00;Strada Urbana;VIA CATANIA;in prossimit�;;del civico n.;4;;Scontro laterale fra veicoli in marcia;Rettilineo;Pi� di due carreggiate;Asciutto;Asfaltata;Verticale ed orizzontale;Sereno;Scarso;Sufficiente;;0;0;0;6;12.5165;41.9105;-1;2;Autovettura privata;In marcia / fermata / arresto;Passeggero;F;Illeso;0;;Non accertato;Inesploso
6067412;12;27/07/2022 16:15:00;Strada Urbana;VIALE DI VAL FIORITA;da specificare;;;;Altezza VIA FRUGONI;Tamponamento;Curva a visuale libera;Una carreggiata a doppio senso;Bagnato (pioggia);Asfaltata;Verticale ed orizzontale;Sereno;Normale;Buona;;0;0;0;3;12.4644;41.8394;-1;1;Autovettura privata;In marcia / fermata / arresto;Conducente;M;Illeso;0;;Non accertato;Inesploso
6067412;12;27/07/2022 16:15:00;Strada Urbana;VIALE DI VAL FIORITA;da specificare;;;;Altezza VIA FRUGONI;Tamponamento;Curva a visuale libera;Una carreggiata a doppio senso;Bagnato (pioggia);Asfaltata;Verticale ed orizzontale;Sereno;Normale;Buona;;0;0;0;3;12.4644;41.8394;-1;1;Autovettura privata;In marcia / fermata / arresto;Passeggero;M;Illeso;0;;Non accertato;Inesploso
6067412;12;27/07/2022 16:15:00;Strada Urbana;VIALE DI VAL FIORITA;da specificare;;;;Altezza VIA FRUGONI;Tamponamento;Curva a visuale libera;Una carreggiata a doppio senso;Bagnato (pioggia);Asfaltata;Verticale ed orizzontale;Sereno;Normale;Buona;;0;0;0;3;12.4644;41.8394;-1;2;Autocarro inferiore 35 q.;In marcia / fermata / arresto;Conducente;M;Illeso;0;;Non accertato;Inesploso
6067412;12;27/07/2022 16:15:00;Strada Urbana;VIALE DI VAL FIORITA;da specificare;;;;Altezza VIA FRUGONI;Tamponamento;Curva a visuale libera;Una carreggiata a doppio senso;Bagnato (pioggia);Asfaltata;Verticale ed orizzontale;Sereno;Normale;Buona;;0;0;0;3;12.4644;41.8394;-1;3;Autovettura privata;Sosta;;;;;;;
6067448;12;27/07/2022 16:30:00;Strada Urbana;VIA DI DECIMA;all'intersezione con;VIA CATERINA TROIANI;VIA CATERINA TROIANI;;;Scontro laterale fra veicoli in marcia;Incrocio;Una carreggiata a doppio senso;Asciutto;Asfaltata;Verticale ed orizzontale;Sereno;Normale;Buona;;0;0;0;4;12.4516;41.8151;-1;1;Autovettura privata;In marcia / fermata / arresto;Conducente;M;Illeso;0;;Non accertato;Inesploso
6067448;12;27/07/2022 16:30:00;Strada Urbana;VIA DI DECIMA;all'intersezione con;VIA CATERINA TROIANI;VIA CATERINA TROIANI;;;Scontro laterale fra veicoli in marcia;Incrocio;Una carreggiata a doppio senso;Asciutto;Asfaltata;Verticale ed orizzontale;Sereno;Normale;Buona;;0;0;0;4;12.4516;41.8151;-1;1;Autovettura privata;In marcia / fermata / arresto;Passeggero;M;Illeso;0;;Non accertato;Inesploso
6067448;12;27/07/2022 16:30:00;Strada Urbana;VIA DI DECIMA;all'intersezione con;VIA CATERINA TROIANI;VIA CATERINA TROIANI;;;Scontro laterale fra veicoli in marcia;Incrocio;Una carreggiata a doppio senso;Asciutto;Asfaltata;Verticale ed orizzontale;Sereno;Normale;Buona;;0;0;0;4;12.4516;41.8151;-1;1;Autovettura privata;In marcia / fermata / arresto;Passeggero;F;Illeso;0;;Non accertato;Inesploso
6067448;12;27/07/2022 16:30:00;Strada Urbana;VIA DI DECIMA;all'intersezione con;VIA CATERINA TROIANI;VIA CATERINA TROIANI;;;Scontro laterale fra veicoli in marcia;Incrocio;Una carreggiata a doppio senso;Asciutto;Asfaltata;Verticale ed orizzontale;Sereno;Normale;Buona;;0;0;0;4;12.4516;41.8151;-1;2;Autovettura privata;In marcia / fermata / arresto;Conducente;F;Illeso;0;;Non accertato;Inesploso
6067492;10;28/07/2022 12:30:00;Strada Urbana;VIA DEI SETTE METRI;all'intersezione con;VIA DI TORRE MORENA;VIA DI TORRE MORENA;;;Scontro frontale/laterale SX fra veicoli in marcia;Incrocio;Una carreggiata a doppio senso;Asciutto;Asfaltata;Verticale ed orizzontale;Sereno;Normale;Buona;;1;0;0;1;12.6069;41.8154;-1;1;Autovettura privata;In marcia / fermata / arresto;Conducente;M;Rimandato;0;NON DECEDUTO;Non accertato;Inesploso
6067492;10;28/07/2022 12:30:00;Strada Urbana;VIA DEI SETTE METRI;all'intersezione con;VIA DI TORRE MORENA;VIA DI TORRE MORENA;;;Scontro frontale/laterale SX fra veicoli in marcia;Incrocio;Una carreggiata a doppio senso;Asciutto;Asfaltata;Verticale ed orizzontale;Sereno;Normale;Buona;;1;0;0;1;12.6069;41.8154;-1;2;Autovettura privata;In marcia / fermata / arresto;Conducente;M;Illeso;0;;Non accertato;Inesploso
6067518;12;27/07/2022 17:15:00;Strada Urbana;VIA CRISTOFORO COLOMBO;all'intersezione con;VIALE OCEANIA;VIALE OCEANIA;;;Scontro frontale fra veicoli in marcia;Incrocio;Due carreggiate;Asciutto;Asfaltata;Verticale ed orizzontale;Sereno;Scarso;Buona;;1;0;0;1;12.4658;41.8274;-1;1;Autovettura privata;In marcia / fermata / arresto;Conducente;M;Illeso;0;;Non accertato;Inesploso
6067518;12;27/07/2022 17:15:00;Strada Urbana;VIA CRISTOFORO COLOMBO;all'intersezione con;VIALE OCEANIA;VIALE OCEANIA;;;Scontro frontale fra veicoli in marcia;Incrocio;Due carreggiate;Asciutto;Asfaltata;Verticale ed orizzontale;Sereno;Scarso;Buona;;1;0;0;1;12.4658;41.8274;-1;2;Quadriciclo leggero;In marcia / fermata / arresto;Conducente;M;Rimandato;0;NON DECEDUTO;Non accertato;Inesploso
6067528;12;27/07/2022 17:50:00;Provinciale;VIA DEL MARE;da specificare;;;;Direzione Ostia prossimit� KM 13.00;Tamponamento Multiplo;Rettilineo;Una carreggiata a doppio senso;Asciutto;Asfaltata;Verticale ed orizzontale;Sereno;Normale;Buona;;1;0;0;3;12.4632;41.8403;-1;1;Autocarro inferiore 35 q.;In marcia / fermata / arresto;Conducente;M;Illeso;0;;Non accertato;Inesploso
6067528;12;27/07/2022 17:50:00;Provinciale;VIA DEL MARE;da specificare;;;;Direzione Ostia prossimit� KM 13.00;Tamponamento Multiplo;Rettilineo;Una carreggiata a doppio senso;Asciutto;Asfaltata;Verticale ed orizzontale;Sereno;Normale;Buona;;1;0;0;3;12.4632;41.8403;-1;2;Autovettura privata;In marcia / fermata / arresto;Conducente;M;Rimandato;0;NON DECEDUTO;Non accertato;Inesploso
6067528;12;27/07/2022 17:50:00;Provinciale;VIA DEL MARE;da specificare;;;;Direzione Ostia prossimit� KM 13.00;Tamponamento Multiplo;Rettilineo;Una carreggiata a doppio senso;Asciutto;Asfaltata;Verticale ed orizzontale;Sereno;Normale;Buona;;1;0;0;3;12.4632;41.8403;-1;3;Autovettura privata;In marcia / fermata / arresto;Conducente;M;Illeso;0;;Non accertato;Inesploso
6067528;12;27/07/2022 17:50:00;Provinciale;VIA DEL MARE;da specificare;;;;Direzione Ostia prossimit� KM 13.00;Tamponamento Multiplo;Rettilineo;Una carreggiata a doppio senso;Asciutto;Asfaltata;Verticale ed orizzontale;Sereno;Normale;Buona;;1;0;0;3;12.4632;41.8403;-1;3;Autovettura privata;In marcia / fermata / arresto;Passeggero;M;Illeso;0;;Non accertato;Inesploso
6067529;3;26/07/2022 17:55:00;Strada Urbana;VIA TIBURTINA;all'intersezione con;VIALE REGINA ELENA;VIALE REGINA ELENA;;;Scontro laterale fra veicoli in marcia;Intersezione semaforizzata;Una carreggiata a doppio senso;Asciutto;Asfaltata;Verticale ed orizzontale;Sereno;Normale;Buona;;0;0;0;2;12.5174;41.8999;-1;1;Autovettura privata;In marcia / fermata / arresto;Conducente;M;Illeso;0;;Non accertato;Inesploso
6067529;3;26/07/2022 17:55:00;Strada Urbana;VIA TIBURTINA;all'intersezione con;VIALE REGINA ELENA;VIALE REGINA ELENA;;;Scontro laterale fra veicoli in marcia;Intersezione semaforizzata;Una carreggiata a doppio senso;Asciutto;Asfaltata;Verticale ed orizzontale;Sereno;Normale;Buona;;0;0;0;2;12.5174;41.8999;-1;2;Autovettura privata;In marcia / fermata / arresto;Conducente;M;Illeso;0;;Non accertato;Inesploso
6067558;16;27/07/2022 23:30:00;Strada Urbana;VIA FRATELLI BONNET;all'intersezione con;VIALE DELLE MURA GIANICOLENSI;VIALE DELLE MURA GIANICOLENSI;;;Scontro frontale/laterale DX fra veicoli in marcia;Incrocio;Una carreggiata a doppio senso;Asciutto;Asfaltata;Verticale ed orizzontale;Sereno;Scarso;Sufficiente;;0;0;0;5;12.4601;41.8852;-1;1;Autovettura privata;In marcia / fermata / arresto;Conducente;M;Illeso;0;;Non accertato;
6067558;16;27/07/2022 23:30:00;Strada Urbana;VIA FRATELLI BONNET;all'intersezione con;VIALE DELLE MURA GIANICOLENSI;VIALE DELLE MURA GIANICOLENSI;;;Scontro frontale/laterale DX fra veicoli in marcia;Incrocio;Una carreggiata a doppio senso;Asciutto;Asfaltata;Verticale ed orizzontale;Sereno;Scarso;Sufficiente;;0;0;0;5;12.4601;41.8852;-1;2;Autovettura privata;In marcia / fermata / arresto;Conducente;F;Illeso;0;;Non accertato;