Protocollo;Gruppo;DataOraIncidente;Localizzazione1;STRADA1;Localizzazione2;STRADA2;Strada02;Chilometrica;DaSpecificare;NaturaIncidente;particolaritastrade;TipoStrada;FondoStradale;Pavimentazione;Segnaletica;CondizioneAtmosferica;Traffico;Visibilita;Illuminazione;NUM_FERITI;NUM_RISERVATA;NUM_MORTI;NUM_ILLESI;Longitude;Latitude;Confermato;Progressivo;TipoVeicolo;StatoVeicolo;TipoPersona;Sesso;Tipolesione;Deceduto;DecedutoDopo;CinturaCascoUtilizzato;Airbag;
6069267;20;29/07/2022 16:45:00;Strada Urbana;VIA CASSIA NUOVA;in corrispondenza;;del civico n.;174;;Scontro frontale/laterale DX fra veicoli in marcia;Rettilineo;Una carreggiata a doppio senso;Asciutto;Bitumata;Verticale ed orizzontale;Sereno;Normale;Sufficiente;;0;0;1;1;12.4522;41.796;0;1;Motociclo a solo;In marcia / fermata / arresto;Conducente;M;Deceduto durante prime cure;-1;;Non accertato;
6069267;20;29/07/2022 16:45:00;Strada Urbana;VIA CASSIA NUOVA;in corrispondenza;;del civico n.;174;;Scontro frontale/laterale DX fra veicoli in marcia;Rettilineo;Una carreggiata a doppio senso;Asciutto;Bitumata;Verticale ed orizzontale;Sereno;Normale;Sufficiente;;0;0;1;1;12.4522;41.796;0;2;Autovettura privata;In marcia / fermata / arresto;Conducente;M;Illeso;0;;;
6069351;12;29/07/2022 18:30:00;Statale;VIA PONTINA;in corrispondenza;;della chilometrica;22.6;;Tamponamento;Rettilineo;Due carreggiate;Asciutto;Asfaltata;Verticale ed orizzontale;Sereno;Intenso;Buona;;0;1;0;5;12.4522;41.794;-1;1;Autovettura privata;In marcia / fermata / arresto;Conducente;F;Illeso;0;;Non accertato;Inesploso
6069351;12;29/07/2022 18:30:00;Statale;VIA PONTINA;in corrispondenza;;della chilometrica;22.6;;Tamponamento;Rettilineo;Due carreggiate;Asciutto;Asfaltata;Verticale ed orizzontale;Sereno;Intenso;Buona;;0;1;0;5;12.4522;41.794;-1;1;Autovettura privata;In marcia / fermata / arresto;Passeggero;M;Illeso;0;;Non accertato;Inesploso
6069351;12;29/07/2022 18:30:00;Statale;VIA PONTINA;in corrispondenza;;della chilometrica;22.6;;Tamponamento;Rettilineo;Due carreggiate;Asciutto;Asfaltata;Verticale ed orizzontale;Sereno;Intenso;Buona;;0;1;0;5;12.4522;41.794;-1;1;Autovettura privata;In marcia / fermata / arresto;Passeggero;F;Illeso;0;;Non accertato;Inesploso
6069351;12;29/07/2022 18:30:00;Statale;VIA PONTINA;in corrispondenza;;della chilometrica;22.6;;Tamponamento;Rettilineo;Due carreggiate;Asciutto;Asfaltata;Verticale ed orizzontale;Sereno;Intenso;Buona;;0;1;0;5;12.4522;41.794;-1;1;Autovettura privata;In marcia / fermata / arresto;Passeggero;F;Illeso;0;;Non accertato;Inesploso
6069351;12;29/07/2022 18:30:00;Statale;VIA PONTINA;in corrispondenza;;della chilometrica;22.6;;Tamponamento;Rettilineo;Due carreggiate;Asciutto;Asfaltata;Verticale ed orizzontale;Sereno;Intenso;Buona;;0;1;0;5;12.4522;41.794;-1;1;Autovettura privata;In marcia / fermata / arresto;Passeggero;M;Illeso;0;;Non accertato;Inesploso
6069351;12;29/07/2022 18:30:00;Statale;VIA PONTINA;in corrispondenza;;della chilometrica;22.6;;Tamponamento;Rettilineo;Due carreggiate;Asciutto;Asfaltata;Verticale ed orizzontale;Sereno;Intenso;Buona;;0;1;0;5;12.4522;41.794;-1;2;Motociclo a solo;In marcia / fermata / arresto;Conducente;M;Prognosi riservata;0;NON DECEDUTO;Utilizzato;
6069385;7;30/07/2022 03:10:00;Strada Urbana;VIA CALPURNIO FIAMMA;in corrispondenza;;del civico n.;48;;Veicolo in marcia contro veicoli in sosta;Rettilineo;Una carreggiata a doppio senso;Asciutto;Asfaltata;Orizzontale;Sereno;Scarso;Buona;;0;0;0;1;12.5604;41.8598;-1;1;Autovettura privata;In marcia / fermata / arresto;Conducente;M;Illeso;0;;Non accertato;Inesploso
6069385;7;30/07/2022 03:10:00;Strada Urbana;VIA CALPURNIO FIAMMA;in corrispondenza;;del civico n.;48;;Veicolo in marcia contro veicoli in sosta;Rettilineo;Una carreggiata a doppio senso;Asciutto;Asfaltata;Orizzontale;Sereno;Scarso;Buona;;0;0;0;1;12.5604;41.8598;-1;2;Autovettura privata;Sosta;;;;;;;
6069385;7;30/07/2022 03:10:00;Strada Urbana;VIA CALPURNIO FIAMMA;in corrispondenza;;del civico n.;48;;Veicolo in marcia contro veicoli in sosta;Rettilineo;Una carreggiata a doppio senso;Asciutto;Asfaltata;Orizzontale;Sereno;Scarso;Buona;;0;0;0;1;12.5604;41.8598;-1;3;Autovettura privata;Sosta;;;;;;;
6069385;7;30/07/2022 03:10:00;Strada Urbana;VIA CALPURNIO FIAMMA;in corrispondenza;;del civico n.;48;;Veicolo in marcia contro veicoli in sosta;Rettilineo;Una carreggiata a doppio senso;Asciutto;Asfaltata;Orizzontale;Sereno;Scarso;Buona;;0;0;0;1;12.5604;41.8598;-1;4;Autovettura privata;Sosta;;;;;;;
6069402;7;30/07/2022 05:20:00;Strada Urbana;VIA ACHILLE VERTUNNI;in corrispondenza;;del civico n.;24;;Scontro laterale fra veicoli in marcia;Curva senza visuale libera;Una carreggiata a doppio senso;Bagnato (pioggia);Asfaltata;Orizzontale;Nuvoloso;Scarso;Buona;;0;0;0;2;12.6139;41.9056;-1;1;Autobus urbano;In marcia / fermata / arresto;Conducente;M;Illeso;0;;;
6069402;7;30/07/2022 05:20:00;Strada Urbana;VIA ACHILLE VERTUNNI;in corrispondenza;;del civico n.;24;;Scontro laterale fra veicoli in marcia;Curva senza visuale libera;Una carreggiata a doppio senso;Bagnato (pioggia);Asfaltata;Orizzontale;Nuvoloso;Scarso;Buona;;0;0;0;2;12.6139;41.9056;-1;2;Autobus urbano;In marcia / fermata / arresto;Conducente;M;Illeso;0;;Non accertato;Inesploso
6069431;11;29/07/2022 15:30:00;Strada Urbana;VIA ANDREA DEL CASTAGNO;all'intersezione con;VIALE DEL TINTORETTO;VIALE DEL TINTORETTO;;;Tamponamento;Incrocio;Una carreggiata a senso unico di marcia;Asciutto;Asfaltata;Verticale ed orizzontale;Sereno;Normale;Buona;;0;0;0;2;12.4882;41.8355;-1;1;Autovettura privata;In marcia / fermata / arresto;Conducente;M;Illeso;0;;;
6069431;11;29/07/2022 15:30:00;Strada Urbana;VIA ANDREA DEL CASTAGNO;all'intersezione con;VIALE DEL TINTORETTO;VIALE DEL TINTORETTO;;;Tamponamento;Incrocio;Una carreggiata a senso unico di marcia;Asciutto;Asfaltata;Verticale ed orizzontale;Sereno;Normale;Buona;;0;0;0;2;12.4882;41.8355;-1;2;Autovettura di polizia;In marcia / fermata / arresto;Conducente;M;Illeso;0;;;
6069432;11;29/07/2022 23:00:00;Strada Urbana;VIA DEL MARE;in prossimit�;;della chilometrica;10;;Tamponamento;Rettilineo;Una carreggiata a doppio senso;Asciutto;Asfaltata;Verticale ed orizzontale;Sereno;Scarso;Buona;;0;0;0;2;12.4384;41.8214;-1;1;Autovettura privata;In marcia / fermata / arresto;Conducente;M;Illeso;0;;Non accertato;
6069432;11;29/07/2022 23:00:00;Strada Urbana;VIA DEL MARE;in prossimit�;;della chilometrica;10;;Tamponamento;Rettilineo;Una carreggiata a doppio senso;Asciutto;Asfaltata;Verticale ed orizzontale;Sereno;Scarso;Buona;;0;0;0;2;12.4384;41.8214;-1;2;Autovettura privata;In marcia / fermata / arresto;Conducente;F;Illeso;0;;Non accertato;
6069460;8;29/07/2022 10:10:00;Strada Urbana;VIA PRENESTINA;all'intersezione con;VIA DI ROCCA CENCIA;VIA DI ROCCA CENCIA;;;Tamponamento;Incrocio;Una carreggiata a doppio senso;Asciutto;Asfaltata;Verticale ed orizzontale;Sereno;Normale;Buona;;0;0;0;1;12.6958;41.8886;-1;1;Autovettura privata;In marcia / fermata / arresto;Conducente;F;Illeso;0;;Non accertato;Inesploso
6069460;8;29/07/2022 10:10:00;Strada Urbana;VIA PRENESTINA;all'intersezione con;VIA DI ROCCA CENCIA;VIA DI ROCCA CENCIA;;;Tamponamento;Incrocio;Una carreggiata a doppio senso;Asciutto;Asfaltata;Verticale ed orizzontale;Sereno;Normale;Buona;;0;0;0;1;12.6958;41.8886;-1;2;Autovettura privata;In marcia / fermata / arresto;;;;;;;
6069461;8;29/07/2022 10:40:00;Strada Urbana;VIA DELL' OSTERIA DEL FINOCCHIO;all'intersezione con;VIA MUSSOMELI;VIA MUSSOMELI;;;Scontro frontale/laterale SX fra veicoli in marcia;Incrocio;Una carreggiata a doppio senso;Asciutto;Asfaltata;Verticale;Sereno;Normale;Buona;;3;0;0;0;12.6813;41.8587;-1;1;Autovettura privata;In marcia / fermata / arresto;Conducente;M;Rifiuta cure immediate;0;NON DECEDUTO;;
6069461;8;29/07/2022 10:40:00;Strada Urbana;VIA DELL' OSTERIA DEL FINOCCHIO;all'intersezione con;VIA MUSSOMELI;VIA MUSSOMELI;;;Scontro frontale/laterale SX fra veicoli in marcia;Incrocio;Una carreggiata a doppio senso;Asciutto;Asfaltata;Verticale;Sereno;Normale;Buona;;3;0;0;0;12.6813;41.8587;-1;1;Autovettura privata;In marcia / fermata / arresto;Passeggero;F;Rifiuta cure immediate;0;NON DECEDUTO;;
6069461;8;29/07/2022 10:40:00;Strada Urbana;VIA DELL' OSTERIA DEL FINOCCHIO;all'intersezione con;VIA MUSSOMELI;VIA MUSSOMELI;;;Scontro frontale/laterale SX fra veicoli in marcia;Incrocio;Una carreggiata a doppio senso;Asciutto;Asfaltata;Verticale;Sereno;Normale;Buona;;3;0;0;0;12.6813;41.8587;-1;2;Motociclo a solo;In marcia / fermata / arresto;Conducente;M;Rifiuta cure immediate;0;NON DECEDUTO;;
6069462;8;29/07/2022 14:00:00;Strada Urbana;VIA CASILINA;in prossimit�;;del civico n.;1208;;Infortunio per sola frenata improvvisa;Rettilineo;Una carreggiata a doppio senso;Asciutto;Asfaltata;Orizzontale;Sereno;Normale;Buona;;1;0;0;0;12.6038;41.8647;-1;1;Motociclo a solo;In marcia / fermata / arresto;Conducente;M;Rimandato;0;NON DECEDUTO;Non accertato;
6069462;8;29/07/2022 14:00:00;Strada Urbana;VIA CASILINA;in prossimit�;;del civico n.;1208;;Infortunio per sola frenata improvvisa;Rettilineo;Una carreggiata a doppio senso;Asciutto;Asfaltata;Orizzontale;Sereno;Normale;Buona;;1;0;0;0;12.6038;41.8647;-1;2;Autovettura privata;In marcia / fermata / arresto;;;;;;;
6069469;8;29/07/2022 16:50:00;Statale entro l'abitato;VIA CASILINA;da specificare;;;;tra i pali ACEA 460-461;Tamponamento;Rettilineo;Una carreggiata a doppio senso;Asciutto;Asfaltata;Verticale ed orizzontale;Sereno;Normale;Buona;;1;0;0;2;12.6212;41.8626;-1;1;Autovettura privata;In marcia / fermata / arresto;Conducente;M;Illeso;0;;Non accertato;Inesploso
6069469;8;29/07/2022 16:50:00;Statale entro l'abitato;VIA CASILINA;da specificare;;;;tra i pali ACEA 460-461;Tamponamento;Rettilineo;Una carreggiata a doppio senso;Asciutto;Asfaltata;Verticale ed orizzontale;Sereno;Normale;Buona;;1;0;0;2;12.6212;41.8626;-1;2;Autovettura privata;In marcia / fermata / arresto;Conducente;F;Illeso;0;;Non accertato;Inesploso
6069469;8;29/07/2022 16:50:00;Statale entro l'abitato;VIA CASILINA;da specificare;;;;tra i pali ACEA 460-461;Tamponamento;Rettilineo;Una carreggiata a doppio senso;Asciutto;Asfaltata;Verticale ed orizzontale;Sereno;Normale;Buona;;1;0;0;2;12.6212;41.8626;-1;2;Autovettura privata;In marcia / fermata / arresto;Passeggero;F;Rimandato;0;NON DECEDUTO;Non accertato;Inesploso
6069473;8;29/07/2022 18:47:00;Strada Urbana;VIA BOLOGNETTA;in prossimit�;;del civico n.;31;;Investimento di pedone;Rettilineo;Una carreggiata a doppio senso;Asciutto;Asfaltata;Orizzontale;Sereno;Normale;Buona;;1;0;0;0;12.6829;41.8642;0;;;;Pedone;M;Rimandato;0;NON DECEDUTO;;
6069473;8;29/07/2022 18:47:00;Strada Urbana;VIA BOLOGNETTA;in prossimit�;;del civico n.;31;;Investimento di pedone;Rettilineo;Una carreggiata a doppio senso;Asciutto;Asfaltata;Orizzontale;Sereno;Normale;Buona;;1;0;0;0;12.6829;41.8642;0;1;Autocarro inferiore 35 q.;Allontanatosi;;;;;;;
6069477;8;29/07/2022 19:25:00;Strada Urbana;VIA CASILINA;all'intersezione con;VIA DEL TORRACCIO DI TORRENOVA;VIA DEL TORRACCIO DI TORRENOVA;;;Scontro frontale/laterale SX fra veicoli in marcia;Incrocio;Pi� di due carreggiate;Asciutto;Asfaltata;Verticale ed orizzontale;Sereno;Normale;Buona;;1;0;0;2;12.6212;41.8626;-1;1;Autovettura privata;In marcia / fermata / arresto;Conducente;F;Rifiuta cure immediate;0;NON DECEDUTO;;
6069477;8;29/07/2022 19:25:00;Strada Urbana;VIA CASILINA;all'intersezione con;VIA DEL TORRACCIO DI TORRENOVA;VIA DEL TORRACCIO DI TORRENOVA;;;Scontro frontale/laterale SX fra veicoli in marcia;Incrocio;Pi� di due carreggiate;Asciutto;Asfaltata;Verticale ed orizzontale;Sereno;Normale;Buona;;1;0;0;2;12.6212;41.8626;-1;2;Autovettura privata;In marcia / fermata / arresto;Conducente;M;Illeso;0;;;
6069477;8;29/07/2022 19:25:00;Strada Urbana;VIA CASILINA;all'intersezione con;VIA DEL TORRACCIO DI TORRENOVA;VIA DEL TORRACCIO DI TORRENOVA;;;Scontro frontale/laterale SX fra veicoli in marcia;Incrocio;Pi� di due carreggiate;Asciutto;Asfaltata;Verticale ed orizzontale;Sereno;Normale;Buona;;1;0;0;2;12.6212;41.8626;-1;2;Autovettura privata;In marcia / fermata / arresto;Passeggero;M;Illeso;0;;;
6069485;8;29/07/2022 20:30:00;Regionale;VIA CASILINA;in prossimit�;;del civico n.;1938;;Investimento di pedone;Rettilineo;Una carreggiata a doppio senso;Asciutto;Asfaltata;Verticale ed orizzontale;Sereno;Normale;Sufficiente;;1;0;0;1;12.6991;41.8647;-1;;;;Pedone;M;Ricoverato;0;NON DECEDUTO;;
6069485;8;29/07/2022 20:30:00;Regionale;VIA CASILINA;in prossimit�;;del civico n.;1938;;Investimento di pedone;Rettilineo;Una carreggiata a doppio senso;Asciutto;Asfaltata;Verticale ed orizzontale;Sereno;Normale;Sufficiente;;1;0;0;1;12.6991;41.8647;-1;1;Autovettura privata;In marcia / fermata / arresto;Conducente;M;Illeso;0;;Non accertato;Inesploso
6069489;8;30/07/2022 01:50:00;Strada Urbana;VIA DI TOR BELLA MONACA;in prossimit�;;del civico n.;353;;Veicolo in marcia contro ostacolo fisso;Rettilineo;Due carreggiate;Asciutto;Asfaltata;Verticale ed orizzontale;Sereno;Scarso;Buona;;1;0;0;0;12.6267;41.8773;-1;1;Autovettura privata;In marcia / fermata / arresto;Conducente;M;Rimandato;0;NON DECEDUTO;;Esploso
6069514;6;29/07/2022 17:30:00;Strada Urbana;VIA TEANO;in corrispondenza;;del civico n.;319;;Infortunio per sola frenata improvvisa;Rettilineo;Una carreggiata a doppio senso;Viscido da liquidi oleosi;Asfaltata;Verticale ed orizzontale;Sereno;Normale;Buona;;1;0;0;1;12.549;41.8894;-1;1;Velocipede;In marcia / fermata / arresto;Conducente;M;Rimandato;0;NON DECEDUTO;Esente;
6069514;6;29/07/2022 17:30:00;Strada Urbana;VIA TEANO;in corrispondenza;;del civico n.;319;;Infortunio per sola frenata improvvisa;Rettilineo;Una carreggiata a doppio senso;Viscido da liquidi oleosi;Asfaltata;Verticale ed orizzontale;Sereno;Normale;Buona;;1;0;0;1;12.549;41.8894;-1;2;Altro;In marcia / fermata / arresto;Conducente;M;Illeso;0;;;
6069532;16;29/07/2022 14:05:00;;CIRCONVALLAZIONE GIANICOLENSE;in corrispondenza;;del civico n.;49F;;Scontro laterale fra veicoli in marcia;;;;;;;;;;0;0;0;3;;;0;1;Autobus urbano;In marcia / fermata / arresto;Conducente;M;Illeso;0;;;
6069532;16;29/07/2022 14:05:00;;CIRCONVALLAZIONE GIANICOLENSE;in corrispondenza;;del civico n.;49F;;Scontro laterale fra veicoli in marcia;;;;;;;;;;0;0;0;3;;;0;2;Autovettura privata;In marcia / fermata / arresto;Conducente;M;Illeso;0;;;
6069532;16;29/07/2022 14:05:00;;CIRCONVALLAZIONE GIANICOLENSE;in corrispondenza;;del civico n.;49F;;Scontro laterale fra veicoli in marcia;;;;;;;;;;0;0;0;3;;;0;2;Autovettura privata;In marcia / fermata / arresto;Passeggero;M;Illeso;0;;;
6069537;1;29/07/2022 15:50:00;Strada Urbana;VIA TOR DE' CONTI;in corrispondenza;;del palo luce n.;5;;Scontro laterale fra veicoli in marcia;Rettilineo;Una carreggiata a senso unico di marcia;Asciutto;In cubetti di porfido;Assente;Sereno;Normale;Buona;;1;0;0;1;12.4875;41.894;-1;1;Autovettura pubblica;In marcia / fermata / arresto;Conducente;M;Illeso;0;;;
6069537;1;29/07/2022 15:50:00;Strada Urbana;VIA TOR DE' CONTI;in corrispondenza;;del palo luce n.;5;;Scontro laterale fra veicoli in marcia;Rettilineo;Una carreggiata a senso unico di marcia;Asciutto;In cubetti di porfido;Assente;Sereno;Normale;Buona;;1;0;0;1;12.4875;41.894;-1;2;Motociclo a solo;In marcia / fermata / arresto;Conducente;M;Rimandato;0;NON DECEDUTO;;
6069537;1;29/07/2022 15:50:00;Strada Urbana;VIA TOR DE' CONTI;in corrispondenza;;del palo luce n.;5;;Scontro laterale fra veicoli in marcia;Rettilineo;Una carreggiata a senso unico di marcia;Asciutto;In cubetti di porfido;Assente;Sereno;Normale;Buona;;1;0;0;1;12.4875;41.894;-1;3;Autovettura privata;Sosta;;;;;;;
6069558;18;29/07/2022 08:10:00;Strada Urbana;VIA DELLA CELLULOSA;in prossimit�;;del civico n.;11;;Veicolo in marcia contro veicolo fermo;Rettilineo;Una carreggiata a senso unico di marcia;Asciutto;Asfaltata;Verticale ed orizzontale;Sereno;Normale;Buona;;0;0;0;2;12.4218;41.9062;-1;1;Motociclo a solo;In marcia / fermata / arresto;Conducente;M;Illeso;0;;Non accertato;
6069558;18;29/07/2022 08:10:00;Strada Urbana;VIA DELLA CELLULOSA;in prossimit�;;del civico n.;11;;Veicolo in marcia contro veicolo fermo;Rettilineo;Una carreggiata a senso unico di marcia;Asciutto;Asfaltata;Verticale ed orizzontale;Sereno;Normale;Buona;;0;0;0;2;12.4218;41.9062;-1;2;Autovettura privata;In marcia / fermata / arresto;Conducente;M;Illeso;0;;Non accertato;Inesploso
6069575;1;29/07/2022 17:40:00;Strada Urbana;VIA CESARE BATTISTI;in prossimit�;;del civico n.;135;;Investimento di pedone;Rettilineo;Una carreggiata a doppio senso;Asciutto;In cubetti di porfido;Verticale ed orizzontale;Sereno;Normale;Buona;;2;0;0;0;12.4828;41.897;-1;;;;Pedone;F;Rimandato;0;NON DECEDUTO;;
6069575;1;29/07/2022 17:40:00;Strada Urbana;VIA CESARE BATTISTI;in prossimit�;;del civico n.;135;;Investimento di pedone;Rettilineo;Una carreggiata a doppio senso;Asciutto;In cubetti di porfido;Verticale ed orizzontale;Sereno;Normale;Buona;;2;0;0;0;12.4828;41.897;-1;1;Motociclo a solo;In marcia / fermata / arresto;Conducente;F;Rimandato;0;NON DECEDUTO;;
6069578;16;29/07/2022 21:30:00;Strada Urbana;PIAZZA S. GIOVANNI DI DIO;all'intersezione con;VIA EDOARDO JENNER;VIA EDOARDO JENNER;;;Scontro frontale fra veicoli in marcia;Intersezione semaforizzata;Pi� di due carreggiate;Asciutto;Asfaltata;Verticale ed orizzontale;Sereno;Scarso;Buona;;0;0;0;4;12.4467;41.8744;-1;1;Autovettura privata;In marcia / fermata / arresto;Conducente;F;Illeso;0;;Non accertato;
6069578;16;29/07/2022 21:30:00;Strada Urbana;PIAZZA S. GIOVANNI DI DIO;all'intersezione con;VIA EDOARDO JENNER;VIA EDOARDO JENNER;;;Scontro frontale fra veicoli in marcia;Intersezione semaforizzata;Pi� di due carreggiate;Asciutto;Asfaltata;Verticale ed orizzontale;Sereno;Scarso;Buona;;0;0;0;4;12.4467;41.8744;-1;1;Autovettura privata;In marcia / fermata / arresto;Passeggero;M;Illeso;0;;Non accertato;
6069578;16;29/07/2022 21:30:00;Strada Urbana;PIAZZA S. GIOVANNI DI DIO;all'intersezione con;VIA EDOARDO JENNER;VIA EDOARDO JENNER;;;Scontro frontale fra veicoli in marcia;Intersezione semaforizzata;Pi� di due carreggiate;Asciutto;Asfaltata;Verticale ed orizzontale;Sereno;Scarso;Buona;;0;0;0;4;12.4467;41.8744;-1;1;Autovettura privata;In marcia / fermata / arresto;Passeggero;F;Illeso;0;;;
6069578;16;29/07/2022 21:30:00;Strada Urbana;PIAZZA S. GIOVANNI DI DIO;all'intersezione con;VIA EDOARDO JENNER;VIA EDOARDO JENNER;;;Scontro frontale fra veicoli in marcia;Intersezione semaforizzata;Pi� di due carreggiate;Asciutto;Asfaltata;Verticale ed orizzontale;Sereno;Scarso;Buona;;0;0;0;4;12.4467;41.8744;-1;2;Autovettura privata;In marcia / fermata / arresto;Conducente;M;Illeso;0;;Non accertato;
6069600;1;30/07/2022 07:18:00;Strada Urbana;PASSEGGIATA DI RIPETTA;in prossimit�;;del civico n.;26;;Infortunio per caduta del veicolo;Rettilineo;Due carreggiate;Bagnato (umidit� in atto);Acciotolata;Verticale;Nuvoloso;Scarso;Buona;;1;0;0;0;12.4749;41.9082;0;1;Motociclo a solo;In marcia / fermata / arresto;Conducente;M;Rimandato;0;NON DECEDUTO;Non accertato;
6069624;1;29/07/2022 16:10:00;Strada Urbana;LUNGOTEVERE AVENTINO;da specificare;;;;fronte civ. 4;Scontro laterale fra veicoli in marcia;Rettilineo;Due carreggiate;Asciutto;Asfaltata;Verticale ed orizzontale;Sereno;Normale;Buona;;0;0;0;3;12.479;41.8855;-1;1;Autovettura privata;In marcia / fermata / arresto;Conducente;M;Illeso;0;;Non accertato;Inesploso
6069624;1;29/07/2022 16:10:00;Strada Urbana;LUNGOTEVERE AVENTINO;da specificare;;;;fronte civ. 4;Scontro laterale fra veicoli in marcia;Rettilineo;Due carreggiate;Asciutto;Asfaltata;Verticale ed orizzontale;Sereno;Normale;Buona;;0;0;0;3;12.479;41.8855;-1;1;Autovettura privata;In marcia / fermata / arresto;Passeggero;M;Illeso;0;;Non accertato;Inesploso
6069624;1;29/07/2022 16:10:00;Strada Urbana;LUNGOTEVERE AVENTINO;da specificare;;;;fronte civ. 4;Scontro laterale fra veicoli in marcia;Rettilineo;Due carreggiate;Asciutto;Asfaltata;Verticale ed orizzontale;Sereno;Normale;Buona;;0;0;0;3;12.479;41.8855;-1;2;Autovettura privata;In marcia / fermata / arresto;Conducente;M;Illeso;0;;Non accertato;Inesploso
6069650;1;29/07/2022 15:35:00;Strada Urbana;LUNGOTEVERE DEI TEBALDI;in prossimit�;;del civico n.;5;;Tamponamento;Rettilineo;Una carreggiata a senso unico di marcia;Asciutto;Asfaltata;Verticale ed orizzontale;Sereno;Normale;Buona;;0;0;0;4;;;0;1;Autovettura privata;In marcia / fermata / arresto;Conducente;M;Illeso;0;;;
6069650;1;29/07/2022 15:35:00;Strada Urbana;LUNGOTEVERE DEI TEBALDI;in prossimit�;;del civico n.;5;;Tamponamento;Rettilineo;Una carreggiata a senso unico di marcia;Asciutto;Asfaltata;Verticale ed orizzontale;Sereno;Normale;Buona;;0;0;0;4;;;0;2;Autovettura di polizia;In marcia / fermata / arresto;Conducente;F;Illeso;0;;;
6069650;1;29/07/2022 15:35:00;Strada Urbana;LUNGOTEVERE DEI TEBALDI;in prossimit�;;del civico n.;5;;Tamponamento;Rettilineo;Una carreggiata a senso unico di marcia;Asciutto;Asfaltata;Verticale ed orizzontale;Sereno;Normale;Buona;;0;0;0;4;;;0;2;Autovettura di polizia;In marcia / fermata / arresto;Passeggero;M;Illeso;0;;;
6069650;1;29/07/2022 15:35:00;Strada Urbana;LUNGOTEVERE DEI TEBALDI;in prossimit�;;del civico n.;5;;Tamponamento;Rettilineo;Una carreggiata a senso unico di marcia;Asciutto;Asfaltata;Verticale ed orizzontale;Sereno;Normale;Buona;;0;0;0;4;;;0;2;Autovettura di polizia;In marcia / fermata / arresto;Passeggero;M;Illeso;0;;;
6069700;1;29/07/2022 20:25:00;Strada Urbana;LUNGOTEVERE TESTACCIO;da specificare;;;;alt. villaggio globale;Tamponamento;Rettilineo;Una carreggiata a doppio senso;Asciutto;Asfaltata;Assente;Sereno;Scarso;Sufficiente;;0;0;0;2;12.4707;41.8777;-1;1;Autovettura pubblica;In marcia / fermata / arresto;Conducente;M;Illeso;0;;;
6069700;1;29/07/2022 20:25:00;Strada Urbana;LUNGOTEVERE TESTACCIO;da specificare;;;;alt. villaggio globale;Tamponamento;Rettilineo;Una carreggiata a doppio senso;Asciutto;Asfaltata;Assente;Sereno;Scarso;Sufficiente;;0;0;0;2;12.4707;41.8777;-1;2;Autocarro inferiore 35 q.;In marcia / fermata / arresto;Conducente;M;Illeso;0;;;
6069704;12;30/07/2022 09:20:00;Strada Urbana;VIA CRISTOFORO COLOMBO;all'intersezione con;VIALE DELL'OCEANO ATLANTICO;VIALE DELL'OCEANO ATLANTICO;;;Scontro laterale fra veicoli in marcia;Incrocio;Due carreggiate;Asciutto;Asfaltata;Verticale ed orizzontale;Nuvoloso;Scarso;Buona;;0;0;0;3;12.4115;41.7858;-1;1;Autovettura privata;In marcia / fermata / arresto;Conducente;M;Illeso;0;;Non accertato;Inesploso
6069704;12;30/07/2022 09:20:00;Strada Urbana;VIA CRISTOFORO COLOMBO;all'intersezione con;VIALE DELL'OCEANO ATLANTICO;VIALE DELL'OCEANO ATLANTICO;;;Scontro laterale fra veicoli in marcia;Incrocio;Due carreggiate;Asciutto;Asfaltata;Verticale ed orizzontale;Nuvoloso;Scarso;Buona;;0;0;0;3;12.4115;41.7858;-1;2;Autovettura privata;In marcia / fermata / arresto;Conducente;M;Illeso;0;;Non accertato;Inesploso
6069704;12;30/07/2022 09:20:00;Strada Urbana;VIA CRISTOFORO COLOMBO;all'intersezione con;VIALE DELL'OCEANO ATLANTICO;VIALE DELL'OCEANO ATLANTICO;;;Scontro laterale fra veicoli in marcia;Incrocio;Due carreggiate;Asciutto;Asfaltata;Verticale ed orizzontale;Nuvoloso;Scarso;Buona;;0;0;0;3;12.4115;41.7858;-1;2;Autovettura privata;In marcia / fermata / arresto;Passeggero;F;Illeso;0;;Non accertato;Inesploso
6069723;20;29/07/2022 14:20:00;Strada Urbana;VIA CASSIA;in prossimit�;;del civico n.;1699;;Tamponamento;Curva a visuale libera;Una carreggiata a doppio senso;Asciutto;Asfaltata;Assente;Sereno;Scarso;Buona;;0;0;0;3;12.3793;42.0062;-1;1;Autocarro inferiore 35 q.;In marcia / fermata / arresto;Conducente;M;Illeso;0;;Non accertato;Inesploso
6069723;20;29/07/2022 14:20:00;Strada Urbana;VIA CASSIA;in prossimit�;;del civico n.;1699;;Tamponamento;Curva a visuale libera;Una carreggiata a doppio senso;Asciutto;Asfaltata;Assente;Sereno;Scarso;Buona;;0;0;0;3;12.3793;42.0062;-1;2;Autovettura privata;In marcia / fermata / arresto;Conducente;M;Illeso;0;;Non accertato;Inesploso
6069723;20;29/07/2022 14:20:00;Strada Urbana;VIA CASSIA;in prossimit�;;del civico n.;1699;;Tamponamento;Curva a visuale libera;Una carreggiata a doppio senso;Asciutto;Asfaltata;Assente;Sereno;Scarso;Buona;;0;0;0;3;12.3793;42.0062;-1;2;Autovettura privata;In marcia / fermata / arresto;Passeggero;F;Illeso;0;;Non accertato;Inesploso