Protocollo;Gruppo;DataOraIncidente;Localizzazione1;STRADA1;Localizzazione2;STRADA2;Strada02;Chilometrica;DaSpecificare;NaturaIncidente;particolaritastrade;TipoStrada;FondoStradale;Pavimentazione;Segnaletica;CondizioneAtmosferica;Traffico;Visibilita;Illuminazione;NUM_FERITI;NUM_RISERVATA;NUM_MORTI;NUM_ILLESI;Longitude;Latitude;Confermato;Progressivo;TipoVeicolo;StatoVeicolo;TipoPersona;Sesso;Tipolesione;Deceduto;DecedutoDopo;CinturaCascoUtilizzato;Airbag;
6071004;15;31/07/2022 09:00:00;Strada Urbana;PIAZZA DELLA RADIO;da specificare;;;;fronte civico 1;Scontro laterale fra veicoli in marcia;Rettilineo;Due carreggiate;Asciutto;Asfaltata;Verticale ed orizzontale;Sereno;Scarso;Buona;;0;0;0;3;12.4669;41.87;-1;1;Autovettura privata;In marcia / fermata / arresto;Conducente;F;Illeso;0;;Non accertato;Inesploso
6071004;15;31/07/2022 09:00:00;Strada Urbana;PIAZZA DELLA RADIO;da specificare;;;;fronte civico 1;Scontro laterale fra veicoli in marcia;Rettilineo;Due carreggiate;Asciutto;Asfaltata;Verticale ed orizzontale;Sereno;Scarso;Buona;;0;0;0;3;12.4669;41.87;-1;1;Autovettura privata;In marcia / fermata / arresto;Passeggero;M;Illeso;0;;Non accertato;Inesploso
6071004;15;31/07/2022 09:00:00;Strada Urbana;PIAZZA DELLA RADIO;da specificare;;;;fronte civico 1;Scontro laterale fra veicoli in marcia;Rettilineo;Due carreggiate;Asciutto;Asfaltata;Verticale ed orizzontale;Sereno;Scarso;Buona;;0;0;0;3;12.4669;41.87;-1;2;Autobus turistico;In marcia / fermata / arresto;Conducente;M;Illeso;0;;Non accertato;Inesploso
6071012;12;31/07/2022 17:30:00;Strada Urbana;PIAZZA GUGLIELMO MARCONI;da specificare;;;;per via Cristoforo Colombo dir.Roma;Scontro laterale fra veicoli in marcia;Rotatoria;Due carreggiate;Asciutto;Asfaltata;Verticale ed orizzontale;Sereno;Normale;Buona;;0;0;0;2;12.4711;41.8335;-1;1;Autovettura privata;In marcia / fermata / arresto;Conducente;F;Illeso;0;;Utilizzato;Inesploso
6071012;12;31/07/2022 17:30:00;Strada Urbana;PIAZZA GUGLIELMO MARCONI;da specificare;;;;per via Cristoforo Colombo dir.Roma;Scontro laterale fra veicoli in marcia;Rotatoria;Due carreggiate;Asciutto;Asfaltata;Verticale ed orizzontale;Sereno;Normale;Buona;;0;0;0;2;12.4711;41.8335;-1;2;Autovettura privata;In marcia / fermata / arresto;Conducente;M;Illeso;0;;Utilizzato;Inesploso
6071020;12;31/07/2022 18:00:00;Provinciale;VIA LAURENTINA;all'intersezione con;VIA DI TRIGORIA;VIA DI TRIGORIA;;;Scontro laterale fra veicoli in marcia;Rotatoria;Una carreggiata a doppio senso;Asciutto;Asfaltata;Verticale;Sereno;Normale;Buona;;0;0;0;7;12.4856;41.8103;-1;1;Autovettura privata;In marcia / fermata / arresto;Conducente;M;Illeso;0;;;
6071020;12;31/07/2022 18:00:00;Provinciale;VIA LAURENTINA;all'intersezione con;VIA DI TRIGORIA;VIA DI TRIGORIA;;;Scontro laterale fra veicoli in marcia;Rotatoria;Una carreggiata a doppio senso;Asciutto;Asfaltata;Verticale;Sereno;Normale;Buona;;0;0;0;7;12.4856;41.8103;-1;1;Autovettura privata;In marcia / fermata / arresto;Passeggero;F;Illeso;0;;;
6071020;12;31/07/2022 18:00:00;Provinciale;VIA LAURENTINA;all'intersezione con;VIA DI TRIGORIA;VIA DI TRIGORIA;;;Scontro laterale fra veicoli in marcia;Rotatoria;Una carreggiata a doppio senso;Asciutto;Asfaltata;Verticale;Sereno;Normale;Buona;;0;0;0;7;12.4856;41.8103;-1;1;Autovettura privata;In marcia / fermata / arresto;Passeggero;F;Illeso;0;;;
6071020;12;31/07/2022 18:00:00;Provinciale;VIA LAURENTINA;all'intersezione con;VIA DI TRIGORIA;VIA DI TRIGORIA;;;Scontro laterale fra veicoli in marcia;Rotatoria;Una carreggiata a doppio senso;Asciutto;Asfaltata;Verticale;Sereno;Normale;Buona;;0;0;0;7;12.4856;41.8103;-1;1;Autovettura privata;In marcia / fermata / arresto;Passeggero;F;Illeso;0;;;
6071020;12;31/07/2022 18:00:00;Provinciale;VIA LAURENTINA;all'intersezione con;VIA DI TRIGORIA;VIA DI TRIGORIA;;;Scontro laterale fra veicoli in marcia;Rotatoria;Una carreggiata a doppio senso;Asciutto;Asfaltata;Verticale;Sereno;Normale;Buona;;0;0;0;7;12.4856;41.8103;-1;1;Autovettura privata;In marcia / fermata / arresto;Passeggero;F;Illeso;0;;;
6071020;12;31/07/2022 18:00:00;Provinciale;VIA LAURENTINA;all'intersezione con;VIA DI TRIGORIA;VIA DI TRIGORIA;;;Scontro laterale fra veicoli in marcia;Rotatoria;Una carreggiata a doppio senso;Asciutto;Asfaltata;Verticale;Sereno;Normale;Buona;;0;0;0;7;12.4856;41.8103;-1;2;Autovettura privata;In marcia / fermata / arresto;Conducente;M;Illeso;0;;;
6071020;12;31/07/2022 18:00:00;Provinciale;VIA LAURENTINA;all'intersezione con;VIA DI TRIGORIA;VIA DI TRIGORIA;;;Scontro laterale fra veicoli in marcia;Rotatoria;Una carreggiata a doppio senso;Asciutto;Asfaltata;Verticale;Sereno;Normale;Buona;;0;0;0;7;12.4856;41.8103;-1;2;Autovettura privata;In marcia / fermata / arresto;Passeggero;F;Illeso;0;;;
6071023;12;31/07/2022 16:20:00;Strada Urbana;VIA MINERBIO;all'intersezione con;VIA CASTIGLION DE' PEPOLI;VIA CASTIGLION DE' PEPOLI;;;Scontro frontale/laterale DX fra veicoli in marcia;Incrocio;Una carreggiata a doppio senso;Asciutto;Asfaltata;Verticale;Sereno;Normale;Sufficiente;;0;0;0;5;12.4088;41.7888;-1;1;Autovettura privata;In marcia / fermata / arresto;Conducente;M;Illeso;0;;Non accertato;Inesploso
6071023;12;31/07/2022 16:20:00;Strada Urbana;VIA MINERBIO;all'intersezione con;VIA CASTIGLION DE' PEPOLI;VIA CASTIGLION DE' PEPOLI;;;Scontro frontale/laterale DX fra veicoli in marcia;Incrocio;Una carreggiata a doppio senso;Asciutto;Asfaltata;Verticale;Sereno;Normale;Sufficiente;;0;0;0;5;12.4088;41.7888;-1;1;Autovettura privata;In marcia / fermata / arresto;Passeggero;F;Illeso;0;;Non accertato;Inesploso
6071023;12;31/07/2022 16:20:00;Strada Urbana;VIA MINERBIO;all'intersezione con;VIA CASTIGLION DE' PEPOLI;VIA CASTIGLION DE' PEPOLI;;;Scontro frontale/laterale DX fra veicoli in marcia;Incrocio;Una carreggiata a doppio senso;Asciutto;Asfaltata;Verticale;Sereno;Normale;Sufficiente;;0;0;0;5;12.4088;41.7888;-1;1;Autovettura privata;In marcia / fermata / arresto;Passeggero;F;Illeso;0;;Non accertato;Inesploso
6071023;12;31/07/2022 16:20:00;Strada Urbana;VIA MINERBIO;all'intersezione con;VIA CASTIGLION DE' PEPOLI;VIA CASTIGLION DE' PEPOLI;;;Scontro frontale/laterale DX fra veicoli in marcia;Incrocio;Una carreggiata a doppio senso;Asciutto;Asfaltata;Verticale;Sereno;Normale;Sufficiente;;0;0;0;5;12.4088;41.7888;-1;2;Autovettura privata;In marcia / fermata / arresto;Conducente;M;Illeso;0;;Non accertato;Inesploso
6071023;12;31/07/2022 16:20:00;Strada Urbana;VIA MINERBIO;all'intersezione con;VIA CASTIGLION DE' PEPOLI;VIA CASTIGLION DE' PEPOLI;;;Scontro frontale/laterale DX fra veicoli in marcia;Incrocio;Una carreggiata a doppio senso;Asciutto;Asfaltata;Verticale;Sereno;Normale;Sufficiente;;0;0;0;5;12.4088;41.7888;-1;2;Autovettura privata;In marcia / fermata / arresto;Passeggero;F;Illeso;0;;Non accertato;Inesploso
6071031;6;30/07/2022 18:25:00;Strada Urbana;VIA GALEAZZO ALESSI;in prossimit�;;del civico n.;214;;Veicolo in marcia contro veicolo in sosta;Rettilineo;Una carreggiata a senso unico di marcia;Asciutto;Asfaltata;Verticale ed orizzontale;Sereno;Scarso;Buona;;0;0;0;2;12.5403;41.8793;-1;1;Autovettura privata;In marcia / fermata / arresto;Conducente;M;Illeso;0;;Non accertato;Inesploso
6071031;6;30/07/2022 18:25:00;Strada Urbana;VIA GALEAZZO ALESSI;in prossimit�;;del civico n.;214;;Veicolo in marcia contro veicolo in sosta;Rettilineo;Una carreggiata a senso unico di marcia;Asciutto;Asfaltata;Verticale ed orizzontale;Sereno;Scarso;Buona;;0;0;0;2;12.5403;41.8793;-1;1;Autovettura privata;In marcia / fermata / arresto;Passeggero;M;Illeso;0;;Non accertato;Inesploso
6071031;6;30/07/2022 18:25:00;Strada Urbana;VIA GALEAZZO ALESSI;in prossimit�;;del civico n.;214;;Veicolo in marcia contro veicolo in sosta;Rettilineo;Una carreggiata a senso unico di marcia;Asciutto;Asfaltata;Verticale ed orizzontale;Sereno;Scarso;Buona;;0;0;0;2;12.5403;41.8793;-1;2;Autovettura privata;Sosta;;;;;;;
6071039;20;31/07/2022 18:40:00;Statale;VIA CASSIA BIS (non utilizzare);in corrispondenza;;della chilometrica;3;;Tamponamento Multiplo;Rettilineo;Due carreggiate;Asciutto;Asfaltata;Verticale ed orizzontale;Sereno;Intenso;Buona;;0;0;0;3;12.4318;42.0271;-1;1;Autovettura privata;In marcia / fermata / arresto;Conducente;M;Illeso;0;;;
6071039;20;31/07/2022 18:40:00;Statale;VIA CASSIA BIS (non utilizzare);in corrispondenza;;della chilometrica;3;;Tamponamento Multiplo;Rettilineo;Due carreggiate;Asciutto;Asfaltata;Verticale ed orizzontale;Sereno;Intenso;Buona;;0;0;0;3;12.4318;42.0271;-1;2;Autovettura privata;In marcia / fermata / arresto;Conducente;M;Illeso;0;;;
6071039;20;31/07/2022 18:40:00;Statale;VIA CASSIA BIS (non utilizzare);in corrispondenza;;della chilometrica;3;;Tamponamento Multiplo;Rettilineo;Due carreggiate;Asciutto;Asfaltata;Verticale ed orizzontale;Sereno;Intenso;Buona;;0;0;0;3;12.4318;42.0271;-1;3;Autovettura privata;In marcia / fermata / arresto;Conducente;M;Illeso;0;;;
6071043;18;30/07/2022 16:00:00;Altra strada;VIA DI ACQUAFREDDA;da specificare;;;;RAMPA/VIA AURELIA;Scontro frontale fra veicoli in marcia;Curva senza visuale libera;Una carreggiata a doppio senso;Asciutto;Asfaltata;Verticale ed orizzontale;Sereno;Normale;Buona;;1;0;0;2;12.3956;41.8939;-1;1;Autovettura privata;In marcia / fermata / arresto;Conducente;F;Illeso;0;;Non accertato;Inesploso
6071043;18;30/07/2022 16:00:00;Altra strada;VIA DI ACQUAFREDDA;da specificare;;;;RAMPA/VIA AURELIA;Scontro frontale fra veicoli in marcia;Curva senza visuale libera;Una carreggiata a doppio senso;Asciutto;Asfaltata;Verticale ed orizzontale;Sereno;Normale;Buona;;1;0;0;2;12.3956;41.8939;-1;2;Autovettura privata;In marcia / fermata / arresto;Conducente;M;Illeso;0;;Non accertato;Inesploso
6071043;18;30/07/2022 16:00:00;Altra strada;VIA DI ACQUAFREDDA;da specificare;;;;RAMPA/VIA AURELIA;Scontro frontale fra veicoli in marcia;Curva senza visuale libera;Una carreggiata a doppio senso;Asciutto;Asfaltata;Verticale ed orizzontale;Sereno;Normale;Buona;;1;0;0;2;12.3956;41.8939;-1;2;Autovettura privata;In marcia / fermata / arresto;Passeggero;F;Rifiuta cure immediate;0;NON DECEDUTO;Non utilizzato;Inesploso
6071050;20;31/07/2022 07:15:00;Statale entro l'abitato;VIA CASSIA;in prossimit�;;del civico n.;1817;;Scontro laterale fra veicoli in marcia;Rettilineo;Una carreggiata a doppio senso;Asciutto;Asfaltata;Verticale ed orizzontale;Sereno;Scarso;Buona;;0;0;0;1;12.3771;42.0139;-1;1;Autovettura privata;In marcia / fermata / arresto;Conducente;M;Illeso;0;;Non accertato;Inesploso
6071050;20;31/07/2022 07:15:00;Statale entro l'abitato;VIA CASSIA;in prossimit�;;del civico n.;1817;;Scontro laterale fra veicoli in marcia;Rettilineo;Una carreggiata a doppio senso;Asciutto;Asfaltata;Verticale ed orizzontale;Sereno;Scarso;Buona;;0;0;0;1;12.3771;42.0139;-1;2;Autovettura privata;Allontanatosi;;;;;;;
6071063;20;31/07/2022 20:15:00;Strada Urbana;VIA DELLA TORRE DELLE CORNACCHIE;all'intersezione con;VIA CASSIA;VIA CASSIA;;;Scontro frontale/laterale DX fra veicoli in marcia;Incrocio;Una carreggiata a doppio senso;Asciutto;Asfaltata;Verticale ed orizzontale;Sereno;Normale;Buona;;0;0;0;5;12.3936;41.9924;-1;1;Autovettura privata;In marcia / fermata / arresto;Conducente;F;Illeso;0;;;
6071063;20;31/07/2022 20:15:00;Strada Urbana;VIA DELLA TORRE DELLE CORNACCHIE;all'intersezione con;VIA CASSIA;VIA CASSIA;;;Scontro frontale/laterale DX fra veicoli in marcia;Incrocio;Una carreggiata a doppio senso;Asciutto;Asfaltata;Verticale ed orizzontale;Sereno;Normale;Buona;;0;0;0;5;12.3936;41.9924;-1;1;Autovettura privata;In marcia / fermata / arresto;Passeggero;M;Illeso;0;;;
6071063;20;31/07/2022 20:15:00;Strada Urbana;VIA DELLA TORRE DELLE CORNACCHIE;all'intersezione con;VIA CASSIA;VIA CASSIA;;;Scontro frontale/laterale DX fra veicoli in marcia;Incrocio;Una carreggiata a doppio senso;Asciutto;Asfaltata;Verticale ed orizzontale;Sereno;Normale;Buona;;0;0;0;5;12.3936;41.9924;-1;1;Autovettura privata;In marcia / fermata / arresto;Passeggero;M;Illeso;0;;;
6071063;20;31/07/2022 20:15:00;Strada Urbana;VIA DELLA TORRE DELLE CORNACCHIE;all'intersezione con;VIA CASSIA;VIA CASSIA;;;Scontro frontale/laterale DX fra veicoli in marcia;Incrocio;Una carreggiata a doppio senso;Asciutto;Asfaltata;Verticale ed orizzontale;Sereno;Normale;Buona;;0;0;0;5;12.3936;41.9924;-1;2;Autovettura privata;In marcia / fermata / arresto;Conducente;M;Illeso;0;;;
6071064;18;31/07/2022 15:00:00;Strada Urbana;VIA DI BOCCEA;all'intersezione con;VIA EMILIO ALBERTARIO;VIA EMILIO ALBERTARIO;;;Tamponamento;Intersezione stradale segnalata;Una carreggiata a doppio senso;Asciutto;Asfaltata;Verticale ed orizzontale;Sereno;Scarso;Buona;;0;0;0;2;12.3847;41.9149;-1;1;Motociclo a solo;In marcia / fermata / arresto;Conducente;M;Illeso;0;;Non accertato;
6071064;18;31/07/2022 15:00:00;Strada Urbana;VIA DI BOCCEA;all'intersezione con;VIA EMILIO ALBERTARIO;VIA EMILIO ALBERTARIO;;;Tamponamento;Intersezione stradale segnalata;Una carreggiata a doppio senso;Asciutto;Asfaltata;Verticale ed orizzontale;Sereno;Scarso;Buona;;0;0;0;2;12.3847;41.9149;-1;2;Autovettura privata;In marcia / fermata / arresto;Conducente;F;Illeso;0;;Non accertato;
6071073;18;31/07/2022 17:30:00;Strada Urbana;VIA ENRICO BONDI;all'intersezione con;VIA SUOR MARIA AGOSTINA;VIA SUOR MARIA AGOSTINA;;;Tamponamento;Intersezione stradale segnalata;Una carreggiata a doppio senso;Asciutto;Asfaltata;Verticale ed orizzontale;Sereno;Scarso;Buona;;0;0;0;2;12.3867;41.9012;-1;1;Autovettura privata;In marcia / fermata / arresto;Conducente;M;Illeso;0;;Non accertato;Inesploso
6071073;18;31/07/2022 17:30:00;Strada Urbana;VIA ENRICO BONDI;all'intersezione con;VIA SUOR MARIA AGOSTINA;VIA SUOR MARIA AGOSTINA;;;Tamponamento;Intersezione stradale segnalata;Una carreggiata a doppio senso;Asciutto;Asfaltata;Verticale ed orizzontale;Sereno;Scarso;Buona;;0;0;0;2;12.3867;41.9012;-1;2;Autovettura privata;In marcia / fermata / arresto;Conducente;M;Illeso;0;;Non accertato;Inesploso
6071081;20;31/07/2022 17:30:00;Strada Urbana;VIA DELLA GIUSTINIANA;da specificare;;;;f.c. 749;Veicolo in marcia contro ostacolo fisso;Rettilineo;Una carreggiata a doppio senso;Asciutto;Asfaltata;Verticale ed orizzontale;Sereno;Scarso;Buona;;0;0;0;1;12.4552;41.9947;-1;1;Autovettura privata;In marcia / fermata / arresto;Conducente;F;Illeso;0;;Non accertato;Inesploso
6071087;9;31/07/2022 16:45:00;Strada Urbana;VIA APPIA NUOVA;all'intersezione semaforizzata con;VIA FALERIA;VIA FALERIA;;;Scontro frontale/laterale DX fra veicoli in marcia;Incrocio;Due carreggiate;Asciutto;Asfaltata;Verticale ed orizzontale;Sereno;Scarso;Buona;;1;0;0;1;12.5114;41.8839;-1;1;Autovettura privata;In marcia / fermata / arresto;Conducente;M;Illeso;0;;Non accertato;Inesploso
6071087;9;31/07/2022 16:45:00;Strada Urbana;VIA APPIA NUOVA;all'intersezione semaforizzata con;VIA FALERIA;VIA FALERIA;;;Scontro frontale/laterale DX fra veicoli in marcia;Incrocio;Due carreggiate;Asciutto;Asfaltata;Verticale ed orizzontale;Sereno;Scarso;Buona;;1;0;0;1;12.5114;41.8839;-1;2;Monopattino elettrico;In marcia / fermata / arresto;Conducente;M;Rimandato;0;NON DECEDUTO;Esente;Inesistente
6071093;20;31/07/2022 18:15:00;Strada Urbana;VIA MONTE CREMASCO;in prossimit�;;del civico n.;94;;Veicolo in marcia contro veicoli in sosta;Curva a visuale libera;Una carreggiata a doppio senso;Asciutto;Asfaltata;Assente;Sereno;Scarso;Buona;;0;0;0;1;12.4649;42.0389;-1;1;Autovettura privata;In marcia / fermata / arresto;Conducente;F;Illeso;0;;Non accertato;Inesploso
6071093;20;31/07/2022 18:15:00;Strada Urbana;VIA MONTE CREMASCO;in prossimit�;;del civico n.;94;;Veicolo in marcia contro veicoli in sosta;Curva a visuale libera;Una carreggiata a doppio senso;Asciutto;Asfaltata;Assente;Sereno;Scarso;Buona;;0;0;0;1;12.4649;42.0389;-1;2;Autovettura privata;Sosta;;;;;;;
6071093;20;31/07/2022 18:15:00;Strada Urbana;VIA MONTE CREMASCO;in prossimit�;;del civico n.;94;;Veicolo in marcia contro veicoli in sosta;Curva a visuale libera;Una carreggiata a doppio senso;Asciutto;Asfaltata;Assente;Sereno;Scarso;Buona;;0;0;0;1;12.4649;42.0389;-1;3;Autovettura privata;Sosta;;;;;;;
6071106;18;30/07/2022 21:25:00;Strada Urbana;VIA DI SELVA CANDIDA;in prossimit�;;del civico n.;102;;Veicolo in marcia contro ostacolo accidentale;Rettilineo;Una carreggiata a doppio senso;Asciutto;Asfaltata;Verticale ed orizzontale;Sereno;Scarso;Buona;;0;0;0;1;12.3759;41.9264;-1;1;Autovettura privata;In marcia / fermata / arresto;Conducente;F;Illeso;0;;Non accertato;
6071129;20;31/07/2022 02:30:00;Strada Urbana;VIA CAPOPRATI;da specificare;;;;prossimit� civico 12a;Veicolo in marcia contro veicolo in sosta;Rettilineo;Una carreggiata a doppio senso;Asciutto;Asfaltata;Verticale ed orizzontale;Sereno;Normale;Sufficiente;;0;0;0;1;12.4597;41.9312;-1;1;Autovettura privata;In marcia / fermata / arresto;Conducente;M;Illeso;0;;Non accertato;Inesploso
6071129;20;31/07/2022 02:30:00;Strada Urbana;VIA CAPOPRATI;da specificare;;;;prossimit� civico 12a;Veicolo in marcia contro veicolo in sosta;Rettilineo;Una carreggiata a doppio senso;Asciutto;Asfaltata;Verticale ed orizzontale;Sereno;Normale;Sufficiente;;0;0;0;1;12.4597;41.9312;-1;2;Autovettura privata;Sosta;;;;;;;
6071142;9;31/07/2022 23:15:00;Strada Urbana;VIA CESARE BARONIO;in prossimit�;;del civico n.;127B;;Veicolo in marcia contro veicolo in sosta;Rettilineo;Una carreggiata a senso unico di marcia;Asciutto;Asfaltata;Verticale ed orizzontale;Sereno;Normale;Buona;;0;0;0;0;12.519;41.8715;-1;2;Autovettura privata;Sosta;;;;;;;
6071168;9;31/07/2022 20:00:00;Strada Urbana;VIA TARQUINIO PRISCO;all'intersezione con;VIA VETURIA;VIA VETURIA;;;Veicolo in marcia contro veicolo fermo;Incrocio;Una carreggiata a doppio senso;Asciutto;Asfaltata;Verticale ed orizzontale;Sereno;Scarso;Sufficiente;;1;0;0;2;12.5234;41.8776;-1;1;Autovettura privata;In marcia / fermata / arresto;Conducente;M;Illeso;0;;Non accertato;Inesploso
6071168;9;31/07/2022 20:00:00;Strada Urbana;VIA TARQUINIO PRISCO;all'intersezione con;VIA VETURIA;VIA VETURIA;;;Veicolo in marcia contro veicolo fermo;Incrocio;Una carreggiata a doppio senso;Asciutto;Asfaltata;Verticale ed orizzontale;Sereno;Scarso;Sufficiente;;1;0;0;2;12.5234;41.8776;-1;1;Autovettura privata;In marcia / fermata / arresto;Passeggero;F;Illeso;0;;Non accertato;Inesploso
6071168;9;31/07/2022 20:00:00;Strada Urbana;VIA TARQUINIO PRISCO;all'intersezione con;VIA VETURIA;VIA VETURIA;;;Veicolo in marcia contro veicolo fermo;Incrocio;Una carreggiata a doppio senso;Asciutto;Asfaltata;Verticale ed orizzontale;Sereno;Scarso;Sufficiente;;1;0;0;2;12.5234;41.8776;-1;2;Velocipede;In marcia / fermata / arresto;Conducente;M;Rimandato;0;NON DECEDUTO;Esente;
6071181;8;31/07/2022 23:33:00;Strada Urbana;VIA BORGHESIANA;all'intersezione con;VIA BARUMINI;VIA BARUMINI;;;Scontro frontale/laterale DX fra veicoli in marcia;Incrocio;Una carreggiata a doppio senso;Asciutto;Asfaltata;Verticale ed orizzontale;Sereno;Scarso;Sufficiente;;2;0;0;1;12.6707;41.8807;-1;1;Autovettura privata;In marcia / fermata / arresto;Conducente;M;Rimandato;0;NON DECEDUTO;;Esploso
6071181;8;31/07/2022 23:33:00;Strada Urbana;VIA BORGHESIANA;all'intersezione con;VIA BARUMINI;VIA BARUMINI;;;Scontro frontale/laterale DX fra veicoli in marcia;Incrocio;Una carreggiata a doppio senso;Asciutto;Asfaltata;Verticale ed orizzontale;Sereno;Scarso;Sufficiente;;2;0;0;1;12.6707;41.8807;-1;2;Autovettura privata;In marcia / fermata / arresto;Conducente;M;Illeso;0;;;
6071181;8;31/07/2022 23:33:00;Strada Urbana;VIA BORGHESIANA;all'intersezione con;VIA BARUMINI;VIA BARUMINI;;;Scontro frontale/laterale DX fra veicoli in marcia;Incrocio;Una carreggiata a doppio senso;Asciutto;Asfaltata;Verticale ed orizzontale;Sereno;Scarso;Sufficiente;;2;0;0;1;12.6707;41.8807;-1;2;Autovettura privata;In marcia / fermata / arresto;Passeggero;F;Rimandato;0;NON DECEDUTO;Non accertato;Inesploso
6071260;3;29/07/2022 15:40:00;Strada Urbana;SOTTOVIA IGNAZIO GUIDI;da specificare;;;;prossimit� via nomentana;Scontro laterale fra veicoli in marcia;Rettilineo;Una carreggiata a senso unico di marcia;Asciutto;Asfaltata;Verticale ed orizzontale;Sereno;Normale;Sufficiente;;0;0;0;3;12.5014;41.9096;-1;1;Autovettura di soccorso;In marcia / fermata / arresto;Conducente;M;Illeso;0;;Non accertato;Inesploso
6071260;3;29/07/2022 15:40:00;Strada Urbana;SOTTOVIA IGNAZIO GUIDI;da specificare;;;;prossimit� via nomentana;Scontro laterale fra veicoli in marcia;Rettilineo;Una carreggiata a senso unico di marcia;Asciutto;Asfaltata;Verticale ed orizzontale;Sereno;Normale;Sufficiente;;0;0;0;3;12.5014;41.9096;-1;1;Autovettura di soccorso;In marcia / fermata / arresto;Passeggero;M;Illeso;0;;Non accertato;Inesploso
6071260;3;29/07/2022 15:40:00;Strada Urbana;SOTTOVIA IGNAZIO GUIDI;da specificare;;;;prossimit� via nomentana;Scontro laterale fra veicoli in marcia;Rettilineo;Una carreggiata a senso unico di marcia;Asciutto;Asfaltata;Verticale ed orizzontale;Sereno;Normale;Sufficiente;;0;0;0;3;12.5014;41.9096;-1;2;Autovettura privata;In marcia / fermata / arresto;Conducente;F;Illeso;0;;Non accertato;Inesploso
6071293;3;29/07/2022 16:10:00;Strada Urbana;CIRCONVALLAZIONE TIBURTINA;da specificare;;;;rampa d'accesso nci direzione salaria;Tamponamento Multiplo;Rettilineo;Una carreggiata a senso unico di marcia;Asciutto;Asfaltata;Orizzontale;Sereno;Normale;Buona;;0;0;0;6;12.5258;41.898;-1;1;Autovettura privata;In marcia / fermata / arresto;Conducente;M;Illeso;0;;Non accertato;Inesploso
6071293;3;29/07/2022 16:10:00;Strada Urbana;CIRCONVALLAZIONE TIBURTINA;da specificare;;;;rampa d'accesso nci direzione salaria;Tamponamento Multiplo;Rettilineo;Una carreggiata a senso unico di marcia;Asciutto;Asfaltata;Orizzontale;Sereno;Normale;Buona;;0;0;0;6;12.5258;41.898;-1;2;Autovettura privata;In marcia / fermata / arresto;Conducente;M;Illeso;0;;Non accertato;Inesploso
6071293;3;29/07/2022 16:10:00;Strada Urbana;CIRCONVALLAZIONE TIBURTINA;da specificare;;;;rampa d'accesso nci direzione salaria;Tamponamento Multiplo;Rettilineo;Una carreggiata a senso unico di marcia;Asciutto;Asfaltata;Orizzontale;Sereno;Normale;Buona;;0;0;0;6;12.5258;41.898;-1;2;Autovettura privata;In marcia / fermata / arresto;Passeggero;M;Illeso;0;;Non accertato;Inesploso
6071293;3;29/07/2022 16:10:00;Strada Urbana;CIRCONVALLAZIONE TIBURTINA;da specificare;;;;rampa d'accesso nci direzione salaria;Tamponamento Multiplo;Rettilineo;Una carreggiata a senso unico di marcia;Asciutto;Asfaltata;Orizzontale;Sereno;Normale;Buona;;0;0;0;6;12.5258;41.898;-1;3;Autovettura privata;In marcia / fermata / arresto;Conducente;M;Illeso;0;;Non accertato;Inesploso
6071293;3;29/07/2022 16:10:00;Strada Urbana;CIRCONVALLAZIONE TIBURTINA;da specificare;;;;rampa d'accesso nci direzione salaria;Tamponamento Multiplo;Rettilineo;Una carreggiata a senso unico di marcia;Asciutto;Asfaltata;Orizzontale;Sereno;Normale;Buona;;0;0;0;6;12.5258;41.898;-1;3;Autovettura privata;In marcia / fermata / arresto;Passeggero;M;Illeso;0;;Non accertato;Inesploso
6071293;3;29/07/2022 16:10:00;Strada Urbana;CIRCONVALLAZIONE TIBURTINA;da specificare;;;;rampa d'accesso nci direzione salaria;Tamponamento Multiplo;Rettilineo;Una carreggiata a senso unico di marcia;Asciutto;Asfaltata;Orizzontale;Sereno;Normale;Buona;;0;0;0;6;12.5258;41.898;-1;3;Autovettura privata;In marcia / fermata / arresto;Passeggero;F;Illeso;0;;Non accertato;Inesploso
6071329;1;31/07/2022 12:40:00;Strada Urbana;VIA DEL TEATRO DI MARCELLO;da specificare;;;;alt. palo acea n. 12;Scontro laterale fra veicoli in marcia;Rettilineo;Una carreggiata a doppio senso;Asciutto;Acciotolata;Verticale ed orizzontale;Sereno;Normale;Buona;;0;0;0;3;12.4811;41.893;-1;1;Autovettura privata;In marcia / fermata / arresto;Conducente;M;Illeso;0;;;
6071329;1;31/07/2022 12:40:00;Strada Urbana;VIA DEL TEATRO DI MARCELLO;da specificare;;;;alt. palo acea n. 12;Scontro laterale fra veicoli in marcia;Rettilineo;Una carreggiata a doppio senso;Asciutto;Acciotolata;Verticale ed orizzontale;Sereno;Normale;Buona;;0;0;0;3;12.4811;41.893;-1;1;Autovettura privata;In marcia / fermata / arresto;Passeggero;F;Illeso;0;;;
6071329;1;31/07/2022 12:40:00;Strada Urbana;VIA DEL TEATRO DI MARCELLO;da specificare;;;;alt. palo acea n. 12;Scontro laterale fra veicoli in marcia;Rettilineo;Una carreggiata a doppio senso;Asciutto;Acciotolata;Verticale ed orizzontale;Sereno;Normale;Buona;;0;0;0;3;12.4811;41.893;-1;2;Autovettura privata;In marcia / fermata / arresto;Conducente;M;Illeso;0;;;