Protocollo;Gruppo;DataOraIncidente;Localizzazione1;STRADA1;Localizzazione2;STRADA2;Strada02;Chilometrica;DaSpecificare;NaturaIncidente;particolaritastrade;TipoStrada;FondoStradale;Pavimentazione;Segnaletica;CondizioneAtmosferica;Traffico;Visibilita;Illuminazione;NUM_FERITI;NUM_RISERVATA;NUM_MORTI;NUM_ILLESI;Longitude;Latitude;Confermato;Progressivo;TipoVeicolo;StatoVeicolo;TipoPersona;Sesso;Tipolesione;Deceduto;DecedutoDopo;CinturaCascoUtilizzato;Airbag;
6071382;8;31/07/2022 15:00:00;Strada Urbana;VIA PRENESTINA;in prossimit�;;del civico n.;1184;;Investimento di pedone;Rettilineo;Una carreggiata a doppio senso;Asciutto;Asfaltata;Orizzontale;Sereno;Normale;Buona;;1;0;0;1;12.6237;41.8924;-1;;;;Pedone;M;Ricoverato;0;NON DECEDUTO;;
6071382;8;31/07/2022 15:00:00;Strada Urbana;VIA PRENESTINA;in prossimit�;;del civico n.;1184;;Investimento di pedone;Rettilineo;Una carreggiata a doppio senso;Asciutto;Asfaltata;Orizzontale;Sereno;Normale;Buona;;1;0;0;1;12.6237;41.8924;-1;1;Autovettura privata;In marcia / fermata / arresto;Conducente;M;Illeso;0;;;
6071397;3;28/07/2022 18:30:00;Strada Urbana;VIALE DEL POLICLINICO;in prossimit�;;del civico n.;149;;Scontro frontale fra veicoli in marcia;Rettilineo;Due carreggiate;Asciutto;Asfaltata;Verticale ed orizzontale;Sereno;Normale;Buona;;0;0;0;4;12.5072;41.9091;-1;1;Autovettura privata;In marcia / fermata / arresto;Conducente;F;Illeso;0;;Non accertato;Inesploso
6071397;3;28/07/2022 18:30:00;Strada Urbana;VIALE DEL POLICLINICO;in prossimit�;;del civico n.;149;;Scontro frontale fra veicoli in marcia;Rettilineo;Due carreggiate;Asciutto;Asfaltata;Verticale ed orizzontale;Sereno;Normale;Buona;;0;0;0;4;12.5072;41.9091;-1;1;Autovettura privata;In marcia / fermata / arresto;Passeggero;F;Illeso;0;;Non accertato;Inesploso
6071397;3;28/07/2022 18:30:00;Strada Urbana;VIALE DEL POLICLINICO;in prossimit�;;del civico n.;149;;Scontro frontale fra veicoli in marcia;Rettilineo;Due carreggiate;Asciutto;Asfaltata;Verticale ed orizzontale;Sereno;Normale;Buona;;0;0;0;4;12.5072;41.9091;-1;1;Autovettura privata;In marcia / fermata / arresto;Passeggero;M;Illeso;0;;Esente;Inesploso
6071397;3;28/07/2022 18:30:00;Strada Urbana;VIALE DEL POLICLINICO;in prossimit�;;del civico n.;149;;Scontro frontale fra veicoli in marcia;Rettilineo;Due carreggiate;Asciutto;Asfaltata;Verticale ed orizzontale;Sereno;Normale;Buona;;0;0;0;4;12.5072;41.9091;-1;2;Autovettura pubblica;In marcia / fermata / arresto;Conducente;M;Illeso;0;;Non accertato;Inesploso
6071435;3;29/07/2022 00:05:00;Strada Urbana;VIALE DELLO SCALO S. LORENZO;da specificare;;;;fronte 77a;Scontro frontale/laterale DX fra veicoli in marcia;Curva senza visuale libera;Pi� di due carreggiate;Asciutto;Asfaltata;Verticale ed orizzontale;Sereno;Normale;Sufficiente;;1;0;0;1;12.518;41.8952;-1;1;Autovettura privata;In marcia / fermata / arresto;Conducente;F;Illeso;0;;;
6071435;3;29/07/2022 00:05:00;Strada Urbana;VIALE DELLO SCALO S. LORENZO;da specificare;;;;fronte 77a;Scontro frontale/laterale DX fra veicoli in marcia;Curva senza visuale libera;Pi� di due carreggiate;Asciutto;Asfaltata;Verticale ed orizzontale;Sereno;Normale;Sufficiente;;1;0;0;1;12.518;41.8952;-1;2;Velocipede;In marcia / fermata / arresto;Conducente;M;Ricoverato;0;NON DECEDUTO;Esente;
6071451;1;31/07/2022 11:55:00;Strada Urbana;VIA CESARE BATTISTI;in prossimit�;;del civico n.;120/b;;Scontro frontale/laterale SX fra veicoli in marcia;Rettilineo;Una carreggiata a doppio senso;Asciutto;Asfaltata;Verticale ed orizzontale;Sereno;Normale;Buona;;1;0;0;2;12.4832;41.8969;-1;1;Autovettura privata;In marcia / fermata / arresto;Conducente;M;Illeso;0;;;
6071451;1;31/07/2022 11:55:00;Strada Urbana;VIA CESARE BATTISTI;in prossimit�;;del civico n.;120/b;;Scontro frontale/laterale SX fra veicoli in marcia;Rettilineo;Una carreggiata a doppio senso;Asciutto;Asfaltata;Verticale ed orizzontale;Sereno;Normale;Buona;;1;0;0;2;12.4832;41.8969;-1;1;Autovettura privata;In marcia / fermata / arresto;Passeggero;F;Illeso;0;;;
6071451;1;31/07/2022 11:55:00;Strada Urbana;VIA CESARE BATTISTI;in prossimit�;;del civico n.;120/b;;Scontro frontale/laterale SX fra veicoli in marcia;Rettilineo;Una carreggiata a doppio senso;Asciutto;Asfaltata;Verticale ed orizzontale;Sereno;Normale;Buona;;1;0;0;2;12.4832;41.8969;-1;2;Motociclo a solo;In marcia / fermata / arresto;Conducente;M;Rimandato;0;NON DECEDUTO;;
6071487;19;29/07/2022 20:50:00;Strada Urbana;VIA ALESSANDRO AVOLI;all'intersezione con;VIA ANGELO FAVA;VIA ANGELO FAVA;;;Veicolo in marcia contro veicolo in sosta;Incrocio;Una carreggiata a senso unico di marcia;Asciutto;Asfaltata;Verticale;Sereno;Normale;Buona;;0;0;0;2;12.425;41.9412;-1;1;Autovettura privata;In marcia / fermata / arresto;Conducente;M;Illeso;0;;Non accertato;Inesploso
6071487;19;29/07/2022 20:50:00;Strada Urbana;VIA ALESSANDRO AVOLI;all'intersezione con;VIA ANGELO FAVA;VIA ANGELO FAVA;;;Veicolo in marcia contro veicolo in sosta;Incrocio;Una carreggiata a senso unico di marcia;Asciutto;Asfaltata;Verticale;Sereno;Normale;Buona;;0;0;0;2;12.425;41.9412;-1;2;Motociclo a solo;In marcia / fermata / arresto;Conducente;M;Illeso;0;;Non accertato;
6071487;19;29/07/2022 20:50:00;Strada Urbana;VIA ALESSANDRO AVOLI;all'intersezione con;VIA ANGELO FAVA;VIA ANGELO FAVA;;;Veicolo in marcia contro veicolo in sosta;Incrocio;Una carreggiata a senso unico di marcia;Asciutto;Asfaltata;Verticale;Sereno;Normale;Buona;;0;0;0;2;12.425;41.9412;-1;3;Autovettura privata;Sosta;;;;;;;
6071497;8;31/07/2022 11:53:00;Strada Urbana;VIA LETOIANNI;all'intersezione con;VIA CASILINA;VIA CASILINA;;;Tamponamento;Incrocio;Una carreggiata a senso unico di marcia;Asciutto;Asfaltata;Verticale ed orizzontale;Sereno;Scarso;Buona;;0;0;0;4;12.6946;41.8639;-1;1;Autovettura privata;In marcia / fermata / arresto;Conducente;M;Illeso;0;;Non accertato;Inesploso
6071497;8;31/07/2022 11:53:00;Strada Urbana;VIA LETOIANNI;all'intersezione con;VIA CASILINA;VIA CASILINA;;;Tamponamento;Incrocio;Una carreggiata a senso unico di marcia;Asciutto;Asfaltata;Verticale ed orizzontale;Sereno;Scarso;Buona;;0;0;0;4;12.6946;41.8639;-1;1;Autovettura privata;In marcia / fermata / arresto;Passeggero;F;Illeso;0;;Non accertato;Inesploso
6071497;8;31/07/2022 11:53:00;Strada Urbana;VIA LETOIANNI;all'intersezione con;VIA CASILINA;VIA CASILINA;;;Tamponamento;Incrocio;Una carreggiata a senso unico di marcia;Asciutto;Asfaltata;Verticale ed orizzontale;Sereno;Scarso;Buona;;0;0;0;4;12.6946;41.8639;-1;2;Autovettura privata;In marcia / fermata / arresto;Conducente;M;Illeso;0;;Non accertato;Inesploso
6071497;8;31/07/2022 11:53:00;Strada Urbana;VIA LETOIANNI;all'intersezione con;VIA CASILINA;VIA CASILINA;;;Tamponamento;Incrocio;Una carreggiata a senso unico di marcia;Asciutto;Asfaltata;Verticale ed orizzontale;Sereno;Scarso;Buona;;0;0;0;4;12.6946;41.8639;-1;2;Autovettura privata;In marcia / fermata / arresto;Passeggero;F;Illeso;0;;Non accertato;Inesploso
6071507;8;31/07/2022 11:25:00;Strada Urbana;VIA CASILINA;da specificare;;;;rampa uscita GRA direzione Casilina ;Tamponamento;Rettilineo;Una carreggiata a senso unico di marcia;Asciutto;Asfaltata;Verticale ed orizzontale;Sereno;Normale;Buona;;0;0;0;7;12.6212;41.8626;-1;1;Autovettura privata;In marcia / fermata / arresto;Conducente;M;Illeso;0;;;
6071507;8;31/07/2022 11:25:00;Strada Urbana;VIA CASILINA;da specificare;;;;rampa uscita GRA direzione Casilina ;Tamponamento;Rettilineo;Una carreggiata a senso unico di marcia;Asciutto;Asfaltata;Verticale ed orizzontale;Sereno;Normale;Buona;;0;0;0;7;12.6212;41.8626;-1;1;Autovettura privata;In marcia / fermata / arresto;Passeggero;F;Illeso;0;;;
6071507;8;31/07/2022 11:25:00;Strada Urbana;VIA CASILINA;da specificare;;;;rampa uscita GRA direzione Casilina ;Tamponamento;Rettilineo;Una carreggiata a senso unico di marcia;Asciutto;Asfaltata;Verticale ed orizzontale;Sereno;Normale;Buona;;0;0;0;7;12.6212;41.8626;-1;1;Autovettura privata;In marcia / fermata / arresto;Passeggero;M;Illeso;0;;;
6071507;8;31/07/2022 11:25:00;Strada Urbana;VIA CASILINA;da specificare;;;;rampa uscita GRA direzione Casilina ;Tamponamento;Rettilineo;Una carreggiata a senso unico di marcia;Asciutto;Asfaltata;Verticale ed orizzontale;Sereno;Normale;Buona;;0;0;0;7;12.6212;41.8626;-1;1;Autovettura privata;In marcia / fermata / arresto;Passeggero;F;Illeso;0;;;
6071507;8;31/07/2022 11:25:00;Strada Urbana;VIA CASILINA;da specificare;;;;rampa uscita GRA direzione Casilina ;Tamponamento;Rettilineo;Una carreggiata a senso unico di marcia;Asciutto;Asfaltata;Verticale ed orizzontale;Sereno;Normale;Buona;;0;0;0;7;12.6212;41.8626;-1;2;Autovettura privata;In marcia / fermata / arresto;Conducente;M;Illeso;0;;;
6071507;8;31/07/2022 11:25:00;Strada Urbana;VIA CASILINA;da specificare;;;;rampa uscita GRA direzione Casilina ;Tamponamento;Rettilineo;Una carreggiata a senso unico di marcia;Asciutto;Asfaltata;Verticale ed orizzontale;Sereno;Normale;Buona;;0;0;0;7;12.6212;41.8626;-1;2;Autovettura privata;In marcia / fermata / arresto;Passeggero;M;Illeso;0;;;
6071507;8;31/07/2022 11:25:00;Strada Urbana;VIA CASILINA;da specificare;;;;rampa uscita GRA direzione Casilina ;Tamponamento;Rettilineo;Una carreggiata a senso unico di marcia;Asciutto;Asfaltata;Verticale ed orizzontale;Sereno;Normale;Buona;;0;0;0;7;12.6212;41.8626;-1;2;Autovettura privata;In marcia / fermata / arresto;Passeggero;F;Illeso;0;;;
6071520;19;29/07/2022 23:00:00;Strada Urbana;VIA LANFRANCO DI PAVIA;all'intersezione con;VIA ANGUILLARESE;VIA ANGUILLARESE;;;Scontro frontale/laterale SX fra veicoli in marcia;Incrocio;Una carreggiata a doppio senso;Asciutto;Asfaltata;Verticale ed orizzontale;Sereno;Scarso;Sufficiente;;2;0;0;1;12.2952;42.0544;-1;1;Autovettura privata;In marcia / fermata / arresto;Conducente;M;Illeso;0;;Non accertato;Inesploso
6071520;19;29/07/2022 23:00:00;Strada Urbana;VIA LANFRANCO DI PAVIA;all'intersezione con;VIA ANGUILLARESE;VIA ANGUILLARESE;;;Scontro frontale/laterale SX fra veicoli in marcia;Incrocio;Una carreggiata a doppio senso;Asciutto;Asfaltata;Verticale ed orizzontale;Sereno;Scarso;Sufficiente;;2;0;0;1;12.2952;42.0544;-1;2;Quadriciclo leggero;In marcia / fermata / arresto;Conducente;M;Rimandato;0;NON DECEDUTO;Non accertato;Inesploso
6071520;19;29/07/2022 23:00:00;Strada Urbana;VIA LANFRANCO DI PAVIA;all'intersezione con;VIA ANGUILLARESE;VIA ANGUILLARESE;;;Scontro frontale/laterale SX fra veicoli in marcia;Incrocio;Una carreggiata a doppio senso;Asciutto;Asfaltata;Verticale ed orizzontale;Sereno;Scarso;Sufficiente;;2;0;0;1;12.2952;42.0544;-1;2;Quadriciclo leggero;In marcia / fermata / arresto;Passeggero;F;Rimandato;0;NON DECEDUTO;Non accertato;Inesploso
6071560;5;29/07/2022 06:25:00;Strada Urbana;VIA ELISEA SAVELLI;all'intersezione con;VIA CAMILLA VIRGINIA SAVELLI;VIA CAMILLA VIRGINIA SAVELLI;;;Veicolo in marcia contro ostacolo fisso;Incrocio;Una carreggiata a doppio senso;Asciutto;Asfaltata;Verticale ed orizzontale;Sereno;Scarso;Buona;;1;0;0;0;12.5981;41.947;-1;1;Motociclo a solo;In marcia / fermata / arresto;Conducente;M;Rimandato;0;NON DECEDUTO;Non accertato;
6071564;19;29/07/2022 15:30:00;Strada Urbana;VIA DI TORREVECCHIA;all'intersezione con;VIA GIOVANNI D'ANDREA;VIA GIOVANNI D'ANDREA;;;Scontro frontale fra veicoli in marcia;Incrocio;Una carreggiata a doppio senso;Asciutto;Asfaltata;Verticale ed orizzontale;Sereno;Normale;Buona;;0;0;0;1;12.4117;41.9227;-1;1;Autovettura privata;In marcia / fermata / arresto;Conducente;M;Illeso;0;;Non accertato;Inesploso
6071565;5;29/07/2022 00:55:00;Strada Urbana;VIALE PALMIRO TOGLIATTI;da specificare;;;;svincolo Via Tiburtina direzione Tivoli;Scontro frontale/laterale DX fra veicoli in marcia;Rettilineo;Una carreggiata a senso unico di marcia;Asciutto;Asfaltata;Assente;Sereno;Normale;Buona;;1;0;0;1;12.5672;41.9212;-1;1;Autovettura privata;In marcia / fermata / arresto;Conducente;F;Illeso;0;;Non accertato;
6071565;5;29/07/2022 00:55:00;Strada Urbana;VIALE PALMIRO TOGLIATTI;da specificare;;;;svincolo Via Tiburtina direzione Tivoli;Scontro frontale/laterale DX fra veicoli in marcia;Rettilineo;Una carreggiata a senso unico di marcia;Asciutto;Asfaltata;Assente;Sereno;Normale;Buona;;1;0;0;1;12.5672;41.9212;-1;2;Motociclo a solo;In marcia / fermata / arresto;Conducente;F;Rimandato;0;NON DECEDUTO;Non accertato;
6071572;5;29/07/2022 08:00:00;Strada Urbana;VIA CAMESENA;all'intersezione con;LARGO CAMESENA;LARGO CAMESENA;;;Scontro frontale/laterale SX fra veicoli in marcia;Incrocio;Una carreggiata a senso unico di marcia;Asciutto;Asfaltata;Verticale ed orizzontale;Sereno;Normale;Sufficiente;;0;0;0;2;12.5345;41.9091;-1;1;Autovettura privata;In marcia / fermata / arresto;Conducente;M;Illeso;0;;Non accertato;Inesploso
6071572;5;29/07/2022 08:00:00;Strada Urbana;VIA CAMESENA;all'intersezione con;LARGO CAMESENA;LARGO CAMESENA;;;Scontro frontale/laterale SX fra veicoli in marcia;Incrocio;Una carreggiata a senso unico di marcia;Asciutto;Asfaltata;Verticale ed orizzontale;Sereno;Normale;Sufficiente;;0;0;0;2;12.5345;41.9091;-1;2;Motociclo a solo;In marcia / fermata / arresto;Conducente;M;Illeso;0;;Non accertato;
6071578;5;29/07/2022 08:40:00;Strada Urbana;VIALE MARX;all'intersezione con;VIA LOCKE;VIA LOCKE;;;Investimento di pedone;Incrocio;Una carreggiata a doppio senso;Asciutto;Asfaltata;Verticale ed orizzontale;Sereno;Normale;Buona;;1;0;0;3;12.5561;41.9361;-1;;;;Pedone;F;Rimandato;0;NON DECEDUTO;;
6071578;5;29/07/2022 08:40:00;Strada Urbana;VIALE MARX;all'intersezione con;VIA LOCKE;VIA LOCKE;;;Investimento di pedone;Incrocio;Una carreggiata a doppio senso;Asciutto;Asfaltata;Verticale ed orizzontale;Sereno;Normale;Buona;;1;0;0;3;12.5561;41.9361;-1;1;Autovettura privata;In marcia / fermata / arresto;Conducente;F;Illeso;0;;Non accertato;Inesploso
6071578;5;29/07/2022 08:40:00;Strada Urbana;VIALE MARX;all'intersezione con;VIA LOCKE;VIA LOCKE;;;Investimento di pedone;Incrocio;Una carreggiata a doppio senso;Asciutto;Asfaltata;Verticale ed orizzontale;Sereno;Normale;Buona;;1;0;0;3;12.5561;41.9361;-1;1;Autovettura privata;In marcia / fermata / arresto;Passeggero;M;Illeso;0;;Non accertato;Inesploso
6071578;5;29/07/2022 08:40:00;Strada Urbana;VIALE MARX;all'intersezione con;VIA LOCKE;VIA LOCKE;;;Investimento di pedone;Incrocio;Una carreggiata a doppio senso;Asciutto;Asfaltata;Verticale ed orizzontale;Sereno;Normale;Buona;;1;0;0;3;12.5561;41.9361;-1;1;Autovettura privata;In marcia / fermata / arresto;Passeggero;M;Illeso;0;;Non accertato;Inesploso
6071579;19;29/07/2022 15:00:00;Strada Urbana;GALLERIA GIOVANNI XXIII;in prossimit�;;della chilometrica;1.5;;Scontro laterale fra veicoli in marcia;Galleria illuminata;Una carreggiata a senso unico di marcia;Asciutto;Asfaltata;Verticale ed orizzontale;Sereno;Normale;Buona;;0;0;0;3;12.4411;41.9404;-1;1;Autovettura di polizia;In marcia / fermata / arresto;Conducente;M;Illeso;0;;Non accertato;Inesploso
6071579;19;29/07/2022 15:00:00;Strada Urbana;GALLERIA GIOVANNI XXIII;in prossimit�;;della chilometrica;1.5;;Scontro laterale fra veicoli in marcia;Galleria illuminata;Una carreggiata a senso unico di marcia;Asciutto;Asfaltata;Verticale ed orizzontale;Sereno;Normale;Buona;;0;0;0;3;12.4411;41.9404;-1;1;Autovettura di polizia;In marcia / fermata / arresto;Passeggero;M;Illeso;0;;Non accertato;Inesploso
6071579;19;29/07/2022 15:00:00;Strada Urbana;GALLERIA GIOVANNI XXIII;in prossimit�;;della chilometrica;1.5;;Scontro laterale fra veicoli in marcia;Galleria illuminata;Una carreggiata a senso unico di marcia;Asciutto;Asfaltata;Verticale ed orizzontale;Sereno;Normale;Buona;;0;0;0;3;12.4411;41.9404;-1;2;Autovettura privata;In marcia / fermata / arresto;Conducente;F;Illeso;0;;Non accertato;Inesploso
6071581;5;29/07/2022 10:00:00;Strada Urbana;VIA TIBURTINA;da specificare;;;;fronte civico 413;Tamponamento;Rettilineo;Una carreggiata a doppio senso;Asciutto;Asfaltata;Verticale ed orizzontale;Sereno;Scarso;Buona;;0;0;0;2;12.537;41.9084;-1;1;Autovettura privata;In marcia / fermata / arresto;Conducente;M;Illeso;0;;Non accertato;Inesploso
6071581;5;29/07/2022 10:00:00;Strada Urbana;VIA TIBURTINA;da specificare;;;;fronte civico 413;Tamponamento;Rettilineo;Una carreggiata a doppio senso;Asciutto;Asfaltata;Verticale ed orizzontale;Sereno;Scarso;Buona;;0;0;0;2;12.537;41.9084;-1;2;Autovettura privata;In marcia / fermata / arresto;Conducente;M;Illeso;0;;Non accertato;Inesploso
6071586;5;29/07/2022 12:55:00;Strada Urbana;VIA TIBURTINA;da specificare;;;;dir. GRA pross. svincolo inversione Via Cicogna;Scontro frontale fra veicoli in marcia;Rettilineo;Due carreggiate;Asciutto;Asfaltata;Verticale ed orizzontale;Sereno;Normale;Buona;;0;0;0;6;12.5687;41.9235;-1;1;Autovettura privata;In marcia / fermata / arresto;Conducente;M;Illeso;0;;;
6071586;5;29/07/2022 12:55:00;Strada Urbana;VIA TIBURTINA;da specificare;;;;dir. GRA pross. svincolo inversione Via Cicogna;Scontro frontale fra veicoli in marcia;Rettilineo;Due carreggiate;Asciutto;Asfaltata;Verticale ed orizzontale;Sereno;Normale;Buona;;0;0;0;6;12.5687;41.9235;-1;1;Autovettura privata;In marcia / fermata / arresto;Passeggero;M;Illeso;0;;;
6071586;5;29/07/2022 12:55:00;Strada Urbana;VIA TIBURTINA;da specificare;;;;dir. GRA pross. svincolo inversione Via Cicogna;Scontro frontale fra veicoli in marcia;Rettilineo;Due carreggiate;Asciutto;Asfaltata;Verticale ed orizzontale;Sereno;Normale;Buona;;0;0;0;6;12.5687;41.9235;-1;1;Autovettura privata;In marcia / fermata / arresto;Passeggero;F;Illeso;0;;;
6071586;5;29/07/2022 12:55:00;Strada Urbana;VIA TIBURTINA;da specificare;;;;dir. GRA pross. svincolo inversione Via Cicogna;Scontro frontale fra veicoli in marcia;Rettilineo;Due carreggiate;Asciutto;Asfaltata;Verticale ed orizzontale;Sereno;Normale;Buona;;0;0;0;6;12.5687;41.9235;-1;1;Autovettura privata;In marcia / fermata / arresto;Passeggero;M;Illeso;0;;;
6071586;5;29/07/2022 12:55:00;Strada Urbana;VIA TIBURTINA;da specificare;;;;dir. GRA pross. svincolo inversione Via Cicogna;Scontro frontale fra veicoli in marcia;Rettilineo;Due carreggiate;Asciutto;Asfaltata;Verticale ed orizzontale;Sereno;Normale;Buona;;0;0;0;6;12.5687;41.9235;-1;2;Autovettura privata;In marcia / fermata / arresto;Conducente;M;Illeso;0;;;
6071590;5;29/07/2022 13:00:00;Strada Urbana;VIALE PALMIRO TOGLIATTI;da specificare;;;;svincolo Via Tiburtina alt. Ponte Mammolo;Tamponamento;Curva a visuale libera;Una carreggiata a senso unico di marcia;Asciutto;Asfaltata;Orizzontale;Sereno;Normale;Buona;;1;0;0;1;12.5667;41.9209;-1;1;Autovettura privata;In marcia / fermata / arresto;Conducente;M;Rimandato;0;NON DECEDUTO;;
6071590;5;29/07/2022 13:00:00;Strada Urbana;VIALE PALMIRO TOGLIATTI;da specificare;;;;svincolo Via Tiburtina alt. Ponte Mammolo;Tamponamento;Curva a visuale libera;Una carreggiata a senso unico di marcia;Asciutto;Asfaltata;Orizzontale;Sereno;Normale;Buona;;1;0;0;1;12.5667;41.9209;-1;2;Autovettura privata;In marcia / fermata / arresto;Conducente;M;Illeso;0;;;
6071591;19;29/07/2022 16:20:00;Strada Urbana;VIA DELLA RISERVA GRANDE;all'intersezione semaforizzata con;VIA CASOREZZO;VIA CASOREZZO;;;Scontro laterale fra veicoli in marcia;Intersezione semaforizzata;Una carreggiata a doppio senso;Asciutto;Asfaltata;Verticale ed orizzontale;Sereno;Normale;Buona;;0;0;0;4;12.3817;41.9476;-1;1;Motociclo a solo;In marcia / fermata / arresto;Conducente;M;Illeso;0;;Non accertato;
6071591;19;29/07/2022 16:20:00;Strada Urbana;VIA DELLA RISERVA GRANDE;all'intersezione semaforizzata con;VIA CASOREZZO;VIA CASOREZZO;;;Scontro laterale fra veicoli in marcia;Intersezione semaforizzata;Una carreggiata a doppio senso;Asciutto;Asfaltata;Verticale ed orizzontale;Sereno;Normale;Buona;;0;0;0;4;12.3817;41.9476;-1;2;Autovettura privata;In marcia / fermata / arresto;Conducente;M;Illeso;0;;Non accertato;Inesploso
6071591;19;29/07/2022 16:20:00;Strada Urbana;VIA DELLA RISERVA GRANDE;all'intersezione semaforizzata con;VIA CASOREZZO;VIA CASOREZZO;;;Scontro laterale fra veicoli in marcia;Intersezione semaforizzata;Una carreggiata a doppio senso;Asciutto;Asfaltata;Verticale ed orizzontale;Sereno;Normale;Buona;;0;0;0;4;12.3817;41.9476;-1;2;Autovettura privata;In marcia / fermata / arresto;Passeggero;M;Illeso;0;;Non accertato;Inesploso
6071591;19;29/07/2022 16:20:00;Strada Urbana;VIA DELLA RISERVA GRANDE;all'intersezione semaforizzata con;VIA CASOREZZO;VIA CASOREZZO;;;Scontro laterale fra veicoli in marcia;Intersezione semaforizzata;Una carreggiata a doppio senso;Asciutto;Asfaltata;Verticale ed orizzontale;Sereno;Normale;Buona;;0;0;0;4;12.3817;41.9476;-1;2;Autovettura privata;In marcia / fermata / arresto;Passeggero;F;Illeso;0;;Non accertato;Inesploso
6071595;5;29/07/2022 13:00:00;Strada Urbana;VIALE PALMIRO TOGLIATTI;da specificare;;;;svincolo Via Tiburtina alt. Ponte Mammolo;Tamponamento;Curva a visuale libera;Una carreggiata a senso unico di marcia;Asciutto;Asfaltata;Orizzontale;Sereno;Normale;Buona;;0;0;0;2;12.5668;41.9204;-1;1;Autocarro inferiore 35 q.;In marcia / fermata / arresto;Conducente;M;Illeso;0;;Non accertato;Inesploso
6071595;5;29/07/2022 13:00:00;Strada Urbana;VIALE PALMIRO TOGLIATTI;da specificare;;;;svincolo Via Tiburtina alt. Ponte Mammolo;Tamponamento;Curva a visuale libera;Una carreggiata a senso unico di marcia;Asciutto;Asfaltata;Orizzontale;Sereno;Normale;Buona;;0;0;0;2;12.5668;41.9204;-1;2;Autovettura privata;In marcia / fermata / arresto;Conducente;M;Illeso;0;;Non accertato;Inesploso
6071606;5;29/07/2022 17:13:00;Strada Urbana;VIALE PALMIRO TOGLIATTI;da specificare;;;;dir. Tiburtina alt. Via Bardanzellu;Scontro laterale fra veicoli in marcia;Rettilineo;Due carreggiate;Asciutto;Asfaltata;Verticale ed orizzontale;Sereno;Normale;Buona;;0;0;0;3;12.5706;41.914;-1;1;Autovettura privata;In marcia / fermata / arresto;Conducente;F;Illeso;0;;Non accertato;Inesploso
6071606;5;29/07/2022 17:13:00;Strada Urbana;VIALE PALMIRO TOGLIATTI;da specificare;;;;dir. Tiburtina alt. Via Bardanzellu;Scontro laterale fra veicoli in marcia;Rettilineo;Due carreggiate;Asciutto;Asfaltata;Verticale ed orizzontale;Sereno;Normale;Buona;;0;0;0;3;12.5706;41.914;-1;1;Autovettura privata;In marcia / fermata / arresto;Passeggero;M;Illeso;0;;Non accertato;Inesploso
6071606;5;29/07/2022 17:13:00;Strada Urbana;VIALE PALMIRO TOGLIATTI;da specificare;;;;dir. Tiburtina alt. Via Bardanzellu;Scontro laterale fra veicoli in marcia;Rettilineo;Due carreggiate;Asciutto;Asfaltata;Verticale ed orizzontale;Sereno;Normale;Buona;;0;0;0;3;12.5706;41.914;-1;2;Autobus in extraurbana;In marcia / fermata / arresto;Conducente;M;Illeso;0;;Non accertato;Inesploso
6071616;5;30/07/2022 12:05:00;Strada Urbana;VIA DIEGO ANGELI;in prossimit�;;del civico n.;129;;Veicolo in marcia contro veicolo fermo;Rettilineo;Una carreggiata a senso unico di marcia;Asciutto;Asfaltata;Verticale ed orizzontale;Sereno;Normale;Buona;;0;0;0;3;12.5513;41.9071;-1;1;Autovettura privata;In marcia / fermata / arresto;Conducente;M;Illeso;0;;Non accertato;Inesploso
6071616;5;30/07/2022 12:05:00;Strada Urbana;VIA DIEGO ANGELI;in prossimit�;;del civico n.;129;;Veicolo in marcia contro veicolo fermo;Rettilineo;Una carreggiata a senso unico di marcia;Asciutto;Asfaltata;Verticale ed orizzontale;Sereno;Normale;Buona;;0;0;0;3;12.5513;41.9071;-1;2;Autocarro inferiore 35 q.;In marcia / fermata / arresto;Conducente;M;Illeso;0;;Non accertato;Inesploso
6071616;5;30/07/2022 12:05:00;Strada Urbana;VIA DIEGO ANGELI;in prossimit�;;del civico n.;129;;Veicolo in marcia contro veicolo fermo;Rettilineo;Una carreggiata a senso unico di marcia;Asciutto;Asfaltata;Verticale ed orizzontale;Sereno;Normale;Buona;;0;0;0;3;12.5513;41.9071;-1;2;Autocarro inferiore 35 q.;In marcia / fermata / arresto;Passeggero;M;Illeso;0;;Non accertato;Inesploso
6071623;5;30/07/2022 02:30:00;Strada Urbana;VIA FABRIANO;all'intersezione con;VIA MONTEGIORGIO;VIA MONTEGIORGIO;;;Scontro frontale/laterale SX fra veicoli in marcia;Incrocio;Una carreggiata a doppio senso;Asciutto;Asfaltata;Verticale;Sereno;Normale;Sufficiente;;0;0;0;2;12.5856;41.9418;-1;1;Autovettura privata;In marcia / fermata / arresto;Conducente;M;Illeso;0;;Non utilizzato;Inesploso
6071623;5;30/07/2022 02:30:00;Strada Urbana;VIA FABRIANO;all'intersezione con;VIA MONTEGIORGIO;VIA MONTEGIORGIO;;;Scontro frontale/laterale SX fra veicoli in marcia;Incrocio;Una carreggiata a doppio senso;Asciutto;Asfaltata;Verticale;Sereno;Normale;Sufficiente;;0;0;0;2;12.5856;41.9418;-1;2;Autovettura privata;In marcia / fermata / arresto;Conducente;M;Illeso;0;;Non accertato;Inesploso