Protocollo;Gruppo;DataOraIncidente;Localizzazione1;STRADA1;Localizzazione2;STRADA2;Strada02;Chilometrica;DaSpecificare;NaturaIncidente;particolaritastrade;TipoStrada;FondoStradale;Pavimentazione;Segnaletica;CondizioneAtmosferica;Traffico;Visibilita;Illuminazione;NUM_FERITI;NUM_RISERVATA;NUM_MORTI;NUM_ILLESI;Longitude;Latitude;Confermato;Progressivo;TipoVeicolo;StatoVeicolo;TipoPersona;Sesso;Tipolesione;Deceduto;DecedutoDopo;CinturaCascoUtilizzato;Airbag;
6071624;8;31/07/2022 03:00:00;Strada Urbana;VIA SANTA ELISABETTA;all'intersezione con;VIA CASTELVETRANO;VIA CASTELVETRANO;;;Veicolo in marcia contro ostacolo fisso;Incrocio;Una carreggiata a doppio senso;Asciutto;Asfaltata;Verticale ed orizzontale;Sereno;Scarso;Sufficiente;;0;0;0;1;12.6614;41.853;-1;1;Autovettura privata;In marcia / fermata / arresto;Conducente;M;Illeso;0;;Non accertato;Inesploso
6071628;5;31/07/2022 17:55:00;Strada Urbana;VIA DEI MONTI TIBURTINI;all'intersezione semaforizzata con;VIA DEI DURANTINI;VIA DEI DURANTINI;;;Tamponamento;Intersezione semaforizzata;Una carreggiata a senso unico di marcia;Asciutto;Asfaltata;Verticale ed orizzontale;Sereno;Scarso;Buona;;0;0;0;2;12.543;41.9172;-1;1;Autovettura privata;In marcia / fermata / arresto;Conducente;M;Illeso;0;;Non accertato;Inesploso
6071628;5;31/07/2022 17:55:00;Strada Urbana;VIA DEI MONTI TIBURTINI;all'intersezione semaforizzata con;VIA DEI DURANTINI;VIA DEI DURANTINI;;;Tamponamento;Intersezione semaforizzata;Una carreggiata a senso unico di marcia;Asciutto;Asfaltata;Verticale ed orizzontale;Sereno;Scarso;Buona;;0;0;0;2;12.543;41.9172;-1;1;Autovettura privata;In marcia / fermata / arresto;Passeggero;F;Illeso;0;;Non accertato;Inesploso
6071628;5;31/07/2022 17:55:00;Strada Urbana;VIA DEI MONTI TIBURTINI;all'intersezione semaforizzata con;VIA DEI DURANTINI;VIA DEI DURANTINI;;;Tamponamento;Intersezione semaforizzata;Una carreggiata a senso unico di marcia;Asciutto;Asfaltata;Verticale ed orizzontale;Sereno;Scarso;Buona;;0;0;0;2;12.543;41.9172;-1;2;Autovettura privata;Allontanatosi;;;;;;;
6071644;5;31/07/2022 22:55:00;Strada Urbana;tangenziale / est dir. salaria;da specificare;;;;ALTEZZA VERANO;Scontro frontale/laterale DX fra veicoli in marcia;Rettilineo;Pi� di due carreggiate;Asciutto;Asfaltata;Verticale ed orizzontale;Sereno;Scarso;Buona;;2;0;0;0;12.5304;41.9012;-1;1;Autovettura privata;In marcia / fermata / arresto;Conducente;M;Rimandato;0;NON DECEDUTO;Non accertato;Inesploso
6071644;5;31/07/2022 22:55:00;Strada Urbana;tangenziale / est dir. salaria;da specificare;;;;ALTEZZA VERANO;Scontro frontale/laterale DX fra veicoli in marcia;Rettilineo;Pi� di due carreggiate;Asciutto;Asfaltata;Verticale ed orizzontale;Sereno;Scarso;Buona;;2;0;0;0;12.5304;41.9012;-1;2;Autovettura privata;In marcia / fermata / arresto;Conducente;M;Rimandato;0;NON DECEDUTO;Non accertato;Inesploso
6071651;5;29/07/2022 18:00:00;Strada Urbana;VIALE PALMIRO TOGLIATTI;da specificare;;;;altezza Via E. D'Onofrio;Tamponamento;Rettilineo;Due carreggiate;Asciutto;Asfaltata;Verticale ed orizzontale;Sereno;Normale;Buona;;1;0;0;4;12.5717;41.912;-1;;;;Pedone;M;Rimandato;0;NON DECEDUTO;;
6071651;5;29/07/2022 18:00:00;Strada Urbana;VIALE PALMIRO TOGLIATTI;da specificare;;;;altezza Via E. D'Onofrio;Tamponamento;Rettilineo;Due carreggiate;Asciutto;Asfaltata;Verticale ed orizzontale;Sereno;Normale;Buona;;1;0;0;4;12.5717;41.912;-1;1;Autovettura privata;In marcia / fermata / arresto;Conducente;F;Illeso;0;;Non accertato;Inesploso
6071651;5;29/07/2022 18:00:00;Strada Urbana;VIALE PALMIRO TOGLIATTI;da specificare;;;;altezza Via E. D'Onofrio;Tamponamento;Rettilineo;Due carreggiate;Asciutto;Asfaltata;Verticale ed orizzontale;Sereno;Normale;Buona;;1;0;0;4;12.5717;41.912;-1;2;Autovettura privata;In marcia / fermata / arresto;Conducente;M;Illeso;0;;Non accertato;Inesploso
6071651;5;29/07/2022 18:00:00;Strada Urbana;VIALE PALMIRO TOGLIATTI;da specificare;;;;altezza Via E. D'Onofrio;Tamponamento;Rettilineo;Due carreggiate;Asciutto;Asfaltata;Verticale ed orizzontale;Sereno;Normale;Buona;;1;0;0;4;12.5717;41.912;-1;2;Autovettura privata;In marcia / fermata / arresto;Passeggero;F;Illeso;0;;Non accertato;Inesploso
6071661;19;30/07/2022 03:00:00;Strada Urbana;VIA DI SELVA CANDIDA;in prossimit�;;del civico n.;390;;Veicolo in marcia contro ostacolo fisso;Rettilineo;Una carreggiata a doppio senso;Asciutto;Asfaltata;Orizzontale;Sereno;Scarso;Sufficiente;;0;0;0;1;12.3789;41.939;-1;1;Autovettura privata;In marcia / fermata / arresto;Conducente;M;Illeso;0;;Non accertato;Inesploso
6071684;19;30/07/2022 08:50:00;Strada Urbana;VIA PIEVE DI CADORE;all'intersezione con;VIA DEL FORTE TRIONFALE;VIA DEL FORTE TRIONFALE;;;Ribaltamento senza urto contro ostacolo fisso;Incrocio;Due carreggiate;Asciutto;Asfaltata;Verticale ed orizzontale;Sereno;Scarso;Buona;;1;0;0;0;12.4326;41.9381;-1;1;Motociclo a solo;In marcia / fermata / arresto;Conducente;F;Rimandato;0;NON DECEDUTO;Non accertato;
6071717;19;30/07/2022 13:15:00;Strada Urbana;VIA DOMENICO MONTAGNANA;da specificare;;;;all'inters. via D. Montagnana civici 113 115 121;Scontro frontale/laterale SX fra veicoli in marcia;Rettilineo;Una carreggiata a doppio senso;Asciutto;Asfaltata;Verticale ed orizzontale;Sereno;Scarso;Buona;;0;0;0;2;12.3642;41.951;-1;1;Autovettura privata;In marcia / fermata / arresto;Conducente;M;Illeso;0;;Non accertato;Inesploso
6071717;19;30/07/2022 13:15:00;Strada Urbana;VIA DOMENICO MONTAGNANA;da specificare;;;;all'inters. via D. Montagnana civici 113 115 121;Scontro frontale/laterale SX fra veicoli in marcia;Rettilineo;Una carreggiata a doppio senso;Asciutto;Asfaltata;Verticale ed orizzontale;Sereno;Scarso;Buona;;0;0;0;2;12.3642;41.951;-1;2;Autocarro inferiore 35 q.;In marcia / fermata / arresto;Conducente;M;Illeso;0;;Non accertato;Inesploso
6071764;19;30/07/2022 17:30:00;Strada Urbana;VIA DEI MONTI DI PRIMAVALLE;in prossimit�;;del civico n.;128;;Scontro frontale/laterale SX fra veicoli in marcia;Curva a visuale libera;Una carreggiata a doppio senso;Asciutto;Asfaltata;Orizzontale;Sereno;Scarso;Buona;;0;0;0;2;12.4123;41.9109;-1;1;Autovettura privata;In marcia / fermata / arresto;Conducente;M;Illeso;0;;Non accertato;Inesploso
6071764;19;30/07/2022 17:30:00;Strada Urbana;VIA DEI MONTI DI PRIMAVALLE;in prossimit�;;del civico n.;128;;Scontro frontale/laterale SX fra veicoli in marcia;Curva a visuale libera;Una carreggiata a doppio senso;Asciutto;Asfaltata;Orizzontale;Sereno;Scarso;Buona;;0;0;0;2;12.4123;41.9109;-1;2;Autovettura privata;In marcia / fermata / arresto;Conducente;F;Illeso;0;;;
6071824;19;31/07/2022 22:30:00;Strada Urbana;VIA DUCCIO GALIMBERTI;all'intersezione con;VIALE DELLE MEDAGLIE D'ORO;VIALE DELLE MEDAGLIE D'ORO;;;Scontro frontale fra veicoli in marcia;Intersezione semaforizzata;Una carreggiata a doppio senso;Asciutto;Asfaltata;Verticale ed orizzontale;Sereno;Normale;Sufficiente;;0;0;0;2;12.4436;41.9137;-1;1;Autovettura privata;In marcia / fermata / arresto;Conducente;F;Illeso;0;;Non accertato;Esploso
6071824;19;31/07/2022 22:30:00;Strada Urbana;VIA DUCCIO GALIMBERTI;all'intersezione con;VIALE DELLE MEDAGLIE D'ORO;VIALE DELLE MEDAGLIE D'ORO;;;Scontro frontale fra veicoli in marcia;Intersezione semaforizzata;Una carreggiata a doppio senso;Asciutto;Asfaltata;Verticale ed orizzontale;Sereno;Normale;Sufficiente;;0;0;0;2;12.4436;41.9137;-1;2;Autovettura privata;In marcia / fermata / arresto;Conducente;M;Illeso;0;;Non accertato;Esploso
6071857;20;31/07/2022 17:45:00;Strada Urbana;VIA ISCHIA DI CASTRO;in corrispondenza;;del civico n.;30;;Veicolo in marcia contro ostacolo fisso;Rettilineo;Una carreggiata a doppio senso;Asciutto;Asfaltata;Verticale ed orizzontale;Sereno;Scarso;Buona;;0;0;0;1;12.4492;41.9687;-1;1;Autovettura privata;In marcia / fermata / arresto;Conducente;M;Illeso;0;;Non accertato;Inesploso
6071931;3;28/07/2022 09:40:00;Strada Urbana;VIA NOMENTANA;all'intersezione semaforizzata con;CORSO TRIESTE;CORSO TRIESTE;;;Scontro frontale/laterale SX fra veicoli in marcia;Intersezione semaforizzata;Pi� di due carreggiate;Asciutto;Asfaltata;Verticale ed orizzontale;Sereno;Normale;Buona;;0;0;0;1;;;0;1;Autovettura privata;In marcia / fermata / arresto;Conducente;M;Illeso;0;;Non accertato;Inesploso
6071931;3;28/07/2022 09:40:00;Strada Urbana;VIA NOMENTANA;all'intersezione semaforizzata con;CORSO TRIESTE;CORSO TRIESTE;;;Scontro frontale/laterale SX fra veicoli in marcia;Intersezione semaforizzata;Pi� di due carreggiate;Asciutto;Asfaltata;Verticale ed orizzontale;Sereno;Normale;Buona;;0;0;0;1;;;0;2;Autovettura privata;In marcia / fermata / arresto;Conducente;;Illeso;0;;;
6071935;3;28/07/2022 09:20:00;Strada Urbana;PIAZZALE DEL VERANO;in corrispondenza;;del civico n.;36;;Scontro frontale/laterale SX fra veicoli in marcia;Rotatoria;Pi� di due carreggiate;Asciutto;Asfaltata;Verticale ed orizzontale;Sereno;Normale;Buona;;0;0;0;2;12.5188;41.9018;-1;1;Motociclo a solo;In marcia / fermata / arresto;Conducente;F;Illeso;0;;Non accertato;
6071935;3;28/07/2022 09:20:00;Strada Urbana;PIAZZALE DEL VERANO;in corrispondenza;;del civico n.;36;;Scontro frontale/laterale SX fra veicoli in marcia;Rotatoria;Pi� di due carreggiate;Asciutto;Asfaltata;Verticale ed orizzontale;Sereno;Normale;Buona;;0;0;0;2;12.5188;41.9018;-1;2;Autovettura privata;In marcia / fermata / arresto;Conducente;M;Illeso;0;;Non accertato;Inesploso
6072545;17;29/07/2022 08:55:00;Strada Urbana;PIAZZALE CLODIO;in prossimit�;;del civico n.;17;;Tamponamento;Rettilineo;Una carreggiata a senso unico di marcia;Asciutto;Asfaltata;Verticale ed orizzontale;Sereno;Normale;Buona;;0;0;0;3;12.454;41.9157;-1;1;Autovettura privata;In marcia / fermata / arresto;Conducente;M;Illeso;0;;;
6072545;17;29/07/2022 08:55:00;Strada Urbana;PIAZZALE CLODIO;in prossimit�;;del civico n.;17;;Tamponamento;Rettilineo;Una carreggiata a senso unico di marcia;Asciutto;Asfaltata;Verticale ed orizzontale;Sereno;Normale;Buona;;0;0;0;3;12.454;41.9157;-1;2;Autovettura privata;In marcia / fermata / arresto;Conducente;M;Illeso;0;;;
6072545;17;29/07/2022 08:55:00;Strada Urbana;PIAZZALE CLODIO;in prossimit�;;del civico n.;17;;Tamponamento;Rettilineo;Una carreggiata a senso unico di marcia;Asciutto;Asfaltata;Verticale ed orizzontale;Sereno;Normale;Buona;;0;0;0;3;12.454;41.9157;-1;2;Autovettura privata;In marcia / fermata / arresto;Passeggero;M;Illeso;0;;;
6072648;3;30/07/2022 16:40:00;Strada Urbana;VIA TIBURTINA;da specificare;;;;direzione centro altezza via pietro l'eremita;Scontro laterale fra veicoli in marcia;Rettilineo;Una carreggiata a senso unico di marcia;Asciutto;Asfaltata;Verticale ed orizzontale;Sereno;Normale;Buona;;1;0;0;4;12.5739;41.9257;-1;1;Autovettura privata;In marcia / fermata / arresto;Conducente;M;Illeso;0;;;
6072648;3;30/07/2022 16:40:00;Strada Urbana;VIA TIBURTINA;da specificare;;;;direzione centro altezza via pietro l'eremita;Scontro laterale fra veicoli in marcia;Rettilineo;Una carreggiata a senso unico di marcia;Asciutto;Asfaltata;Verticale ed orizzontale;Sereno;Normale;Buona;;1;0;0;4;12.5739;41.9257;-1;1;Autovettura privata;In marcia / fermata / arresto;Passeggero;F;Illeso;0;;;
6072648;3;30/07/2022 16:40:00;Strada Urbana;VIA TIBURTINA;da specificare;;;;direzione centro altezza via pietro l'eremita;Scontro laterale fra veicoli in marcia;Rettilineo;Una carreggiata a senso unico di marcia;Asciutto;Asfaltata;Verticale ed orizzontale;Sereno;Normale;Buona;;1;0;0;4;12.5739;41.9257;-1;1;Autovettura privata;In marcia / fermata / arresto;Passeggero;M;Illeso;0;;;
6072648;3;30/07/2022 16:40:00;Strada Urbana;VIA TIBURTINA;da specificare;;;;direzione centro altezza via pietro l'eremita;Scontro laterale fra veicoli in marcia;Rettilineo;Una carreggiata a senso unico di marcia;Asciutto;Asfaltata;Verticale ed orizzontale;Sereno;Normale;Buona;;1;0;0;4;12.5739;41.9257;-1;2;Monopattino elettrico;In marcia / fermata / arresto;Conducente;F;Ricoverato;0;NON DECEDUTO;;
6072648;3;30/07/2022 16:40:00;Strada Urbana;VIA TIBURTINA;da specificare;;;;direzione centro altezza via pietro l'eremita;Scontro laterale fra veicoli in marcia;Rettilineo;Una carreggiata a senso unico di marcia;Asciutto;Asfaltata;Verticale ed orizzontale;Sereno;Normale;Buona;;1;0;0;4;12.5739;41.9257;-1;2;Monopattino elettrico;In marcia / fermata / arresto;Passeggero;M;Illeso;0;;;
6072664;3;31/07/2022 02:10:00;Strada Urbana;VIALE IPPOCRATE;all'intersezione semaforizzata con;VIA ALFONSO BORELLI;VIA ALFONSO BORELLI;;;Scontro frontale/laterale DX fra veicoli in marcia;Incrocio;Due carreggiate;Asciutto;Asfaltata;Verticale ed orizzontale;Sereno;Scarso;Sufficiente;;1;0;0;3;12.5192;41.9081;-1;1;Autovettura privata;In marcia / fermata / arresto;Conducente;M;Illeso;0;;Non accertato;Esploso
6072664;3;31/07/2022 02:10:00;Strada Urbana;VIALE IPPOCRATE;all'intersezione semaforizzata con;VIA ALFONSO BORELLI;VIA ALFONSO BORELLI;;;Scontro frontale/laterale DX fra veicoli in marcia;Incrocio;Due carreggiate;Asciutto;Asfaltata;Verticale ed orizzontale;Sereno;Scarso;Sufficiente;;1;0;0;3;12.5192;41.9081;-1;1;Autovettura privata;In marcia / fermata / arresto;Passeggero;F;Illeso;0;;Non accertato;Esploso
6072664;3;31/07/2022 02:10:00;Strada Urbana;VIALE IPPOCRATE;all'intersezione semaforizzata con;VIA ALFONSO BORELLI;VIA ALFONSO BORELLI;;;Scontro frontale/laterale DX fra veicoli in marcia;Incrocio;Due carreggiate;Asciutto;Asfaltata;Verticale ed orizzontale;Sereno;Scarso;Sufficiente;;1;0;0;3;12.5192;41.9081;-1;2;Autovettura privata;In marcia / fermata / arresto;Conducente;M;Illeso;0;;Non utilizzato;Esploso
6072664;3;31/07/2022 02:10:00;Strada Urbana;VIALE IPPOCRATE;all'intersezione semaforizzata con;VIA ALFONSO BORELLI;VIA ALFONSO BORELLI;;;Scontro frontale/laterale DX fra veicoli in marcia;Incrocio;Due carreggiate;Asciutto;Asfaltata;Verticale ed orizzontale;Sereno;Scarso;Sufficiente;;1;0;0;3;12.5192;41.9081;-1;2;Autovettura privata;In marcia / fermata / arresto;Passeggero;M;Rimandato;0;NON DECEDUTO;Non accertato;Inesploso
6072694;17;29/07/2022 09:20:00;Strada Urbana;VIA TOMMASO GULLI;all'intersezione con;VIA CARLO ALBERTO RACCHIA;VIA CARLO ALBERTO RACCHIA;;;Scontro frontale/laterale DX fra veicoli in marcia;Incrocio;Una carreggiata a senso unico di marcia;Asciutto;Asfaltata;Verticale ed orizzontale;Sereno;Normale;Buona;;0;0;0;2;12.4576;41.915;-1;1;Autovettura privata;In marcia / fermata / arresto;Conducente;M;Illeso;0;;Non accertato;
6072694;17;29/07/2022 09:20:00;Strada Urbana;VIA TOMMASO GULLI;all'intersezione con;VIA CARLO ALBERTO RACCHIA;VIA CARLO ALBERTO RACCHIA;;;Scontro frontale/laterale DX fra veicoli in marcia;Incrocio;Una carreggiata a senso unico di marcia;Asciutto;Asfaltata;Verticale ed orizzontale;Sereno;Normale;Buona;;0;0;0;2;12.4576;41.915;-1;2;Motociclo a solo;Sosta;;;;;;;
6072694;17;29/07/2022 09:20:00;Strada Urbana;VIA TOMMASO GULLI;all'intersezione con;VIA CARLO ALBERTO RACCHIA;VIA CARLO ALBERTO RACCHIA;;;Scontro frontale/laterale DX fra veicoli in marcia;Incrocio;Una carreggiata a senso unico di marcia;Asciutto;Asfaltata;Verticale ed orizzontale;Sereno;Normale;Buona;;0;0;0;2;12.4576;41.915;-1;3;Autovettura pubblica;In marcia / fermata / arresto;Conducente;M;Illeso;0;;;
6072697;3;30/07/2022 20:00:00;Strada Urbana;VIALE DELLE PROVINCIE;da specificare;;;;fronte civico 143;Veicolo in marcia contro ostacolo fisso;Rettilineo;Due carreggiate;Asciutto;Asfaltata;Assente;Sereno;Scarso;Sufficiente;;0;0;0;1;12.5212;41.9096;-1;1;Autovettura privata;In marcia / fermata / arresto;Conducente;F;Illeso;0;;Non accertato;Inesploso
6072708;3;30/07/2022 12:00:00;Strada Urbana;VIALE DELLO SCALO S. LORENZO;all'intersezione con;VIA DEGLI AUSONI;VIA DEGLI AUSONI;;;Scontro frontale/laterale DX fra veicoli in marcia;Intersezione non regolata/non segnalata;Pi� di due carreggiate;Asciutto;Asfaltata;Assente;Sereno;Scarso;Buona;;0;0;0;2;12.5188;41.8965;-1;1;Autovettura privata;In marcia / fermata / arresto;Conducente;M;Illeso;0;;Non accertato;Inesploso
6072708;3;30/07/2022 12:00:00;Strada Urbana;VIALE DELLO SCALO S. LORENZO;all'intersezione con;VIA DEGLI AUSONI;VIA DEGLI AUSONI;;;Scontro frontale/laterale DX fra veicoli in marcia;Intersezione non regolata/non segnalata;Pi� di due carreggiate;Asciutto;Asfaltata;Assente;Sereno;Scarso;Buona;;0;0;0;2;12.5188;41.8965;-1;2;Autovettura privata;In marcia / fermata / arresto;Conducente;M;Illeso;0;;Non accertato;
6072775;17;30/07/2022 07:05:00;Strada Urbana;VIALE VATICANO;in prossimit�;;del civico n.;62;;Scontro laterale fra veicoli in marcia;Curva a visuale libera;Una carreggiata a doppio senso;Bagnato (pioggia);Asfaltata;Verticale ed orizzontale;Nuvoloso;Scarso;Buona;;1;0;0;0;12.4485;41.9049;0;1;Motociclo a solo;In marcia / fermata / arresto;Conducente;M;Rimandato;0;NON DECEDUTO;;
6072910;17;30/07/2022 23:30:00;Strada Urbana;LUNGOTEVERE ARNALDO DA BRESCIA;all'intersezione con;VIA FERDINANDO DI SAVOIA;VIA FERDINANDO DI SAVOIA;;;Scontro laterale fra veicoli in marcia;Incrocio;Una carreggiata a senso unico di marcia;Asciutto;Asfaltata;Verticale ed orizzontale;Sereno;Normale;Buona;;0;0;0;2;12.4726;41.9123;0;1;Autovettura privata;In marcia / fermata / arresto;Conducente;M;Illeso;0;;;
6072910;17;30/07/2022 23:30:00;Strada Urbana;LUNGOTEVERE ARNALDO DA BRESCIA;all'intersezione con;VIA FERDINANDO DI SAVOIA;VIA FERDINANDO DI SAVOIA;;;Scontro laterale fra veicoli in marcia;Incrocio;Una carreggiata a senso unico di marcia;Asciutto;Asfaltata;Verticale ed orizzontale;Sereno;Normale;Buona;;0;0;0;2;12.4726;41.9123;0;2;Autovettura privata;In marcia / fermata / arresto;Conducente;M;Illeso;0;;;
6073104;6;15/07/2022 09:00:00;Provinciale entro l'abitato;VIA PRENESTINA;in corrispondenza;;del civico n.;85;;Tamponamento;Rettilineo;Pi� di due carreggiate;Asciutto;Asfaltata;Verticale ed orizzontale;Sereno;Normale;Buona;;1;0;0;1;12.5314;41.8921;-1;1;Motociclo a solo;In marcia / fermata / arresto;Conducente;M;Rimandato;0;NON DECEDUTO;Non accertato;
6073104;6;15/07/2022 09:00:00;Provinciale entro l'abitato;VIA PRENESTINA;in corrispondenza;;del civico n.;85;;Tamponamento;Rettilineo;Pi� di due carreggiate;Asciutto;Asfaltata;Verticale ed orizzontale;Sereno;Normale;Buona;;1;0;0;1;12.5314;41.8921;-1;2;Autovettura privata;In marcia / fermata / arresto;Conducente;M;Illeso;0;;;
6073250;18;25/07/2022 09:30:00;Strada Urbana;VIA DI PORTA FABBRICA;in corrispondenza;;del civico n.;15;;Veicolo in marcia contro veicolo in sosta;Rettilineo;Una carreggiata a senso unico di marcia;Asciutto;Asfaltata;Assente;Sereno;Intenso;Sufficiente;;0;0;0;1;12.4541;41.8991;-1;1;Autovettura privata;In marcia / fermata / arresto;Conducente;M;Illeso;0;;;
6073250;18;25/07/2022 09:30:00;Strada Urbana;VIA DI PORTA FABBRICA;in corrispondenza;;del civico n.;15;;Veicolo in marcia contro veicolo in sosta;Rettilineo;Una carreggiata a senso unico di marcia;Asciutto;Asfaltata;Assente;Sereno;Intenso;Sufficiente;;0;0;0;1;12.4541;41.8991;-1;2;Autovettura privata;Sosta;;;;;;;
6074441;17;31/07/2022 16:50:00;Strada Urbana;VIA CANDIA;in corrispondenza;;del civico n.;136;;Scontro laterale fra veicoli in marcia;Rettilineo;Una carreggiata a senso unico di marcia;Asciutto;Asfaltata;Verticale ed orizzontale;Sereno;Scarso;Buona;;0;0;0;2;12.45;41.9075;-1;1;Autovettura pubblica;In marcia / fermata / arresto;Conducente;M;Illeso;0;;;
6074441;17;31/07/2022 16:50:00;Strada Urbana;VIA CANDIA;in corrispondenza;;del civico n.;136;;Scontro laterale fra veicoli in marcia;Rettilineo;Una carreggiata a senso unico di marcia;Asciutto;Asfaltata;Verticale ed orizzontale;Sereno;Scarso;Buona;;0;0;0;2;12.45;41.9075;-1;2;Motociclo a solo;In marcia / fermata / arresto;Conducente;M;Illeso;0;;;
6074462;17;31/07/2022 10:00:00;Strada Urbana;VIA SEBASTIANO VENIERO;all'intersezione con;VIA LEONE IV;VIA LEONE IV;;;Scontro frontale/laterale DX fra veicoli in marcia;Incrocio;Una carreggiata a doppio senso;Asciutto;Asfaltata;Verticale ed orizzontale;Sereno;Scarso;Buona;;1;0;0;1;12.4542;41.9076;0;1;Autovettura privata;In marcia / fermata / arresto;Conducente;M;Illeso;0;;;
6074462;17;31/07/2022 10:00:00;Strada Urbana;VIA SEBASTIANO VENIERO;all'intersezione con;VIA LEONE IV;VIA LEONE IV;;;Scontro frontale/laterale DX fra veicoli in marcia;Incrocio;Una carreggiata a doppio senso;Asciutto;Asfaltata;Verticale ed orizzontale;Sereno;Scarso;Buona;;1;0;0;1;12.4542;41.9076;0;2;Velocipede;In marcia / fermata / arresto;Conducente;M;Rimandato;0;NON DECEDUTO;Esente;
6075101;19;28/07/2022 20:30:00;Strada Urbana;VIA DEL MONTE DELLA CAPANNA;da specificare;;;;s.n.c. circa 100m. da via del Quartaccio;Infortunio per caduta del veicolo;Curva a visuale libera;Una carreggiata a doppio senso;Asciutto;Asfaltata;Assente;Sereno;Normale;Insufficiente;;1;0;0;0;12.3941;41.9198;-1;1;Motociclo a solo;In marcia / fermata / arresto;Conducente;M;Rimandato;0;NON DECEDUTO;;
6076731;26;29/07/2022 16:10:00;Strada Urbana;VIA DI VILLA CAFFARELLI;in corrispondenza;;del palo luce n.;6;;Veicolo in marcia contro ostacolo fisso;Rettilineo;Una carreggiata a senso unico di marcia;Asciutto;In cubetti di porfido;Verticale ed orizzontale;Sereno;Scarso;Buona;;0;0;0;1;12.4814;41.8926;-1;1;Autocarro inferiore 35 q.;In marcia / fermata / arresto;Conducente;M;Illeso;0;;;
6078408;26;30/07/2022 12:45:00;Strada Urbana;VIA DEL CAMPIDOGLIO;in corrispondenza;;del civico n.;6;;Veicolo in marcia contro ostacolo fisso;Rettilineo;Una carreggiata a doppio senso;Asciutto;In cubetti di porfido;Verticale ed orizzontale;Sereno;Scarso;Sufficiente;;0;0;0;1;12.4832;41.8927;-1;1;Autocarro inferiore 35 q.;In marcia / fermata / arresto;Conducente;M;Illeso;0;;;
6087096;1;31/07/2022;Strada Urbana;VIA DEI FORI IMPERIALI;da specificare;;;;pross. via del tempio della pace;Veicolo in marcia contro ostacolo accidentale;Rettilineo;Una carreggiata a doppio senso;Asciutto;Acciotolata;Assente;Sereno;Scarso;Buona;;1;0;0;0;;;0;1;Monopattino elettrico;In marcia / fermata / arresto;Conducente;F;Rifiuta cure immediate;0;NON DECEDUTO;;
6088744;3;25/07/2022 18:50:00;Strada Urbana;CIRCONVALLAZIONE TIBURTINA;da specificare;;;;prossissit� palo Acea 48;Veicolo in marcia contro ostacolo fisso;Rettilineo;Una carreggiata a senso unico di marcia;Asciutto;Asfaltata;Verticale ed orizzontale;Sereno;Normale;Buona;;0;0;0;3;12.5258;41.898;-1;1;Autovettura privata;In marcia / fermata / arresto;Conducente;M;Illeso;0;;Non accertato;Inesploso
6088744;3;25/07/2022 18:50:00;Strada Urbana;CIRCONVALLAZIONE TIBURTINA;da specificare;;;;prossissit� palo Acea 48;Veicolo in marcia contro ostacolo fisso;Rettilineo;Una carreggiata a senso unico di marcia;Asciutto;Asfaltata;Verticale ed orizzontale;Sereno;Normale;Buona;;0;0;0;3;12.5258;41.898;-1;1;Autovettura privata;In marcia / fermata / arresto;Passeggero;M;Illeso;0;;Non accertato;Inesploso
6088744;3;25/07/2022 18:50:00;Strada Urbana;CIRCONVALLAZIONE TIBURTINA;da specificare;;;;prossissit� palo Acea 48;Veicolo in marcia contro ostacolo fisso;Rettilineo;Una carreggiata a senso unico di marcia;Asciutto;Asfaltata;Verticale ed orizzontale;Sereno;Normale;Buona;;0;0;0;3;12.5258;41.898;-1;2;Autovettura privata;In marcia / fermata / arresto;Conducente;M;Illeso;0;;Non accertato;Inesploso
6098887;23;18/07/2022 00:30:00;Strada Urbana;PIAZZA VENEZIA;all'intersezione con;VIA DEL CORSO;VIA DEL CORSO;;;Scontro frontale/laterale DX fra veicoli in marcia;Rotatoria;Una carreggiata a senso unico di marcia;Asciutto;Asfaltata;Verticale ed orizzontale;Sereno;Scarso;Buona;;0;0;0;3;12.4826;41.8958;-1;1;Autovettura privata;In marcia / fermata / arresto;Conducente;M;Illeso;0;;Non accertato;Inesploso
6098887;23;18/07/2022 00:30:00;Strada Urbana;PIAZZA VENEZIA;all'intersezione con;VIA DEL CORSO;VIA DEL CORSO;;;Scontro frontale/laterale DX fra veicoli in marcia;Rotatoria;Una carreggiata a senso unico di marcia;Asciutto;Asfaltata;Verticale ed orizzontale;Sereno;Scarso;Buona;;0;0;0;3;12.4826;41.8958;-1;1;Autovettura privata;In marcia / fermata / arresto;Passeggero;F;Illeso;0;;Non accertato;Inesploso
6098887;23;18/07/2022 00:30:00;Strada Urbana;PIAZZA VENEZIA;all'intersezione con;VIA DEL CORSO;VIA DEL CORSO;;;Scontro frontale/laterale DX fra veicoli in marcia;Rotatoria;Una carreggiata a senso unico di marcia;Asciutto;Asfaltata;Verticale ed orizzontale;Sereno;Scarso;Buona;;0;0;0;3;12.4826;41.8958;-1;2;Autovettura privata;In marcia / fermata / arresto;Conducente;M;Illeso;0;;Non accertato;Inesploso